record_id,document_type,registration_year,stated_area_acres,gis_calculated_area_acres,area_variance_pct,boundary_overlap_ratio,owner_name_similarity,temporal_date_gap_days,subdivision_depth,ocr_confidence,stamp_duty_ratio,encumbrance_status,prior_dispute_flag,mutation_status,target_fraud_risk
KAG-LR-100000,PATTA,1988,0.48,0.45,6.35,0.191,0.375,2227,1,63.2,0.52,ACTIVE_MORTGAGE,0,PENDING,1
KAG-LR-100001,PATTA,2011,2.35,2.42,1.35,0.004,0.978,32,1,95.8,0.99,NIL,0,APPROVED,0
KAG-LR-100002,SALE_DEED,2024,10.38,9.85,1.53,0.035,0.944,53,2,96.7,0.99,NIL,0,APPROVED,0
KAG-LR-100003,SALE_DEED,1991,3.34,3.48,2.43,0.01,0.98,37,2,92.8,1.06,NIL,0,APPROVED,0
KAG-LR-100004,SALE_DEED,1992,3.86,4.03,4.29,0.013,0.978,26,4,91.5,1.02,NIL,0,APPROVED,0
KAG-LR-100005,SALE_DEED,2013,3.94,4.03,1.03,0.01,0.963,37,1,98.7,1.06,NIL,0,APPROVED,0
KAG-LR-100006,SETTLEMENT,1998,2.21,2.3,1.76,0.003,0.967,44,2,88.1,0.94,ACTIVE_MORTGAGE,0,APPROVED,0
KAG-LR-100007,SALE_DEED,2012,1.13,1.09,2.97,0.003,0.951,32,4,95.6,1.07,NIL,0,PENDING,0
KAG-LR-100008,SALE_DEED,2012,1.4,1.36,1.39,0.029,0.963,48,1,91.9,1.16,NIL,0,APPROVED,0
KAG-LR-100009,GIFT_DEED,1999,7.69,7.74,6.5,0.007,0.975,13,3,86.5,1.04,NIL,0,APPROVED,0
KAG-LR-100010,PATTA,1988,1.19,1.23,2.23,0.008,0.979,34,4,93.7,0.95,NIL,0,APPROVED,0
KAG-LR-100011,SETTLEMENT,2024,1.64,2.06,25.61,0.51,0.653,-625,1,65.8,0.29,NIL,1,REJECTED,1
KAG-LR-100012,PATTA,2012,2.69,2.7,6.45,0.009,0.99,35,1,95.8,1.04,NIL,0,APPROVED,0
KAG-LR-100013,SALE_DEED,2009,2.63,2.48,1.15,0.007,0.955,9,1,94.1,0.96,NIL,0,APPROVED,0
KAG-LR-100014,POWER_OF_ATTORNEY,1985,4.28,4.32,2.28,0.007,0.952,34,4,97.3,1.07,NIL,0,APPROVED,0
KAG-LR-100015,PATTA,1983,9.85,10.75,9.12,0.304,0.454,71,1,76.5,0.62,COURT_STAY,1,REJECTED,1
KAG-LR-100016,PATTA,1966,6.97,6.58,5.56,0.392,0.738,893,1,67.1,0.38,ACTIVE_MORTGAGE,1,REJECTED,1
KAG-LR-100017,PATTA,1989,2.25,2.42,7.54,0.129,0.697,-588,3,84.2,0.27,NIL,1,REJECTED,1
KAG-LR-100018,PATTA,1992,2.93,2.77,1.34,0.003,0.996,44,1,92.5,1.04,NIL,0,APPROVED,0
KAG-LR-100019,SETTLEMENT,2011,2.26,2.39,2.44,0.015,0.935,31,1,93.2,0.98,NIL,1,APPROVED,0
KAG-LR-100020,PATTA,1998,3.64,3.78,4.09,0.028,0.975,62,2,95.4,1.07,NIL,0,APPROVED,0
KAG-LR-100021,PATTA,2021,4.19,4.25,3.72,0.016,0.949,30,2,94.6,0.92,NIL,0,APPROVED,0
KAG-LR-100022,POWER_OF_ATTORNEY,1993,2.23,2.32,2.26,0.003,0.957,23,5,88.1,0.93,NIL,0,APPROVED,0
KAG-LR-100023,POWER_OF_ATTORNEY,1999,0.56,0.56,1.09,0.008,0.998,49,1,89.0,1.18,NIL,0,APPROVED,0
KAG-LR-100024,PATTA,1990,1.01,0.93,7.69,0.071,0.527,-39,2,79.5,0.38,ACTIVE_MORTGAGE,0,REJECTED,1
KAG-LR-100025,PATTA,1967,5.84,5.57,2.53,0.004,0.941,32,2,96.0,1.06,NIL,0,APPROVED,0
KAG-LR-100026,PATTA,1975,2.91,2.86,1.7,0.005,0.993,35,4,92.7,0.94,NIL,0,APPROVED,0
KAG-LR-100027,GIFT_DEED,1999,0.99,1.03,3.61,0.001,0.946,41,1,97.1,1.05,NIL,0,APPROVED,0
KAG-LR-100028,PATTA,2019,7.2,7.24,0.56,0.005,0.94,55,2,99.5,1.0,NIL,1,APPROVED,0
KAG-LR-100029,SALE_DEED,2018,4.52,4.32,1.52,0.004,0.955,49,3,98.4,0.9,NIL,0,PENDING,0
KAG-LR-100030,SALE_DEED,1989,2.41,1.93,20.04,0.401,0.603,1610,1,77.9,0.43,NIL,0,PENDING,1
KAG-LR-100031,SALE_DEED,2016,0.66,0.65,5.63,0.011,0.981,12,2,82.2,1.0,ACTIVE_MORTGAGE,0,APPROVED,0
KAG-LR-100032,PATTA,2025,0.57,0.56,1.25,0.004,0.93,55,1,91.4,1.06,NIL,0,APPROVED,0
KAG-LR-100033,PATTA,1974,4.5,4.24,2.74,0.001,0.974,31,1,93.4,0.99,NIL,0,APPROVED,0
KAG-LR-100034,SETTLEMENT,2001,1.82,1.73,1.6,0.008,0.966,63,1,96.8,0.91,ACTIVE_MORTGAGE,0,APPROVED,0
KAG-LR-100035,PATTA,2008,11.31,11.85,4.84,0.013,0.897,44,1,87.8,1.01,NIL,0,PENDING,0
KAG-LR-100036,SETTLEMENT,2006,0.99,1.02,1.09,0.002,0.905,64,1,91.0,1.02,NIL,0,APPROVED,0
KAG-LR-100037,SALE_DEED,2018,3.13,3.22,3.59,0.002,0.968,12,2,86.2,1.06,NIL,0,APPROVED,0
KAG-LR-100038,PATTA,2001,5.43,5.17,6.5,0.003,0.953,60,1,95.8,1.0,ACTIVE_MORTGAGE,0,APPROVED,0
KAG-LR-100039,GIFT_DEED,1986,2.73,2.66,1.15,0.021,0.972,44,4,96.8,0.97,NIL,0,APPROVED,0
KAG-LR-100040,PATTA,1993,2.63,2.61,3.51,0.017,0.999,24,2,88.3,1.0,NIL,0,APPROVED,0
KAG-LR-100041,PATTA,2020,2.19,2.07,1.13,0.0,0.981,28,1,89.7,1.0,NIL,0,REJECTED,0
KAG-LR-100042,PATTA,1990,0.88,0.91,6.5,0.008,0.911,40,1,85.7,1.19,COURT_STAY,0,APPROVED,0
KAG-LR-100043,SALE_DEED,2023,1.79,1.87,5.83,0.013,0.926,13,1,90.1,0.95,NIL,0,APPROVED,0
KAG-LR-100044,SETTLEMENT,1998,1.58,1.13,28.48,0.2,0.611,36,2,84.0,0.76,ACTIVE_MORTGAGE,1,APPROVED,1
KAG-LR-100045,SALE_DEED,1976,4.54,4.8,1.64,0.008,0.995,35,1,91.4,0.99,NIL,0,APPROVED,0
KAG-LR-100046,PATTA,1965,2.92,3.09,1.45,0.009,0.944,74,1,91.2,1.07,NIL,0,APPROVED,0
KAG-LR-100047,SALE_DEED,1975,5.54,5.64,1.22,0.003,0.978,20,1,92.0,1.02,NIL,0,APPROVED,0
KAG-LR-100048,POWER_OF_ATTORNEY,1979,4.8,4.15,13.57,0.184,0.487,-210,2,84.5,0.48,COURT_STAY,0,PENDING,1
KAG-LR-100049,SALE_DEED,2024,4.54,4.32,0.85,0.002,0.97,15,3,92.1,1.0,NIL,0,APPROVED,0
KAG-LR-100050,PATTA,2010,2.81,2.87,3.6,0.024,0.956,60,2,95.2,1.13,NIL,0,APPROVED,0
KAG-LR-100051,SALE_DEED,2015,2.26,2.17,6.5,0.012,0.968,15,1,95.3,0.98,ACTIVE_MORTGAGE,0,APPROVED,0
KAG-LR-100052,PATTA,1996,6.35,6.43,0.71,0.007,0.978,13,2,91.0,1.04,NIL,0,APPROVED,0
KAG-LR-100053,PATTA,2018,2.02,1.99,2.0,0.007,0.989,14,3,97.6,0.91,NIL,0,APPROVED,0
KAG-LR-100054,SALE_DEED,2018,3.98,4.06,1.21,0.005,0.973,61,1,91.7,0.97,NIL,0,PENDING,0
KAG-LR-100055,PATTA,1988,13.24,12.62,4.71,0.373,0.487,37,2,75.9,0.49,DISPUTED,0,REJECTED,1
KAG-LR-100056,SALE_DEED,2004,6.4,6.72,1.45,0.007,0.962,52,3,94.4,0.93,NIL,0,REJECTED,0
KAG-LR-100057,SALE_DEED,1968,4.65,4.82,4.47,0.005,0.966,16,2,87.2,0.95,NIL,0,APPROVED,0
KAG-LR-100058,SALE_DEED,1990,1.73,1.8,5.14,0.001,0.994,34,4,99.5,1.02,NIL,0,APPROVED,0
KAG-LR-100059,PATTA,1977,0.96,0.93,0.99,0.003,0.988,67,1,96.1,0.94,NIL,0,APPROVED,0
KAG-LR-100060,PATTA,1968,10.18,10.21,4.01,0.001,0.968,94,1,88.8,1.03,NIL,0,APPROVED,0
KAG-LR-100061,POWER_OF_ATTORNEY,1989,3.64,3.68,2.69,0.001,0.967,31,1,92.4,0.91,NIL,0,APPROVED,0
KAG-LR-100062,PATTA,2013,4.09,4.14,2.08,0.003,0.98,49,1,86.3,0.92,NIL,0,APPROVED,0
KAG-LR-100063,PATTA,1967,3.0,3.06,1.35,0.041,0.929,32,2,90.3,1.03,NIL,0,APPROVED,0
KAG-LR-100064,SETTLEMENT,2009,8.16,8.39,6.5,0.012,0.989,36,1,94.2,1.06,NIL,0,APPROVED,0
KAG-LR-100065,PATTA,1965,1.12,1.13,1.74,0.006,0.948,32,1,92.6,1.03,NIL,0,APPROVED,0
KAG-LR-100066,SETTLEMENT,2018,0.73,0.76,2.16,0.014,0.991,37,1,92.6,1.0,NIL,0,APPROVED,0
KAG-LR-100067,PATTA,1969,1.77,1.88,1.41,0.0,0.974,36,3,90.5,1.01,NIL,0,APPROVED,0
KAG-LR-100068,POWER_OF_ATTORNEY,2025,2.09,2.37,13.45,0.321,0.659,2292,1,77.5,0.27,ACTIVE_MORTGAGE,0,PENDING,1
KAG-LR-100069,POWER_OF_ATTORNEY,1982,1.14,1.13,1.6,0.012,0.931,44,2,91.0,0.99,NIL,0,PENDING,0
KAG-LR-100070,SALE_DEED,2001,2.45,2.33,4.97,0.398,0.713,1464,1,79.5,0.47,NIL,1,REJECTED,1
KAG-LR-100071,PATTA,1968,1.18,1.12,2.91,0.028,0.935,68,3,95.0,0.95,NIL,0,APPROVED,0
KAG-LR-100072,POWER_OF_ATTORNEY,1985,1.13,0.99,12.72,0.116,0.484,-429,2,60.6,0.35,NIL,0,REJECTED,1
KAG-LR-100073,PATTA,1979,10.37,10.42,4.8,0.007,0.939,37,2,96.6,0.99,NIL,0,APPROVED,0
KAG-LR-100074,SALE_DEED,2003,4.26,4.28,2.95,0.006,0.967,48,2,96.2,1.04,NIL,0,APPROVED,0
KAG-LR-100075,PATTA,2018,3.56,3.5,0.97,0.013,0.985,107,2,99.2,1.12,NIL,0,APPROVED,0
KAG-LR-100076,PATTA,2009,0.48,0.5,6.5,0.006,0.968,22,3,92.3,1.05,NIL,0,APPROVED,0
KAG-LR-100077,SALE_DEED,1969,9.31,8.78,1.47,0.0,0.955,23,1,86.6,0.98,NIL,0,APPROVED,0
KAG-LR-100078,PATTA,1970,4.22,4.17,0.79,0.02,0.987,17,1,88.7,0.88,ACTIVE_MORTGAGE,0,APPROVED,0
KAG-LR-100079,SETTLEMENT,1979,0.57,0.57,3.63,0.022,0.982,15,1,95.3,1.03,NIL,0,APPROVED,0
KAG-LR-100080,SALE_DEED,1998,0.67,0.67,2.77,0.008,0.967,57,2,92.2,0.99,ACTIVE_MORTGAGE,0,APPROVED,0
KAG-LR-100081,SETTLEMENT,1996,2.36,2.43,0.92,0.006,0.978,26,1,86.7,1.0,ACTIVE_MORTGAGE,0,APPROVED,0
KAG-LR-100082,SETTLEMENT,2020,10.31,10.63,0.8,0.003,0.992,41,1,99.5,0.89,NIL,0,APPROVED,0
KAG-LR-100083,SALE_DEED,2001,5.45,6.32,15.96,0.109,0.698,54,2,77.1,0.36,ACTIVE_MORTGAGE,1,PENDING,1
KAG-LR-100084,POWER_OF_ATTORNEY,1973,3.46,3.39,2.62,0.002,0.966,24,1,89.3,1.05,NIL,0,APPROVED,0
KAG-LR-100085,PATTA,1992,3.78,4.0,1.38,0.001,0.949,24,2,98.8,0.97,ACTIVE_MORTGAGE,0,APPROVED,0
KAG-LR-100086,PATTA,2017,1.07,1.02,2.42,0.004,0.957,34,2,94.3,0.94,ACTIVE_MORTGAGE,0,APPROVED,0
KAG-LR-100087,PATTA,1989,2.2,2.08,5.43,0.378,0.628,-155,3,62.9,0.6,NIL,0,PENDING,1
KAG-LR-100088,PATTA,1972,9.66,9.58,1.67,0.012,0.973,59,2,99.5,1.0,NIL,0,APPROVED,0
KAG-LR-100089,SALE_DEED,1970,3.32,3.36,0.16,0.019,0.996,7,4,87.2,1.06,ACTIVE_MORTGAGE,0,APPROVED,0
KAG-LR-100090,PATTA,2018,1.82,1.63,10.57,0.115,0.671,2354,4,73.6,0.47,ACTIVE_MORTGAGE,1,REJECTED,1
KAG-LR-100091,SETTLEMENT,1991,0.3,0.28,3.79,0.016,0.994,34,1,89.7,0.99,NIL,0,APPROVED,0
KAG-LR-100092,PATTA,2003,0.67,0.7,2.84,0.001,0.997,21,3,85.2,1.04,NIL,0,APPROVED,0
KAG-LR-100093,PATTA,2024,4.97,5.02,1.7,0.011,0.977,39,1,88.9,1.01,NIL,0,APPROVED,0
KAG-LR-100094,SETTLEMENT,2002,2.9,2.89,2.63,0.0,0.975,29,2,91.5,0.89,ACTIVE_MORTGAGE,0,PENDING,0
KAG-LR-100095,GIFT_DEED,2011,1.32,1.36,1.52,0.031,0.994,33,1,97.2,0.97,NIL,0,APPROVED,0
KAG-LR-100096,PATTA,2025,2.92,2.89,2.75,0.041,0.951,23,2,87.9,1.16,NIL,1,PENDING,0
KAG-LR-100097,SETTLEMENT,1981,0.7,0.74,1.41,0.024,0.966,25,2,99.5,0.93,NIL,0,APPROVED,0
KAG-LR-100098,SALE_DEED,2011,2.06,1.99,3.14,0.001,0.937,42,3,81.2,1.12,NIL,0,APPROVED,0
KAG-LR-100099,PATTA,2011,9.77,9.29,1.94,0.0,0.928,12,5,93.7,1.01,NIL,0,APPROVED,0
KAG-LR-100100,PATTA,1978,2.69,2.84,6.1,0.006,0.971,27,3,93.3,0.9,NIL,0,APPROVED,0
KAG-LR-100101,SALE_DEED,2005,1.07,1.06,0.47,0.011,0.95,38,1,99.5,1.05,NIL,0,APPROVED,0
KAG-LR-100102,POWER_OF_ATTORNEY,1976,4.13,4.19,0.96,0.0,0.925,25,2,93.6,0.95,NIL,0,APPROVED,0
KAG-LR-100103,POWER_OF_ATTORNEY,1976,1.72,1.73,0.41,0.021,0.983,38,2,90.7,0.95,NIL,0,PENDING,0
KAG-LR-100104,POWER_OF_ATTORNEY,2012,2.24,2.12,1.54,0.012,0.948,36,1,97.2,1.0,NIL,0,APPROVED,0
KAG-LR-100105,PATTA,1985,3.41,3.24,2.17,0.0,0.968,36,2,90.5,1.01,NIL,0,APPROVED,0
KAG-LR-100106,PATTA,1965,1.82,1.82,4.16,0.03,0.966,34,1,96.9,0.96,NIL,0,APPROVED,0
KAG-LR-100107,POWER_OF_ATTORNEY,1989,4.89,5.12,0.78,0.01,0.956,49,1,99.5,1.01,NIL,0,APPROVED,0
KAG-LR-100108,POWER_OF_ATTORNEY,2023,5.94,6.04,1.55,0.004,0.981,14,2,96.9,1.0,NIL,0,APPROVED,0
KAG-LR-100109,PATTA,1985,2.38,2.45,3.34,0.006,0.992,51,4,92.8,0.86,NIL,0,APPROVED,0
KAG-LR-100110,PATTA,1982,2.14,2.26,1.12,0.002,0.968,42,2,92.7,0.93,NIL,0,APPROVED,0
KAG-LR-100111,SALE_DEED,1974,0.34,0.35,1.82,0.0,0.952,18,3,89.7,1.21,NIL,0,APPROVED,0
KAG-LR-100112,SALE_DEED,1993,14.96,14.49,1.91,0.002,0.962,17,2,91.4,1.04,ACTIVE_MORTGAGE,0,APPROVED,0
KAG-LR-100113,PATTA,1971,7.04,7.31,2.19,0.018,0.944,24,3,93.3,0.92,ACTIVE_MORTGAGE,0,APPROVED,0
KAG-LR-100114,SALE_DEED,2017,2.17,2.07,1.26,0.012,0.966,20,1,88.9,1.04,NIL,0,APPROVED,0
KAG-LR-100115,PATTA,2023,1.69,1.74,1.45,0.006,0.989,10,5,93.5,0.9,NIL,0,APPROVED,0
KAG-LR-100116,SETTLEMENT,2015,4.0,4.09,6.5,0.01,0.978,24,1,95.7,0.97,NIL,1,APPROVED,0
KAG-LR-100117,SALE_DEED,1979,1.74,1.64,2.35,0.012,0.974,59,2,93.2,1.18,NIL,0,APPROVED,0
KAG-LR-100118,GIFT_DEED,1983,4.06,3.89,1.59,0.003,0.983,45,1,87.5,1.0,NIL,0,APPROVED,0
KAG-LR-100119,PATTA,2026,4.89,4.64,1.86,0.002,0.975,37,1,94.7,0.99,ACTIVE_MORTGAGE,0,APPROVED,0
KAG-LR-100120,PATTA,1971,2.5,2.43,1.24,0.003,0.971,22,1,91.9,1.09,NIL,0,PENDING,0
KAG-LR-100121,PATTA,1993,3.03,3.07,0.98,0.002,0.996,65,1,95.5,0.99,NIL,0,APPROVED,0
KAG-LR-100122,SALE_DEED,1991,2.37,2.49,1.34,0.005,0.995,75,2,98.5,1.05,NIL,0,APPROVED,0
KAG-LR-100123,PATTA,1967,2.14,2.11,2.75,0.003,0.964,37,1,83.0,0.98,NIL,0,APPROVED,0
KAG-LR-100124,SALE_DEED,2007,2.6,2.54,1.39,0.005,0.967,9,4,91.0,1.09,NIL,0,APPROVED,0
KAG-LR-100125,PATTA,1968,1.32,1.28,2.05,0.011,0.949,13,4,98.8,0.96,ACTIVE_MORTGAGE,0,APPROVED,0
KAG-LR-100126,PATTA,1994,2.16,2.21,2.21,0.002,0.98,26,2,96.9,1.06,NIL,0,APPROVED,0
KAG-LR-100127,PATTA,1992,2.5,2.43,0.81,0.003,0.935,41,1,94.5,1.09,NIL,0,APPROVED,0
KAG-LR-100128,PATTA,1981,12.1,11.67,2.35,0.006,0.984,19,1,88.6,1.05,NIL,0,APPROVED,0
KAG-LR-100129,PATTA,1978,5.0,4.99,4.1,0.0,0.994,13,2,92.7,1.01,DISPUTED,0,APPROVED,0
KAG-LR-100130,SALE_DEED,1968,3.98,4.08,3.59,0.0,0.993,43,2,95.7,1.08,NIL,0,APPROVED,0
KAG-LR-100131,PATTA,1992,0.95,0.96,0.81,0.005,0.979,57,1,99.5,0.96,NIL,0,APPROVED,0
KAG-LR-100132,SALE_DEED,2014,2.94,3.04,4.47,0.003,0.927,15,1,89.4,0.94,NIL,0,APPROVED,0
KAG-LR-100133,PATTA,1976,3.9,3.79,1.24,0.004,0.967,55,1,87.6,0.98,NIL,0,APPROVED,0
KAG-LR-100134,SALE_DEED,1991,10.56,10.95,1.94,0.016,0.98,58,5,90.6,1.06,NIL,0,APPROVED,0
KAG-LR-100135,SALE_DEED,1974,6.29,6.47,1.14,0.009,0.942,80,1,98.6,0.91,NIL,0,APPROVED,0
KAG-LR-100136,POWER_OF_ATTORNEY,1991,5.67,5.44,2.35,0.006,0.957,38,2,88.9,1.03,NIL,0,APPROVED,0
KAG-LR-100137,SETTLEMENT,1967,10.03,10.13,6.5,0.014,0.974,26,2,91.5,1.01,NIL,0,APPROVED,0
KAG-LR-100138,GIFT_DEED,1991,3.75,3.43,8.55,0.314,0.602,41,3,69.1,0.29,NIL,0,PENDING,1
KAG-LR-100139,PATTA,1994,1.37,1.35,4.12,0.003,0.94,67,1,90.2,1.06,NIL,0,APPROVED,0
KAG-LR-100140,SALE_DEED,1998,1.29,1.32,3.49,0.012,0.943,15,2,91.0,1.0,NIL,0,APPROVED,0
KAG-LR-100141,SETTLEMENT,1977,0.7,0.87,24.94,0.197,0.632,1625,4,55.7,0.37,NIL,1,PENDING,1
KAG-LR-100142,PATTA,2013,0.57,0.6,2.28,0.0,0.996,44,3,98.5,0.99,NIL,0,APPROVED,0
KAG-LR-100143,POWER_OF_ATTORNEY,2023,3.12,3.11,5.54,0.011,0.975,64,1,93.6,0.87,NIL,0,APPROVED,0
KAG-LR-100144,PATTA,1965,5.78,5.67,3.2,0.005,0.969,49,3,99.2,1.01,NIL,0,APPROVED,0
KAG-LR-100145,PATTA,2013,0.57,0.6,0.99,0.009,0.935,12,1,94.3,1.03,NIL,0,PENDING,0
KAG-LR-100146,PATTA,2023,0.55,0.55,1.67,0.034,0.951,47,3,89.1,0.96,ACTIVE_MORTGAGE,0,APPROVED,0
KAG-LR-100147,PATTA,1967,1.35,1.3,0.22,0.009,0.956,27,3,97.5,0.93,NIL,0,APPROVED,0
KAG-LR-100148,SALE_DEED,2002,2.57,2.64,6.28,0.008,0.894,17,2,93.8,1.11,NIL,0,PENDING,0
KAG-LR-100149,PATTA,2023,1.65,1.67,0.68,0.011,0.949,87,5,86.0,1.03,ACTIVE_MORTGAGE,0,REJECTED,0
KAG-LR-100150,SALE_DEED,2004,2.14,2.19,2.0,0.018,0.964,15,5,93.8,1.04,NIL,0,APPROVED,0
KAG-LR-100151,PATTA,1969,0.35,0.33,3.15,0.005,0.967,17,4,91.6,1.01,NIL,0,APPROVED,0
KAG-LR-100152,SALE_DEED,2012,1.85,1.94,1.48,0.026,0.987,18,1,90.2,0.97,ACTIVE_MORTGAGE,0,APPROVED,0
KAG-LR-100153,PATTA,1966,1.43,1.45,6.5,0.008,0.968,71,4,96.1,1.03,NIL,0,APPROVED,0
KAG-LR-100154,PATTA,2004,5.88,5.68,2.0,0.017,0.976,15,2,90.0,1.02,NIL,0,APPROVED,0
KAG-LR-100155,PATTA,1973,1.39,1.36,2.36,0.006,0.964,38,1,94.0,0.95,NIL,0,APPROVED,0
KAG-LR-100156,POWER_OF_ATTORNEY,2018,1.93,2.01,1.2,0.011,0.981,54,1,96.8,0.88,NIL,0,APPROVED,0
KAG-LR-100157,PATTA,2007,1.89,2.03,7.55,0.239,0.43,-551,3,70.3,0.62,ACTIVE_MORTGAGE,0,APPROVED,1
KAG-LR-100158,PATTA,1996,1.87,1.97,5.2,0.349,0.632,99,2,56.7,0.67,NIL,1,APPROVED,1
KAG-LR-100159,GIFT_DEED,1973,0.39,0.16,58.0,0.37,0.617,2067,1,74.6,0.69,ACTIVE_MORTGAGE,1,APPROVED,1
KAG-LR-100160,POWER_OF_ATTORNEY,1990,0.63,0.6,1.65,0.001,0.986,25,1,92.4,1.02,NIL,0,APPROVED,0
KAG-LR-100161,PATTA,1996,17.64,17.57,5.85,0.0,0.976,65,2,84.2,1.06,DISPUTED,0,PENDING,0
KAG-LR-100162,PATTA,1978,3.06,3.19,4.29,0.038,0.998,49,3,86.8,1.03,NIL,0,PENDING,0
KAG-LR-100163,SALE_DEED,1987,7.29,6.94,1.13,0.014,0.957,49,2,95.9,0.92,NIL,0,APPROVED,0
KAG-LR-100164,SALE_DEED,2009,1.73,1.73,1.16,0.001,0.994,27,5,85.1,0.98,NIL,0,APPROVED,0
KAG-LR-100165,SALE_DEED,2008,3.6,3.76,3.57,0.006,0.943,23,2,86.0,0.98,NIL,1,APPROVED,0
KAG-LR-100166,PATTA,1976,0.63,0.61,0.31,0.022,0.992,12,2,88.6,1.01,ACTIVE_MORTGAGE,0,PENDING,0
KAG-LR-100167,SALE_DEED,1977,8.04,8.21,2.99,0.004,0.921,22,3,91.6,0.99,NIL,0,APPROVED,0
KAG-LR-100168,PATTA,2015,6.74,5.67,15.92,0.308,0.462,921,1,64.4,0.61,NIL,1,REJECTED,1
KAG-LR-100169,PATTA,2007,2.56,2.5,5.43,0.001,0.99,58,2,94.3,1.14,ACTIVE_MORTGAGE,0,APPROVED,0
KAG-LR-100170,POWER_OF_ATTORNEY,1997,3.65,3.58,4.05,0.017,0.912,12,1,92.1,0.98,NIL,0,PENDING,0
KAG-LR-100171,PATTA,1988,2.4,2.48,4.48,0.007,0.977,42,2,87.9,1.08,NIL,0,APPROVED,0
KAG-LR-100172,PATTA,2011,0.46,0.27,41.04,0.259,0.492,-404,3,97.0,0.69,COURT_STAY,1,PENDING,1
KAG-LR-100173,POWER_OF_ATTORNEY,2024,12.71,11.02,13.27,0.305,0.71,1259,1,85.3,0.26,COURT_STAY,0,REJECTED,1
KAG-LR-100174,SALE_DEED,1974,1.0,0.88,12.23,0.202,0.495,-498,2,72.6,0.57,NIL,0,REJECTED,1
KAG-LR-100175,PATTA,2001,0.9,0.84,6.31,0.497,0.583,264,2,94.8,0.41,DISPUTED,1,PENDING,1
KAG-LR-100176,PATTA,2008,1.44,1.41,2.85,0.012,0.932,44,1,96.3,0.93,NIL,0,APPROVED,0
KAG-LR-100177,SALE_DEED,2019,8.81,8.35,5.25,0.6,0.59,-8,2,74.6,0.73,ACTIVE_MORTGAGE,0,PENDING,1
KAG-LR-100178,SALE_DEED,1996,1.97,2.03,1.5,0.01,0.967,52,3,91.8,0.94,NIL,0,APPROVED,0
KAG-LR-100179,PATTA,2025,4.29,4.15,4.41,0.018,0.981,25,1,88.5,1.05,NIL,0,APPROVED,0
KAG-LR-100180,SETTLEMENT,2014,3.83,4.04,0.47,0.004,0.988,63,1,97.1,0.91,NIL,0,APPROVED,0
KAG-LR-100181,PATTA,2000,3.52,3.51,1.02,0.001,0.987,47,1,91.3,0.97,NIL,1,APPROVED,0
KAG-LR-100182,PATTA,1967,1.42,1.35,0.73,0.009,0.945,20,1,90.0,1.01,NIL,0,APPROVED,0
KAG-LR-100183,PATTA,2006,5.45,5.83,7.02,0.141,0.549,2053,2,60.9,0.44,DISPUTED,0,REJECTED,1
KAG-LR-100184,GIFT_DEED,1977,7.57,7.43,1.52,0.006,0.981,27,5,92.6,0.91,NIL,0,APPROVED,0
KAG-LR-100185,PATTA,1985,4.48,3.54,20.96,0.38,0.494,139,2,59.1,0.62,NIL,0,APPROVED,1
KAG-LR-100186,PATTA,2014,1.09,1.13,0.73,0.003,0.975,86,1,94.1,1.0,NIL,1,APPROVED,0
KAG-LR-100187,SALE_DEED,2023,1.57,2.22,41.46,0.158,0.573,1130,1,42.9,0.31,COURT_STAY,0,PENDING,1
KAG-LR-100188,SALE_DEED,2008,0.7,0.55,21.67,0.303,0.564,244,1,68.6,0.26,DISPUTED,1,PENDING,1
KAG-LR-100189,SALE_DEED,2014,3.92,4.03,2.61,0.008,0.992,23,1,92.6,0.98,NIL,0,PENDING,0
KAG-LR-100190,PATTA,1990,4.78,4.75,2.97,0.006,0.96,50,3,99.5,1.04,ACTIVE_MORTGAGE,0,APPROVED,0
KAG-LR-100191,GIFT_DEED,2015,3.52,3.46,2.91,0.014,0.994,61,2,88.6,0.93,NIL,0,APPROVED,0
KAG-LR-100192,SALE_DEED,1973,0.69,0.73,5.92,0.257,0.626,2328,1,74.2,0.72,NIL,0,PENDING,1
KAG-LR-100193,PATTA,1990,6.48,6.84,1.68,0.005,0.942,45,4,95.3,1.07,NIL,0,PENDING,0
KAG-LR-100194,PATTA,1974,0.46,0.46,1.9,0.008,0.993,44,1,91.1,1.0,NIL,0,APPROVED,0
KAG-LR-100195,GIFT_DEED,1978,2.6,2.9,11.6,0.05,0.623,-32,1,84.4,0.77,ACTIVE_MORTGAGE,0,PENDING,1
KAG-LR-100196,PATTA,2012,2.22,2.11,1.76,0.004,0.941,22,2,93.6,0.89,NIL,0,APPROVED,0
KAG-LR-100197,SALE_DEED,2019,0.94,0.9,1.23,0.003,0.966,66,1,87.0,1.02,NIL,0,APPROVED,0
KAG-LR-100198,SALE_DEED,2017,1.52,1.57,3.82,0.004,0.975,43,3,86.9,0.95,NIL,0,APPROVED,0
KAG-LR-100199,PATTA,2020,1.48,1.43,2.42,0.005,0.965,20,5,90.6,0.94,NIL,0,APPROVED,0
KAG-LR-100200,PATTA,1998,1.94,1.98,4.53,0.003,0.971,38,2,93.7,1.06,NIL,0,APPROVED,0
KAG-LR-100201,PATTA,1976,0.86,0.9,0.9,0.008,0.937,45,4,99.5,1.08,NIL,0,PENDING,0
KAG-LR-100202,PATTA,1969,6.66,6.51,3.02,0.015,0.983,73,1,91.5,0.94,NIL,0,PENDING,0
KAG-LR-100203,SETTLEMENT,2023,0.99,1.0,3.63,0.0,0.981,32,1,89.6,1.07,NIL,0,APPROVED,0
KAG-LR-100204,PATTA,2020,1.51,1.43,6.5,0.002,0.996,22,2,89.0,0.9,NIL,0,APPROVED,0
KAG-LR-100205,PATTA,1993,3.0,2.9,2.32,0.0,0.997,21,2,92.5,1.1,NIL,0,APPROVED,0
KAG-LR-100206,PATTA,1988,2.39,2.45,1.74,0.005,0.976,9,2,89.2,0.99,NIL,0,APPROVED,0
KAG-LR-100207,PATTA,1981,1.84,1.77,4.43,0.001,0.989,23,2,89.1,0.92,ACTIVE_MORTGAGE,0,APPROVED,0
KAG-LR-100208,PATTA,2021,4.77,5.29,10.92,0.428,0.566,2027,1,50.1,0.4,COURT_STAY,0,PENDING,1
KAG-LR-100209,PATTA,2002,2.04,2.13,0.42,0.005,0.993,21,1,95.4,1.01,NIL,0,APPROVED,0
KAG-LR-100210,PATTA,2018,6.36,6.11,2.19,0.03,0.938,79,2,94.7,1.08,NIL,0,APPROVED,0
KAG-LR-100211,SALE_DEED,1976,1.56,1.51,1.57,0.001,0.981,13,3,96.9,1.08,ACTIVE_MORTGAGE,0,APPROVED,0
KAG-LR-100212,PATTA,1973,2.91,2.82,6.5,0.003,0.964,51,1,89.4,0.99,NIL,0,APPROVED,0
KAG-LR-100213,PATTA,1994,2.06,1.94,3.75,0.015,0.966,30,2,90.1,0.91,NIL,0,APPROVED,0
KAG-LR-100214,SALE_DEED,1977,1.05,0.99,6.11,0.097,0.488,1686,2,69.2,0.39,ACTIVE_MORTGAGE,1,REJECTED,1
KAG-LR-100215,PATTA,2021,3.93,4.1,0.86,0.005,0.949,36,3,93.6,0.94,NIL,0,APPROVED,0
KAG-LR-100216,SALE_DEED,2017,4.14,4.82,16.49,0.295,0.658,74,2,63.6,0.66,DISPUTED,1,APPROVED,1
KAG-LR-100217,SALE_DEED,2003,2.56,2.56,1.49,0.003,0.984,27,3,99.5,1.02,NIL,0,APPROVED,0
KAG-LR-100218,PATTA,2011,2.07,2.1,2.39,0.014,0.953,59,1,94.3,0.99,NIL,0,APPROVED,0
KAG-LR-100219,SALE_DEED,1989,12.43,11.83,2.17,0.001,0.973,20,3,86.9,1.04,DISPUTED,0,APPROVED,0
KAG-LR-100220,SALE_DEED,1980,0.62,0.62,5.42,0.005,0.958,41,2,94.2,0.91,NIL,0,PENDING,0
KAG-LR-100221,PATTA,2012,1.56,1.6,3.46,0.016,0.991,32,2,88.7,0.89,COURT_STAY,1,APPROVED,0
KAG-LR-100222,POWER_OF_ATTORNEY,2005,3.81,3.97,1.32,0.026,0.97,60,1,96.4,1.03,NIL,0,APPROVED,0
KAG-LR-100223,PATTA,2011,2.9,3.55,22.38,0.455,0.484,-488,3,86.4,0.51,COURT_STAY,1,APPROVED,1
KAG-LR-100224,POWER_OF_ATTORNEY,1971,0.99,0.85,13.97,0.383,0.558,145,1,67.0,0.54,NIL,0,APPROVED,1
KAG-LR-100225,PATTA,1993,0.35,0.35,2.56,0.014,0.953,16,1,96.2,1.01,ACTIVE_MORTGAGE,0,APPROVED,0
KAG-LR-100226,POWER_OF_ATTORNEY,2009,0.88,0.92,2.72,0.003,0.975,16,1,88.3,1.06,NIL,0,PENDING,0
KAG-LR-100227,POWER_OF_ATTORNEY,2012,0.89,0.91,0.95,0.027,0.948,23,5,89.6,1.05,NIL,0,APPROVED,0
KAG-LR-100228,GIFT_DEED,1973,5.46,5.61,1.33,0.012,0.985,9,1,93.0,1.1,NIL,0,APPROVED,0
KAG-LR-100229,PATTA,1976,6.95,6.88,2.84,0.001,0.953,32,2,84.9,0.98,NIL,0,APPROVED,0
KAG-LR-100230,PATTA,2005,1.95,1.37,29.74,0.466,0.668,2496,1,88.8,0.51,NIL,1,PENDING,1
KAG-LR-100231,POWER_OF_ATTORNEY,2002,5.14,5.21,2.91,0.001,0.982,46,1,92.9,0.99,NIL,0,APPROVED,0
KAG-LR-100232,POWER_OF_ATTORNEY,1999,8.39,8.56,1.65,0.003,0.957,16,2,95.8,1.07,NIL,0,APPROVED,0
KAG-LR-100233,PATTA,2024,1.29,1.23,5.79,0.01,0.984,54,1,94.2,0.95,ACTIVE_MORTGAGE,0,APPROVED,0
KAG-LR-100234,SALE_DEED,1967,1.55,1.61,3.52,0.015,0.972,100,3,97.7,1.0,ACTIVE_MORTGAGE,0,APPROVED,0
KAG-LR-100235,SALE_DEED,1996,2.4,2.18,9.19,0.466,0.625,-34,1,72.5,0.75,NIL,1,REJECTED,1
KAG-LR-100236,PATTA,1989,0.3,0.32,5.64,0.389,0.514,175,1,58.1,0.48,NIL,1,REJECTED,1
KAG-LR-100237,SALE_DEED,1978,9.3,9.12,2.97,0.013,0.969,21,2,94.6,1.01,ACTIVE_MORTGAGE,0,APPROVED,0
KAG-LR-100238,PATTA,2013,2.08,2.09,1.64,0.004,0.976,26,1,86.6,1.04,NIL,0,APPROVED,0
KAG-LR-100239,PATTA,1978,6.04,5.99,1.65,0.002,0.97,10,2,93.9,0.94,NIL,0,APPROVED,0
KAG-LR-100240,SETTLEMENT,2003,6.31,6.15,1.03,0.004,0.987,32,2,95.7,0.99,NIL,0,APPROVED,0
KAG-LR-100241,PATTA,2018,2.45,2.5,6.5,0.002,0.922,29,2,99.5,0.92,NIL,0,APPROVED,0
KAG-LR-100242,POWER_OF_ATTORNEY,1976,0.33,0.33,0.99,0.002,0.931,43,1,94.8,0.95,NIL,0,PENDING,0
KAG-LR-100243,PATTA,2024,0.53,0.51,5.32,0.012,0.949,45,1,94.3,0.98,NIL,0,APPROVED,0
KAG-LR-100244,PATTA,2017,0.45,0.44,6.5,0.007,0.985,34,1,98.4,1.08,ACTIVE_MORTGAGE,0,PENDING,0
KAG-LR-100245,PATTA,2016,5.09,4.96,2.98,0.003,0.986,29,1,97.1,0.99,ACTIVE_MORTGAGE,0,APPROVED,0
KAG-LR-100246,SETTLEMENT,1972,10.08,9.71,2.19,0.014,0.965,52,1,92.2,1.06,DISPUTED,0,APPROVED,0
KAG-LR-100247,PATTA,1988,0.56,0.53,1.12,0.008,0.992,59,1,86.3,1.0,NIL,0,APPROVED,0
KAG-LR-100248,SALE_DEED,1977,3.99,4.38,9.84,0.542,0.646,2280,2,75.4,0.35,ACTIVE_MORTGAGE,0,APPROVED,1
KAG-LR-100249,PATTA,1997,12.04,0.93,92.31,0.279,0.686,2368,1,61.7,0.67,ACTIVE_MORTGAGE,1,APPROVED,1
KAG-LR-100250,SALE_DEED,2019,2.54,2.66,4.97,0.007,0.964,50,3,99.5,1.03,NIL,0,APPROVED,0
KAG-LR-100251,POWER_OF_ATTORNEY,2023,3.76,3.83,3.19,0.006,0.996,20,3,90.7,0.97,NIL,0,PENDING,0
KAG-LR-100252,POWER_OF_ATTORNEY,1998,0.74,0.78,1.47,0.012,0.975,53,1,89.0,1.01,NIL,0,APPROVED,0
KAG-LR-100253,SALE_DEED,2018,0.5,0.47,0.33,0.006,0.959,45,2,94.4,1.11,ACTIVE_MORTGAGE,0,APPROVED,0
KAG-LR-100254,SALE_DEED,2000,3.45,3.3,1.09,0.007,0.977,13,2,99.5,0.96,NIL,0,APPROVED,0
KAG-LR-100255,SETTLEMENT,1997,0.97,0.99,3.83,0.003,0.929,37,5,91.9,1.08,NIL,0,APPROVED,0
KAG-LR-100256,SALE_DEED,1971,4.29,4.5,4.56,0.021,0.973,27,1,99.5,0.95,NIL,0,PENDING,0
KAG-LR-100257,PATTA,1997,2.05,1.99,1.83,0.0,0.997,35,1,96.8,1.1,NIL,0,APPROVED,0
KAG-LR-100258,SALE_DEED,1981,0.86,0.84,3.84,0.004,0.971,34,1,90.5,1.0,NIL,0,APPROVED,0
KAG-LR-100259,PATTA,1992,0.67,0.67,5.37,0.023,0.995,21,3,95.3,0.96,NIL,0,APPROVED,0
KAG-LR-100260,SALE_DEED,1965,4.84,4.95,1.61,0.006,0.988,26,3,87.4,1.07,ACTIVE_MORTGAGE,0,APPROVED,0
KAG-LR-100261,POWER_OF_ATTORNEY,1979,1.23,1.48,19.97,0.341,0.585,-125,1,44.0,0.68,ACTIVE_MORTGAGE,1,PENDING,1
KAG-LR-100262,SALE_DEED,1975,6.5,6.6,1.58,0.002,0.924,38,1,97.5,0.93,NIL,0,APPROVED,0
KAG-LR-100263,SALE_DEED,1996,5.18,5.25,3.15,0.004,0.984,19,2,90.0,0.83,NIL,0,APPROVED,0
KAG-LR-100264,POWER_OF_ATTORNEY,2018,6.89,6.76,2.04,0.001,0.98,63,2,89.1,0.97,NIL,1,APPROVED,0
KAG-LR-100265,PATTA,2021,15.11,15.27,1.07,0.002,0.964,93,3,99.5,0.91,NIL,0,APPROVED,0
KAG-LR-100266,PATTA,1974,1.43,1.43,1.65,0.003,0.965,37,1,89.7,0.9,NIL,0,APPROVED,0
KAG-LR-100267,PATTA,2006,0.65,0.67,2.74,0.025,0.94,33,1,91.3,0.96,NIL,0,APPROVED,0
KAG-LR-100268,PATTA,1980,2.49,2.37,2.44,0.006,0.946,12,2,87.7,0.87,NIL,0,APPROVED,0
KAG-LR-100269,SALE_DEED,1986,0.52,0.65,24.72,0.104,0.537,1006,3,80.2,0.39,DISPUTED,0,PENDING,1
KAG-LR-100270,SALE_DEED,1967,2.15,2.15,4.76,0.001,0.951,64,2,94.4,1.06,NIL,0,APPROVED,0
KAG-LR-100271,PATTA,2017,8.15,8.7,6.78,0.235,0.614,-654,1,63.2,0.48,NIL,1,PENDING,1
KAG-LR-100272,SETTLEMENT,2025,6.36,6.65,0.66,0.001,0.977,27,1,94.2,1.05,NIL,0,APPROVED,0
KAG-LR-100273,POWER_OF_ATTORNEY,1979,6.0,5.68,1.39,0.004,0.943,24,2,95.9,1.0,ACTIVE_MORTGAGE,0,APPROVED,0
KAG-LR-100274,PATTA,2002,1.12,1.11,5.2,0.01,0.945,65,1,89.0,1.06,NIL,0,APPROVED,0
KAG-LR-100275,PATTA,1977,0.41,0.41,2.03,0.014,0.941,61,1,92.9,1.01,NIL,0,APPROVED,0
KAG-LR-100276,PATTA,1984,2.61,2.46,2.6,0.022,0.983,28,1,88.6,0.98,NIL,0,PENDING,0
KAG-LR-100277,PATTA,1980,1.3,1.23,1.22,0.006,0.987,15,3,93.0,0.95,NIL,0,APPROVED,0
KAG-LR-100278,SALE_DEED,1988,3.43,3.24,1.98,0.042,0.984,15,2,88.3,0.92,DISPUTED,0,REJECTED,0
KAG-LR-100279,SALE_DEED,1992,10.76,10.36,5.68,0.006,0.98,32,3,88.8,0.97,NIL,0,APPROVED,0
KAG-LR-100280,SALE_DEED,1973,6.35,6.47,3.85,0.005,0.961,31,5,97.0,1.06,NIL,0,APPROVED,0
KAG-LR-100281,PATTA,2002,4.31,4.42,3.06,0.0,0.996,26,2,91.9,1.05,NIL,0,APPROVED,0
KAG-LR-100282,SETTLEMENT,1995,1.08,1.05,0.69,0.02,0.982,25,2,95.1,0.9,NIL,0,APPROVED,0
KAG-LR-100283,PATTA,2016,4.59,4.46,1.56,0.006,0.946,84,3,90.8,0.98,NIL,0,PENDING,0
KAG-LR-100284,PATTA,1995,2.65,2.54,1.38,0.011,0.978,30,1,90.3,0.97,NIL,0,PENDING,0
KAG-LR-100285,GIFT_DEED,1973,8.07,7.59,1.46,0.013,0.975,14,1,93.5,1.0,NIL,0,APPROVED,0
KAG-LR-100286,SALE_DEED,1990,2.83,2.94,5.1,0.016,0.914,34,1,90.8,1.02,NIL,1,APPROVED,0
KAG-LR-100287,PATTA,2014,4.05,4.25,4.88,0.201,0.69,-527,3,75.7,0.46,NIL,1,REJECTED,1
KAG-LR-100288,SALE_DEED,1999,0.93,0.88,1.3,0.003,0.921,29,2,99.5,0.98,NIL,0,PENDING,0
KAG-LR-100289,PATTA,2022,4.59,4.44,3.61,0.003,0.99,23,1,93.2,1.07,NIL,0,APPROVED,0
KAG-LR-100290,PATTA,1977,1.65,1.59,0.89,0.035,0.973,79,2,89.2,1.01,NIL,0,APPROVED,0
KAG-LR-100291,SALE_DEED,2018,2.85,2.42,15.06,0.528,0.527,-431,2,58.1,0.49,NIL,1,APPROVED,1
KAG-LR-100292,POWER_OF_ATTORNEY,1965,3.94,3.71,0.82,0.018,0.98,21,2,93.8,0.92,NIL,0,APPROVED,0
KAG-LR-100293,SALE_DEED,2011,6.45,6.31,6.5,0.045,0.971,32,1,93.4,1.01,ACTIVE_MORTGAGE,0,APPROVED,0
KAG-LR-100294,SALE_DEED,1988,6.07,5.96,4.83,0.001,0.955,29,1,92.1,0.95,NIL,0,APPROVED,0
KAG-LR-100295,SETTLEMENT,1969,0.7,0.68,1.56,0.017,0.945,8,3,92.4,1.05,NIL,0,APPROVED,0
KAG-LR-100296,PATTA,1989,1.75,1.79,2.66,0.012,0.997,12,1,93.5,1.0,NIL,0,APPROVED,0
KAG-LR-100297,SALE_DEED,1995,2.18,2.11,3.11,0.007,0.907,52,1,91.1,0.97,ACTIVE_MORTGAGE,0,APPROVED,0
KAG-LR-100298,SALE_DEED,1983,4.28,4.3,0.27,0.009,0.961,75,1,95.0,1.05,ACTIVE_MORTGAGE,0,REJECTED,0
KAG-LR-100299,PATTA,1980,3.63,3.67,5.48,0.003,0.965,42,3,89.0,0.95,NIL,0,APPROVED,0
KAG-LR-100300,POWER_OF_ATTORNEY,1967,5.76,5.45,1.76,0.0,0.978,9,1,93.6,1.12,NIL,0,APPROVED,0
KAG-LR-100301,SALE_DEED,1988,0.42,0.43,1.25,0.0,0.966,22,3,89.2,1.0,ACTIVE_MORTGAGE,0,APPROVED,0
KAG-LR-100302,SALE_DEED,2007,1.25,1.19,2.0,0.017,0.974,33,1,88.7,1.08,NIL,1,APPROVED,0
KAG-LR-100303,SALE_DEED,1983,4.61,4.58,0.75,0.003,0.96,38,1,89.2,0.93,NIL,0,PENDING,0
KAG-LR-100304,SETTLEMENT,1975,0.89,0.9,3.55,0.02,0.978,35,1,89.4,1.06,NIL,0,APPROVED,0
KAG-LR-100305,SALE_DEED,1992,0.71,0.75,2.7,0.007,0.966,31,2,94.5,1.03,NIL,0,APPROVED,0
KAG-LR-100306,POWER_OF_ATTORNEY,2000,3.3,3.3,1.45,0.003,0.979,24,3,99.5,0.95,NIL,0,PENDING,0
KAG-LR-100307,PATTA,1977,13.18,12.78,2.45,0.006,0.948,6,1,87.8,1.11,NIL,0,APPROVED,0
KAG-LR-100308,POWER_OF_ATTORNEY,1975,8.26,7.96,1.88,0.004,0.915,17,1,93.8,1.06,NIL,0,APPROVED,0
KAG-LR-100309,PATTA,1994,0.34,0.34,1.85,0.001,0.888,11,2,90.2,0.89,NIL,0,APPROVED,0
KAG-LR-100310,PATTA,1979,3.13,3.67,17.23,0.349,0.682,1410,2,56.8,0.52,DISPUTED,0,PENDING,1
KAG-LR-100311,POWER_OF_ATTORNEY,2015,2.88,2.72,3.62,0.003,0.974,54,3,96.9,1.1,NIL,0,APPROVED,0
KAG-LR-100312,PATTA,1981,1.44,1.49,5.15,0.001,0.96,22,1,91.6,0.89,NIL,0,APPROVED,0
KAG-LR-100313,SALE_DEED,1993,8.36,8.55,0.59,0.012,0.941,66,1,95.6,1.01,NIL,0,APPROVED,0
KAG-LR-100314,PATTA,1969,5.2,5.16,2.74,0.012,0.926,15,1,95.7,0.96,NIL,0,APPROVED,0
KAG-LR-100315,PATTA,2021,7.98,7.59,1.38,0.009,0.937,40,2,86.5,0.95,NIL,0,APPROVED,0
KAG-LR-100316,SALE_DEED,1998,4.4,4.56,1.35,0.003,0.929,26,3,91.0,1.01,DISPUTED,0,APPROVED,0
KAG-LR-100317,POWER_OF_ATTORNEY,2021,0.75,0.61,19.19,0.311,0.533,354,1,83.5,0.38,DISPUTED,0,APPROVED,1
KAG-LR-100318,SALE_DEED,1974,4.23,4.05,1.87,0.002,0.986,13,1,92.0,0.92,NIL,0,REJECTED,0
KAG-LR-100319,PATTA,1966,2.35,2.43,2.58,0.0,0.947,37,2,97.8,0.96,NIL,0,APPROVED,0
KAG-LR-100320,SETTLEMENT,2023,0.73,0.71,6.5,0.001,0.996,66,1,95.0,0.99,NIL,0,APPROVED,0
KAG-LR-100321,GIFT_DEED,1995,0.71,0.67,5.78,0.013,0.958,44,3,94.0,0.98,NIL,0,APPROVED,0
KAG-LR-100322,SALE_DEED,2025,0.99,0.98,2.23,0.003,0.992,16,2,90.2,1.01,NIL,0,PENDING,0
KAG-LR-100323,PATTA,1974,1.39,2.11,52.05,0.347,0.566,2153,3,58.0,0.56,COURT_STAY,1,PENDING,1
KAG-LR-100324,PATTA,2017,2.05,1.96,4.13,0.01,0.944,25,3,94.8,0.92,ACTIVE_MORTGAGE,0,PENDING,0
KAG-LR-100325,GIFT_DEED,2017,3.15,2.97,1.57,0.014,0.997,42,1,99.5,0.84,NIL,0,APPROVED,0
KAG-LR-100326,PATTA,1977,0.35,0.36,1.9,0.001,0.97,37,4,99.5,0.83,NIL,0,APPROVED,0
KAG-LR-100327,POWER_OF_ATTORNEY,2024,9.04,9.43,5.18,0.005,0.987,29,1,97.4,1.07,NIL,0,APPROVED,0
KAG-LR-100328,PATTA,2017,2.19,2.29,1.22,0.001,0.976,43,3,95.0,1.0,NIL,1,APPROVED,0
KAG-LR-100329,PATTA,1993,0.49,0.49,2.15,0.004,0.973,12,2,95.0,0.94,ACTIVE_MORTGAGE,0,APPROVED,0
KAG-LR-100330,GIFT_DEED,1973,4.07,3.96,2.32,0.013,0.982,54,1,91.2,0.96,NIL,0,APPROVED,0
KAG-LR-100331,POWER_OF_ATTORNEY,2007,1.45,1.41,1.23,0.002,0.984,19,3,90.0,0.98,NIL,0,APPROVED,0
KAG-LR-100332,PATTA,2005,1.0,0.97,1.53,0.034,0.979,63,2,96.2,1.01,NIL,0,APPROVED,0
KAG-LR-100333,SALE_DEED,2017,9.49,8.94,1.98,0.002,0.994,27,2,94.0,0.96,NIL,1,APPROVED,0
KAG-LR-100334,SETTLEMENT,2001,0.59,0.61,5.66,0.018,0.988,89,1,97.2,1.08,NIL,0,APPROVED,0
KAG-LR-100335,PATTA,1999,2.28,1.67,26.96,0.236,0.768,-76,2,81.1,0.54,NIL,0,REJECTED,1
KAG-LR-100336,SALE_DEED,2002,1.82,1.74,4.53,0.028,0.959,31,3,93.6,0.94,NIL,0,PENDING,0
KAG-LR-100337,SALE_DEED,2005,1.43,1.38,1.52,0.003,0.988,22,4,91.2,0.98,NIL,0,APPROVED,0
KAG-LR-100338,SALE_DEED,1975,0.33,0.34,1.68,0.004,0.964,31,2,88.6,1.05,NIL,0,APPROVED,0
KAG-LR-100339,PATTA,2017,0.35,0.37,4.64,0.008,0.963,15,1,83.1,1.01,DISPUTED,0,APPROVED,0
KAG-LR-100340,PATTA,1973,2.67,2.54,1.91,0.01,0.979,14,2,89.7,0.87,NIL,0,APPROVED,0
KAG-LR-100341,SALE_DEED,1974,2.72,2.57,1.39,0.001,0.995,30,1,87.8,0.98,ACTIVE_MORTGAGE,1,REJECTED,0
KAG-LR-100342,SALE_DEED,2003,1.41,1.37,2.14,0.0,0.946,32,1,96.0,1.01,ACTIVE_MORTGAGE,0,APPROVED,0
KAG-LR-100343,SALE_DEED,2024,5.22,3.86,25.97,0.457,0.477,998,3,59.9,0.49,ACTIVE_MORTGAGE,1,PENDING,1
KAG-LR-100344,PATTA,2015,0.47,0.47,3.09,0.021,0.98,43,1,88.2,0.96,NIL,0,APPROVED,0
KAG-LR-100345,PATTA,1985,2.98,2.86,0.93,0.002,0.956,20,3,91.3,1.05,NIL,0,APPROVED,0
KAG-LR-100346,POWER_OF_ATTORNEY,2002,0.48,0.53,9.79,0.2,0.471,801,2,73.6,0.33,DISPUTED,1,APPROVED,1
KAG-LR-100347,SETTLEMENT,2012,1.43,1.37,1.67,0.001,0.955,13,1,89.7,0.92,NIL,0,APPROVED,0
KAG-LR-100348,POWER_OF_ATTORNEY,1982,0.36,0.37,2.92,0.001,0.992,30,1,89.6,1.01,NIL,0,APPROVED,0
KAG-LR-100349,PATTA,1993,2.1,2.14,5.27,0.0,0.982,13,1,99.5,1.06,NIL,0,APPROVED,0
KAG-LR-100350,GIFT_DEED,2003,2.34,2.46,1.57,0.006,0.976,17,2,97.3,1.01,NIL,0,APPROVED,0
KAG-LR-100351,PATTA,1981,5.63,5.68,4.26,0.006,0.98,71,2,99.5,0.92,NIL,0,APPROVED,0
KAG-LR-100352,POWER_OF_ATTORNEY,2004,8.25,8.73,1.74,0.007,0.987,25,1,87.3,1.02,NIL,0,APPROVED,0
KAG-LR-100353,SALE_DEED,1986,0.92,0.9,1.18,0.001,0.999,13,1,97.7,1.08,NIL,0,APPROVED,0
KAG-LR-100354,PATTA,1980,2.24,1.32,40.88,0.356,0.711,131,1,57.6,0.49,DISPUTED,1,APPROVED,1
KAG-LR-100355,SALE_DEED,1992,5.05,4.98,1.55,0.007,0.974,28,2,98.0,0.95,NIL,0,PENDING,0
KAG-LR-100356,GIFT_DEED,1974,2.48,2.63,1.51,0.003,0.967,35,1,96.5,1.05,NIL,0,APPROVED,0
KAG-LR-100357,SALE_DEED,2015,0.64,0.66,3.9,0.01,0.988,19,1,97.6,1.02,NIL,0,APPROVED,0
KAG-LR-100358,POWER_OF_ATTORNEY,2023,1.32,1.32,2.65,0.001,0.981,16,3,91.8,0.83,NIL,0,APPROVED,0
KAG-LR-100359,SALE_DEED,2025,1.17,1.15,3.5,0.026,0.969,18,2,94.1,1.09,NIL,0,APPROVED,0
KAG-LR-100360,SALE_DEED,1967,4.27,4.44,1.61,0.012,0.992,54,2,87.8,0.93,NIL,0,PENDING,0
KAG-LR-100361,SALE_DEED,2009,1.59,1.5,1.93,0.001,0.97,20,1,93.0,1.0,NIL,0,APPROVED,0
KAG-LR-100362,SETTLEMENT,2000,7.33,7.07,4.48,0.014,0.951,31,2,97.3,1.03,ACTIVE_MORTGAGE,0,APPROVED,0
KAG-LR-100363,SALE_DEED,2018,1.15,1.15,1.12,0.002,0.985,45,1,92.3,1.1,NIL,0,APPROVED,0
KAG-LR-100364,SALE_DEED,2012,3.81,3.65,4.5,0.002,0.96,25,1,97.6,0.98,NIL,0,APPROVED,0
KAG-LR-100365,PATTA,1981,0.89,0.85,1.2,0.003,0.895,36,1,88.0,0.94,NIL,0,APPROVED,0
KAG-LR-100366,SALE_DEED,2008,3.13,3.31,3.18,0.005,0.879,31,2,91.6,0.95,NIL,0,APPROVED,0
KAG-LR-100367,PATTA,1965,4.04,4.19,1.86,0.004,0.991,44,1,87.9,0.98,ACTIVE_MORTGAGE,0,APPROVED,0
KAG-LR-100368,SALE_DEED,1969,1.77,1.81,1.31,0.003,0.969,43,3,87.2,0.94,NIL,0,APPROVED,0
KAG-LR-100369,SALE_DEED,2022,0.89,0.88,2.73,0.002,0.94,64,2,94.6,0.99,NIL,0,APPROVED,0
KAG-LR-100370,POWER_OF_ATTORNEY,1974,1.23,1.26,1.06,0.001,0.96,19,1,83.4,1.04,NIL,0,APPROVED,0
KAG-LR-100371,PATTA,1984,3.93,3.73,0.99,0.007,0.913,61,3,90.1,1.06,ACTIVE_MORTGAGE,0,APPROVED,0
KAG-LR-100372,PATTA,2001,1.35,1.34,0.67,0.004,0.962,60,2,99.5,1.02,ACTIVE_MORTGAGE,0,APPROVED,0
KAG-LR-100373,PATTA,2014,14.17,14.15,1.17,0.013,0.999,34,2,92.1,1.02,ACTIVE_MORTGAGE,0,PENDING,0
KAG-LR-100374,PATTA,1977,3.16,2.97,0.44,0.005,0.984,37,3,91.6,0.92,NIL,0,APPROVED,0
KAG-LR-100375,PATTA,1967,0.42,0.4,2.42,0.01,0.974,13,1,86.5,0.94,NIL,0,APPROVED,0
KAG-LR-100376,POWER_OF_ATTORNEY,2026,0.54,0.51,0.93,0.007,0.941,20,1,89.2,0.91,NIL,0,APPROVED,0
KAG-LR-100377,PATTA,1984,3.39,3.53,3.31,0.001,0.999,43,2,93.0,1.06,ACTIVE_MORTGAGE,0,APPROVED,0
KAG-LR-100378,PATTA,1985,1.05,1.01,0.94,0.004,0.986,20,2,99.5,1.06,NIL,0,APPROVED,0
KAG-LR-100379,SALE_DEED,1979,1.63,1.68,1.75,0.01,0.962,34,3,90.0,0.99,NIL,0,APPROVED,0
KAG-LR-100380,PATTA,2001,0.82,0.75,8.69,0.245,0.604,2122,2,76.8,0.52,COURT_STAY,1,REJECTED,1
KAG-LR-100381,PATTA,1967,6.43,6.08,1.87,0.002,0.964,16,1,91.6,1.04,NIL,0,APPROVED,0
KAG-LR-100382,PATTA,1967,1.36,1.39,0.9,0.003,0.978,29,1,87.8,0.97,NIL,0,APPROVED,0
KAG-LR-100383,POWER_OF_ATTORNEY,2010,2.38,2.3,4.39,0.005,0.95,51,1,96.0,1.06,NIL,1,APPROVED,0
KAG-LR-100384,SALE_DEED,1970,4.88,4.95,3.41,0.004,0.992,14,2,98.3,1.04,ACTIVE_MORTGAGE,0,APPROVED,0
KAG-LR-100385,PATTA,1973,0.52,0.55,5.49,0.024,0.956,14,2,95.2,0.96,NIL,0,APPROVED,0
KAG-LR-100386,PATTA,2009,3.87,3.94,1.22,0.0,0.948,28,1,99.5,0.99,ACTIVE_MORTGAGE,0,APPROVED,0
KAG-LR-100387,SALE_DEED,1989,1.39,1.47,3.66,0.006,0.989,17,3,99.5,1.08,NIL,0,APPROVED,0
KAG-LR-100388,SETTLEMENT,2020,3.55,3.73,3.48,0.0,0.989,24,1,98.4,1.06,NIL,0,APPROVED,0
KAG-LR-100389,POWER_OF_ATTORNEY,1966,6.41,6.68,1.12,0.006,0.957,51,2,90.8,0.95,NIL,0,APPROVED,0
KAG-LR-100390,SALE_DEED,1981,2.73,2.64,3.1,0.01,0.977,21,3,90.6,1.04,NIL,1,APPROVED,0
KAG-LR-100391,PATTA,1996,8.28,7.95,3.83,0.0,0.991,92,1,86.3,0.97,ACTIVE_MORTGAGE,0,APPROVED,0
KAG-LR-100392,SETTLEMENT,2008,7.02,7.4,6.5,0.004,0.944,16,2,95.4,0.99,NIL,0,APPROVED,0
KAG-LR-100393,SETTLEMENT,1975,2.05,1.98,3.86,0.007,0.906,18,3,90.6,1.02,NIL,0,APPROVED,0
KAG-LR-100394,SETTLEMENT,1987,9.32,9.25,2.76,0.024,0.935,22,1,92.1,1.0,ACTIVE_MORTGAGE,0,APPROVED,0
KAG-LR-100395,SALE_DEED,2012,0.89,0.78,12.27,0.295,0.629,2473,2,97.0,0.76,ACTIVE_MORTGAGE,1,REJECTED,1
KAG-LR-100396,PATTA,1986,2.9,2.94,2.87,0.022,0.99,50,1,87.1,0.98,NIL,0,PENDING,0
KAG-LR-100397,PATTA,2026,1.55,1.51,2.04,0.0,0.99,24,3,93.1,1.1,ACTIVE_MORTGAGE,0,APPROVED,0
KAG-LR-100398,SALE_DEED,1979,2.74,2.58,3.6,0.008,0.942,19,3,94.7,1.0,DISPUTED,0,APPROVED,0
KAG-LR-100399,SALE_DEED,2026,1.87,1.87,0.97,0.003,0.982,17,3,92.9,1.01,NIL,0,APPROVED,0
KAG-LR-100400,SETTLEMENT,1978,2.34,2.26,2.79,0.001,0.976,16,1,91.2,1.01,NIL,0,PENDING,0
KAG-LR-100401,POWER_OF_ATTORNEY,2016,6.09,5.93,4.83,0.0,0.927,89,1,96.9,1.05,NIL,0,APPROVED,0
KAG-LR-100402,SALE_DEED,1979,1.13,1.13,2.63,0.005,0.879,18,3,91.3,1.0,NIL,0,APPROVED,0
KAG-LR-100403,GIFT_DEED,1987,3.6,3.52,1.81,0.003,0.941,21,1,93.9,1.0,NIL,0,APPROVED,0
KAG-LR-100404,SALE_DEED,1987,0.59,0.62,1.87,0.008,0.988,12,1,87.0,0.96,DISPUTED,0,APPROVED,0
KAG-LR-100405,SALE_DEED,1973,2.44,1.88,23.08,0.147,0.687,938,1,82.2,0.52,DISPUTED,1,APPROVED,1
KAG-LR-100406,SETTLEMENT,2005,4.11,4.27,2.28,0.004,0.988,28,4,89.3,0.94,NIL,0,APPROVED,0
KAG-LR-100407,PATTA,1971,0.44,0.43,3.77,0.001,0.984,43,3,92.4,0.95,NIL,0,APPROVED,0
KAG-LR-100408,PATTA,2021,5.32,5.37,5.22,0.001,0.953,22,2,96.7,0.98,NIL,0,APPROVED,0
KAG-LR-100409,SALE_DEED,1968,2.31,2.3,1.84,0.003,0.958,43,1,99.0,0.97,NIL,0,APPROVED,0
KAG-LR-100410,PATTA,2007,0.72,0.75,1.21,0.012,0.99,49,2,91.7,0.98,DISPUTED,0,PENDING,0
KAG-LR-100411,PATTA,2005,4.41,4.3,2.08,0.028,0.894,36,1,98.1,1.01,NIL,1,APPROVED,0
KAG-LR-100412,PATTA,1970,3.39,3.32,2.13,0.012,0.92,23,1,91.3,1.13,ACTIVE_MORTGAGE,0,APPROVED,0
KAG-LR-100413,PATTA,1991,4.08,3.84,5.97,0.007,0.981,47,2,94.0,0.93,NIL,0,APPROVED,0
KAG-LR-100414,SALE_DEED,2018,1.0,1.0,0.87,0.004,0.923,46,2,93.7,1.04,NIL,0,APPROVED,0
KAG-LR-100415,SALE_DEED,2004,2.98,2.82,3.52,0.006,0.968,46,2,90.6,1.06,NIL,0,APPROVED,0
KAG-LR-100416,POWER_OF_ATTORNEY,2024,0.43,0.43,6.3,0.004,0.969,18,3,98.8,1.04,NIL,0,APPROVED,0
KAG-LR-100417,SALE_DEED,2003,2.93,2.76,2.04,0.007,0.971,11,1,89.4,0.97,NIL,0,APPROVED,0
KAG-LR-100418,PATTA,1972,1.73,1.69,2.46,0.001,0.981,36,2,87.0,0.97,ACTIVE_MORTGAGE,0,APPROVED,0
KAG-LR-100419,PATTA,1977,3.55,3.75,5.82,0.0,0.995,33,1,95.8,0.92,ACTIVE_MORTGAGE,0,APPROVED,0
KAG-LR-100420,PATTA,1986,1.38,1.39,1.3,0.011,0.991,48,2,96.3,1.06,NIL,1,APPROVED,0
KAG-LR-100421,POWER_OF_ATTORNEY,2006,2.0,2.05,3.89,0.01,0.988,73,1,92.4,0.96,NIL,0,APPROVED,0
KAG-LR-100422,GIFT_DEED,2005,3.03,3.01,1.69,0.003,0.964,26,4,93.6,1.01,NIL,1,APPROVED,0
KAG-LR-100423,GIFT_DEED,1969,0.6,0.54,9.24,0.277,0.565,261,3,63.3,0.72,DISPUTED,0,PENDING,1
KAG-LR-100424,POWER_OF_ATTORNEY,2007,4.54,4.69,4.66,0.001,0.936,27,3,93.6,1.0,NIL,0,APPROVED,0
KAG-LR-100425,PATTA,1985,2.37,2.43,0.77,0.002,0.923,77,3,90.2,1.15,NIL,0,APPROVED,0
KAG-LR-100426,GIFT_DEED,1967,2.39,2.63,9.87,0.459,0.617,1976,1,68.4,0.45,DISPUTED,1,PENDING,1
KAG-LR-100427,SALE_DEED,1984,0.98,0.93,0.96,0.014,0.999,32,2,98.6,1.01,NIL,0,APPROVED,0
KAG-LR-100428,PATTA,1971,0.73,1.01,37.83,0.171,0.555,1478,4,72.2,0.3,COURT_STAY,0,REJECTED,1
KAG-LR-100429,SALE_DEED,1974,1.29,1.28,1.84,0.026,0.919,9,3,98.9,1.03,NIL,0,APPROVED,0
KAG-LR-100430,SALE_DEED,2005,2.57,2.51,0.77,0.006,0.973,19,1,83.0,0.97,NIL,0,APPROVED,0
KAG-LR-100431,SALE_DEED,1982,3.01,2.87,1.99,0.021,0.979,18,1,86.4,1.11,DISPUTED,0,APPROVED,0
KAG-LR-100432,PATTA,1975,10.44,10.98,2.46,0.002,0.94,26,1,97.2,1.07,NIL,0,APPROVED,0
KAG-LR-100433,PATTA,1986,1.79,1.68,1.74,0.018,0.918,16,2,85.9,1.03,NIL,0,PENDING,0
KAG-LR-100434,SALE_DEED,2021,0.88,0.79,9.85,0.237,0.452,-644,3,78.9,0.46,ACTIVE_MORTGAGE,1,PENDING,1
KAG-LR-100435,PATTA,1979,5.84,5.68,3.68,0.0,0.951,44,2,94.0,0.99,NIL,0,APPROVED,0
KAG-LR-100436,PATTA,1979,1.77,1.78,4.07,0.016,0.99,20,1,87.6,0.95,NIL,0,APPROVED,0
KAG-LR-100437,SALE_DEED,2008,1.63,1.64,0.61,0.004,0.959,26,1,98.9,0.91,NIL,0,PENDING,0
KAG-LR-100438,SETTLEMENT,2010,0.42,0.42,2.98,0.0,0.974,27,1,93.2,0.83,ACTIVE_MORTGAGE,1,APPROVED,0
KAG-LR-100439,POWER_OF_ATTORNEY,1985,0.67,0.74,10.06,0.446,0.563,-29,1,68.5,0.34,NIL,1,REJECTED,1
KAG-LR-100440,POWER_OF_ATTORNEY,1984,0.37,0.38,1.57,0.002,0.974,52,3,85.7,1.01,NIL,0,APPROVED,0
KAG-LR-100441,PATTA,1973,1.26,1.3,3.94,0.007,0.995,51,1,91.4,0.97,NIL,0,APPROVED,0
KAG-LR-100442,PATTA,1994,1.78,1.77,6.5,0.002,0.94,45,3,92.5,0.95,NIL,0,APPROVED,0
KAG-LR-100443,SETTLEMENT,2015,2.75,2.74,2.83,0.003,0.983,32,2,92.4,1.09,NIL,0,APPROVED,0
KAG-LR-100444,GIFT_DEED,1996,0.38,0.39,1.17,0.006,0.978,55,3,87.3,1.1,NIL,0,APPROVED,0
KAG-LR-100445,PATTA,2010,0.78,0.75,1.35,0.024,0.92,23,4,99.5,1.02,NIL,0,APPROVED,0
KAG-LR-100446,SALE_DEED,1978,0.67,0.95,41.52,0.258,0.561,95,1,58.1,0.66,NIL,1,PENDING,1
KAG-LR-100447,PATTA,2023,2.98,2.94,1.35,0.016,0.981,26,2,98.2,1.03,NIL,0,PENDING,0
KAG-LR-100448,SETTLEMENT,1979,1.69,1.64,1.06,0.001,0.995,24,4,90.4,1.02,ACTIVE_MORTGAGE,0,APPROVED,0
KAG-LR-100449,PATTA,1966,12.17,11.35,6.73,0.553,0.645,-21,1,76.8,0.52,ACTIVE_MORTGAGE,0,PENDING,1
KAG-LR-100450,POWER_OF_ATTORNEY,2022,1.71,1.66,1.79,0.005,0.955,19,1,89.7,0.87,NIL,0,APPROVED,0
KAG-LR-100451,PATTA,1991,7.23,7.35,2.16,0.006,0.911,22,1,96.1,0.84,NIL,0,APPROVED,0
KAG-LR-100452,PATTA,1992,1.79,1.7,4.89,0.276,0.591,-575,2,90.2,0.31,ACTIVE_MORTGAGE,0,APPROVED,1
KAG-LR-100453,POWER_OF_ATTORNEY,1993,4.15,4.17,2.28,0.006,0.95,25,1,97.9,1.01,ACTIVE_MORTGAGE,0,APPROVED,0
KAG-LR-100454,PATTA,2024,4.34,4.57,4.48,0.004,0.92,12,1,88.3,1.03,NIL,0,APPROVED,0
KAG-LR-100455,SALE_DEED,2019,4.38,4.37,1.49,0.005,0.942,31,3,95.3,0.95,NIL,0,APPROVED,0
KAG-LR-100456,PATTA,2022,1.18,1.16,0.35,0.007,0.973,18,1,98.5,1.01,NIL,0,APPROVED,0
KAG-LR-100457,PATTA,2025,1.52,1.59,3.03,0.003,0.953,37,3,95.5,0.93,NIL,0,PENDING,0
KAG-LR-100458,PATTA,1985,0.4,0.41,5.13,0.004,0.994,39,3,98.2,0.9,NIL,0,APPROVED,0
KAG-LR-100459,SETTLEMENT,1972,0.69,0.67,2.26,0.001,0.981,30,3,90.0,1.01,NIL,0,APPROVED,0
KAG-LR-100460,PATTA,2016,2.86,2.99,0.3,0.011,0.995,10,4,85.5,1.06,NIL,0,APPROVED,0
KAG-LR-100461,SETTLEMENT,2026,0.61,0.63,1.55,0.021,0.989,30,2,88.6,0.94,NIL,1,REJECTED,0
KAG-LR-100462,SALE_DEED,2021,1.88,1.88,2.4,0.012,0.953,47,1,94.0,1.08,NIL,0,APPROVED,0
KAG-LR-100463,PATTA,1989,6.63,6.06,8.65,0.323,0.571,163,3,73.8,0.52,NIL,1,REJECTED,1
KAG-LR-100464,POWER_OF_ATTORNEY,2007,9.66,9.34,0.67,0.035,0.972,15,1,97.1,1.06,NIL,0,APPROVED,0
KAG-LR-100465,PATTA,1971,14.78,14.01,2.36,0.009,0.978,51,2,93.7,1.05,NIL,0,APPROVED,0
KAG-LR-100466,SETTLEMENT,2021,1.05,1.28,21.46,0.351,0.536,59,1,72.5,0.53,NIL,1,REJECTED,1
KAG-LR-100467,GIFT_DEED,1984,0.5,0.53,6.5,0.004,0.981,62,1,96.1,0.92,ACTIVE_MORTGAGE,0,APPROVED,0
KAG-LR-100468,SALE_DEED,1990,3.93,3.99,1.58,0.014,0.994,22,5,91.1,0.96,NIL,0,APPROVED,0
KAG-LR-100469,PATTA,1967,1.35,1.38,2.89,0.009,0.976,18,2,89.5,1.05,NIL,0,APPROVED,0
KAG-LR-100470,PATTA,1987,2.81,2.1,25.28,0.229,0.656,2444,3,90.5,0.52,DISPUTED,1,REJECTED,1
KAG-LR-100471,PATTA,2023,0.87,0.92,2.7,0.001,0.934,41,1,93.1,1.04,ACTIVE_MORTGAGE,1,APPROVED,0
KAG-LR-100472,POWER_OF_ATTORNEY,2013,0.62,0.65,1.62,0.004,0.934,51,2,95.4,0.89,NIL,1,APPROVED,0
KAG-LR-100473,PATTA,2003,10.57,11.07,1.0,0.009,0.939,33,2,90.9,1.04,ACTIVE_MORTGAGE,0,APPROVED,0
KAG-LR-100474,SALE_DEED,2008,5.23,5.27,1.27,0.005,0.998,54,2,93.5,1.04,NIL,0,APPROVED,0
KAG-LR-100475,PATTA,2012,1.81,1.84,0.78,0.006,0.978,76,2,87.4,1.02,NIL,0,APPROVED,0
KAG-LR-100476,SALE_DEED,2009,11.08,10.95,1.76,0.017,0.994,79,2,97.8,1.05,NIL,0,APPROVED,0
KAG-LR-100477,SALE_DEED,1989,0.92,0.9,4.77,0.001,0.97,17,1,92.2,1.07,DISPUTED,1,APPROVED,0
KAG-LR-100478,PATTA,1974,4.49,4.47,3.44,0.007,0.96,95,3,90.1,0.97,NIL,0,APPROVED,0
KAG-LR-100479,PATTA,1969,2.23,2.29,6.5,0.009,0.983,43,1,95.2,1.03,NIL,0,PENDING,0
KAG-LR-100480,PATTA,2014,1.27,1.65,29.89,0.38,0.652,-602,1,83.3,0.76,ACTIVE_MORTGAGE,0,REJECTED,1
KAG-LR-100481,SALE_DEED,2020,2.51,2.56,1.96,0.001,0.979,13,2,90.6,0.99,NIL,0,APPROVED,0
KAG-LR-100482,PATTA,1974,14.8,14.15,1.24,0.017,0.96,44,4,97.8,0.93,NIL,1,APPROVED,0
KAG-LR-100483,PATTA,1974,0.51,0.54,2.15,0.001,0.963,43,1,98.9,0.98,DISPUTED,0,APPROVED,0
KAG-LR-100484,PATTA,2007,0.33,0.32,3.31,0.032,0.98,15,2,88.6,1.02,ACTIVE_MORTGAGE,0,APPROVED,0
KAG-LR-100485,SALE_DEED,1982,7.42,7.5,6.5,0.002,0.948,35,2,93.4,1.0,ACTIVE_MORTGAGE,1,APPROVED,0
KAG-LR-100486,PATTA,2023,3.55,3.34,2.37,0.0,0.995,24,1,83.2,1.09,NIL,0,APPROVED,0
KAG-LR-100487,SETTLEMENT,1969,9.57,10.04,1.42,0.011,0.964,78,1,93.1,1.17,NIL,0,APPROVED,0
KAG-LR-100488,SALE_DEED,1989,8.78,8.87,0.91,0.011,0.939,13,3,93.7,1.11,NIL,0,APPROVED,0
KAG-LR-100489,PATTA,1997,6.06,5.46,9.98,0.125,0.552,2315,3,97.0,0.47,NIL,0,PENDING,1
KAG-LR-100490,PATTA,1977,2.45,2.45,0.37,0.045,0.92,19,1,91.2,0.85,NIL,0,APPROVED,0
KAG-LR-100491,PATTA,1984,2.7,2.82,0.86,0.009,0.894,64,2,92.1,0.99,NIL,0,APPROVED,0
KAG-LR-100492,SALE_DEED,1998,3.91,3.98,1.64,0.006,0.972,39,1,88.2,1.09,DISPUTED,0,PENDING,0
KAG-LR-100493,SALE_DEED,1978,5.02,4.75,5.39,0.618,0.562,529,3,79.6,0.28,NIL,0,PENDING,1
KAG-LR-100494,PATTA,2018,1.97,2.04,1.38,0.003,0.961,52,2,87.3,0.96,NIL,0,APPROVED,0
KAG-LR-100495,POWER_OF_ATTORNEY,1978,0.72,0.69,3.59,0.007,0.978,22,4,95.8,1.03,NIL,0,APPROVED,0
KAG-LR-100496,PATTA,2012,0.4,0.41,4.21,0.005,0.896,46,2,91.8,0.98,NIL,0,APPROVED,0
KAG-LR-100497,POWER_OF_ATTORNEY,2018,4.13,4.04,6.03,0.002,0.98,23,3,93.0,1.11,NIL,0,APPROVED,0
KAG-LR-100498,GIFT_DEED,1985,1.57,1.65,1.53,0.004,0.987,10,1,98.7,1.01,NIL,0,APPROVED,0
KAG-LR-100499,SETTLEMENT,1981,1.46,1.44,2.73,0.016,0.962,23,1,90.7,1.06,NIL,0,APPROVED,0
KAG-LR-100500,PATTA,2024,13.4,12.84,3.52,0.014,0.977,15,3,90.2,1.03,ACTIVE_MORTGAGE,0,APPROVED,0
KAG-LR-100501,SALE_DEED,2006,2.7,2.71,3.19,0.001,0.946,31,4,91.0,0.98,NIL,0,APPROVED,0
KAG-LR-100502,SALE_DEED,1985,4.27,4.31,3.79,0.005,0.977,39,4,91.2,0.93,NIL,0,APPROVED,0
KAG-LR-100503,PATTA,1993,1.48,1.47,1.57,0.003,0.973,57,3,94.7,0.97,NIL,0,APPROVED,0
KAG-LR-100504,PATTA,1981,1.78,1.75,6.5,0.003,0.942,29,1,90.2,1.11,NIL,0,APPROVED,0
KAG-LR-100505,SALE_DEED,2014,1.32,1.4,1.82,0.002,0.967,14,1,95.1,0.95,NIL,0,APPROVED,0
KAG-LR-100506,SALE_DEED,1978,1.02,1.06,0.91,0.007,0.967,15,2,86.8,1.01,NIL,0,APPROVED,0
KAG-LR-100507,SALE_DEED,1986,1.04,1.0,6.5,0.015,0.99,20,4,92.5,1.16,ACTIVE_MORTGAGE,0,APPROVED,0
KAG-LR-100508,PATTA,1973,1.24,1.26,6.5,0.006,0.971,34,1,98.8,1.11,NIL,0,PENDING,0
KAG-LR-100509,SALE_DEED,1983,1.77,1.8,6.5,0.01,0.962,45,2,85.6,1.02,NIL,0,APPROVED,0
KAG-LR-100510,SETTLEMENT,2008,3.73,3.6,1.58,0.017,0.926,27,1,99.5,0.96,DISPUTED,0,APPROVED,0
KAG-LR-100511,SALE_DEED,1978,8.12,9.46,16.53,0.274,0.679,2137,1,60.8,0.31,ACTIVE_MORTGAGE,1,REJECTED,1
KAG-LR-100512,PATTA,1974,9.15,9.5,1.87,0.008,0.986,45,1,92.8,0.99,NIL,1,APPROVED,0
KAG-LR-100513,SALE_DEED,2023,1.13,1.1,0.81,0.003,0.996,39,1,99.5,1.07,NIL,0,PENDING,0
KAG-LR-100514,SALE_DEED,2010,12.24,11.99,6.02,0.001,0.981,67,1,88.3,0.98,NIL,0,PENDING,0
KAG-LR-100515,PATTA,2013,2.56,2.6,3.0,0.014,0.97,29,1,87.9,1.01,NIL,0,APPROVED,0
KAG-LR-100516,PATTA,1979,0.97,0.91,2.94,0.013,0.965,26,1,87.6,1.02,NIL,0,PENDING,0
KAG-LR-100517,PATTA,1988,6.35,6.11,1.49,0.008,0.979,12,3,93.3,1.0,NIL,0,APPROVED,0
KAG-LR-100518,SALE_DEED,1971,3.0,3.01,2.8,0.019,0.984,41,1,96.1,0.95,NIL,0,PENDING,0
KAG-LR-100519,POWER_OF_ATTORNEY,2018,1.53,1.61,6.5,0.015,0.938,19,1,93.0,1.01,NIL,0,APPROVED,0
KAG-LR-100520,POWER_OF_ATTORNEY,1989,3.67,4.27,16.48,0.62,0.527,892,3,71.3,0.55,NIL,0,REJECTED,1
KAG-LR-100521,PATTA,1981,3.42,3.31,6.5,0.001,0.988,17,2,91.0,1.11,NIL,0,APPROVED,0
KAG-LR-100522,PATTA,1972,0.92,0.9,0.79,0.002,0.963,13,2,94.1,1.0,NIL,0,APPROVED,0
KAG-LR-100523,PATTA,2021,1.61,1.7,1.42,0.017,0.972,33,2,89.0,0.93,DISPUTED,0,APPROVED,0
KAG-LR-100524,SETTLEMENT,2010,3.17,2.99,1.14,0.001,0.981,37,3,88.9,0.99,NIL,0,APPROVED,0
KAG-LR-100525,PATTA,2023,2.84,3.1,9.24,0.506,0.554,2235,1,52.5,0.48,ACTIVE_MORTGAGE,1,PENDING,1
KAG-LR-100526,PATTA,1977,1.45,1.47,2.78,0.007,0.951,65,2,91.0,1.03,NIL,1,APPROVED,0
KAG-LR-100527,PATTA,2024,6.48,5.42,16.33,0.18,0.502,-396,1,66.2,0.55,DISPUTED,1,REJECTED,1
KAG-LR-100528,SALE_DEED,2001,0.99,0.94,5.47,0.597,0.618,-513,2,92.9,0.55,NIL,1,PENDING,1
KAG-LR-100529,PATTA,2009,4.7,4.84,4.13,0.002,0.943,42,1,90.6,1.07,NIL,0,REJECTED,0
KAG-LR-100530,SALE_DEED,1980,2.56,2.55,1.55,0.045,0.96,13,1,94.2,1.01,NIL,0,APPROVED,0
KAG-LR-100531,SALE_DEED,1968,6.46,6.36,5.49,0.01,0.989,40,1,93.4,1.05,NIL,0,APPROVED,0
KAG-LR-100532,SALE_DEED,1983,2.19,3.25,48.2,0.171,0.574,511,4,67.8,0.45,NIL,0,PENDING,1
KAG-LR-100533,PATTA,2010,8.77,9.1,1.71,0.002,0.994,24,1,90.1,1.0,NIL,0,APPROVED,0
KAG-LR-100534,GIFT_DEED,2022,6.0,6.11,2.39,0.009,0.954,48,3,94.2,0.93,ACTIVE_MORTGAGE,0,APPROVED,0
KAG-LR-100535,SALE_DEED,1972,2.83,2.47,12.62,0.316,0.51,169,2,65.1,0.32,DISPUTED,1,REJECTED,1
KAG-LR-100536,POWER_OF_ATTORNEY,1973,1.92,1.96,1.34,0.015,0.937,17,1,99.5,0.98,NIL,0,APPROVED,0
KAG-LR-100537,PATTA,1974,1.13,1.14,2.66,0.01,0.98,32,1,87.1,0.99,NIL,0,REJECTED,0
KAG-LR-100538,POWER_OF_ATTORNEY,1981,2.27,2.88,26.77,0.421,0.47,2465,3,87.4,0.51,DISPUTED,0,PENDING,1
KAG-LR-100539,SALE_DEED,1966,4.55,4.71,2.04,0.004,0.983,36,2,87.3,0.97,NIL,0,APPROVED,0
KAG-LR-100540,PATTA,1999,9.71,9.29,0.99,0.004,0.929,43,1,93.7,1.03,NIL,0,APPROVED,0
KAG-LR-100541,SETTLEMENT,2006,1.45,1.4,2.04,0.005,0.977,30,2,98.9,1.09,NIL,0,APPROVED,0
KAG-LR-100542,SALE_DEED,1998,4.99,4.87,0.94,0.012,0.96,42,4,94.1,0.94,NIL,0,APPROVED,0
KAG-LR-100543,PATTA,1973,3.02,2.94,1.49,0.001,0.974,29,1,86.2,1.0,NIL,1,APPROVED,0
KAG-LR-100544,PATTA,2026,2.2,2.25,2.34,0.005,0.938,24,3,91.9,1.0,NIL,0,APPROVED,0
KAG-LR-100545,PATTA,2005,3.06,2.89,5.4,0.549,0.493,384,3,68.1,0.37,NIL,1,PENDING,1
KAG-LR-100546,SALE_DEED,2006,4.93,4.76,2.34,0.009,0.965,78,4,95.0,0.98,NIL,0,APPROVED,0
KAG-LR-100547,POWER_OF_ATTORNEY,2026,1.09,1.04,0.61,0.006,0.99,12,2,91.8,0.96,NIL,0,APPROVED,0
KAG-LR-100548,PATTA,2004,6.49,6.77,3.58,0.001,0.972,55,2,83.1,0.99,NIL,0,APPROVED,0
KAG-LR-100549,POWER_OF_ATTORNEY,1969,4.61,4.75,5.16,0.011,0.942,12,1,92.1,0.95,NIL,0,APPROVED,0
KAG-LR-100550,SALE_DEED,2002,0.39,0.39,2.2,0.02,0.929,35,1,90.3,1.09,NIL,1,APPROVED,0
KAG-LR-100551,PATTA,1994,10.39,10.5,2.06,0.006,0.998,26,2,99.5,0.95,NIL,0,APPROVED,0
KAG-LR-100552,SETTLEMENT,1967,5.16,5.41,0.53,0.0,0.894,16,1,92.9,1.07,ACTIVE_MORTGAGE,0,REJECTED,0
KAG-LR-100553,PATTA,2008,2.67,3.09,15.72,0.212,0.641,2449,3,64.4,0.63,ACTIVE_MORTGAGE,0,APPROVED,1
KAG-LR-100554,SALE_DEED,1972,3.93,4.04,5.59,0.003,0.989,45,2,90.7,1.02,NIL,0,APPROVED,0
KAG-LR-100555,SALE_DEED,2001,1.69,1.8,6.22,0.335,0.705,1041,2,44.7,0.61,ACTIVE_MORTGAGE,0,REJECTED,1
KAG-LR-100556,SALE_DEED,1990,1.32,1.28,5.34,0.001,0.928,59,2,97.9,0.94,NIL,0,APPROVED,0
KAG-LR-100557,SETTLEMENT,2019,0.42,0.46,9.04,0.138,0.557,-376,1,56.7,0.37,ACTIVE_MORTGAGE,0,APPROVED,1
KAG-LR-100558,PATTA,1977,1.85,1.8,1.55,0.017,0.967,29,1,86.4,1.0,NIL,0,APPROVED,0
KAG-LR-100559,GIFT_DEED,1974,8.69,8.39,5.05,0.024,0.982,27,3,93.2,0.92,NIL,0,APPROVED,0
KAG-LR-100560,PATTA,1989,5.65,5.87,4.29,0.01,0.998,15,2,90.9,1.0,NIL,0,PENDING,0
KAG-LR-100561,SALE_DEED,1981,0.52,0.49,3.7,0.002,0.977,12,5,92.7,0.97,NIL,0,APPROVED,0
KAG-LR-100562,SALE_DEED,1973,5.43,5.57,2.34,0.001,0.975,27,2,96.7,0.95,NIL,0,APPROVED,0
KAG-LR-100563,SALE_DEED,1984,1.48,1.51,4.39,0.007,0.94,26,5,95.1,0.91,NIL,0,APPROVED,0
KAG-LR-100564,PATTA,1999,1.2,1.26,2.47,0.0,0.982,27,3,98.9,1.03,NIL,0,APPROVED,0
KAG-LR-100565,SETTLEMENT,2024,2.84,2.99,2.24,0.0,0.978,29,2,97.9,1.03,NIL,0,APPROVED,0
KAG-LR-100566,SALE_DEED,1986,3.21,3.13,1.92,0.005,0.941,13,2,92.7,0.97,NIL,0,APPROVED,0
KAG-LR-100567,SETTLEMENT,2000,6.82,6.74,4.15,0.018,0.941,32,1,94.9,1.0,NIL,0,APPROVED,0
KAG-LR-100568,PATTA,1991,0.42,0.44,4.8,0.0,0.95,82,3,93.6,0.98,NIL,0,APPROVED,0
KAG-LR-100569,POWER_OF_ATTORNEY,1989,4.09,4.21,2.11,0.002,0.984,68,1,90.4,0.88,NIL,0,APPROVED,0
KAG-LR-100570,PATTA,1975,8.38,7.94,4.05,0.004,0.953,17,1,97.4,0.85,NIL,0,APPROVED,0
KAG-LR-100571,SALE_DEED,1975,4.75,4.96,2.33,0.003,0.995,38,1,94.5,0.87,NIL,0,APPROVED,0
KAG-LR-100572,PATTA,2018,1.87,1.86,0.91,0.015,0.94,62,2,88.5,0.88,NIL,0,APPROVED,0
KAG-LR-100573,PATTA,1982,0.72,0.71,0.83,0.012,0.985,34,2,93.9,1.08,NIL,0,PENDING,0
KAG-LR-100574,POWER_OF_ATTORNEY,1970,4.83,4.55,2.56,0.005,0.949,25,4,95.6,0.95,NIL,0,APPROVED,0
KAG-LR-100575,SALE_DEED,1985,2.86,2.66,6.95,0.333,0.468,-724,2,67.9,0.47,NIL,1,APPROVED,1
KAG-LR-100576,SALE_DEED,2008,2.29,2.82,23.17,0.479,0.612,-267,3,66.8,0.46,NIL,1,PENDING,1
KAG-LR-100577,SETTLEMENT,2010,9.8,9.44,4.31,0.003,0.993,23,1,93.1,0.98,NIL,0,APPROVED,0
KAG-LR-100578,PATTA,1975,0.46,0.46,3.44,0.001,0.973,12,2,95.9,1.14,NIL,1,APPROVED,0
KAG-LR-100579,PATTA,2005,1.99,2.47,24.17,0.207,0.695,259,2,65.1,0.4,DISPUTED,0,PENDING,1
KAG-LR-100580,SALE_DEED,2001,1.06,1.1,2.1,0.011,0.98,34,3,96.9,1.04,NIL,0,PENDING,0
KAG-LR-100581,PATTA,2007,5.74,5.55,2.36,0.002,0.939,65,5,89.2,1.02,NIL,0,APPROVED,0
KAG-LR-100582,SALE_DEED,1976,5.52,5.28,1.3,0.006,0.946,63,1,93.3,0.97,NIL,0,APPROVED,0
KAG-LR-100583,SALE_DEED,2018,5.1,4.64,9.05,0.14,0.486,70,4,70.6,0.36,ACTIVE_MORTGAGE,0,APPROVED,1
KAG-LR-100584,PATTA,1987,4.62,4.75,1.71,0.012,0.966,37,1,87.7,1.06,NIL,0,PENDING,0
KAG-LR-100585,SETTLEMENT,1980,0.54,0.57,1.93,0.004,0.995,22,1,94.6,0.89,NIL,0,APPROVED,0
KAG-LR-100586,SETTLEMENT,1981,1.15,1.18,3.48,0.019,0.95,29,1,95.9,0.94,NIL,0,APPROVED,0
KAG-LR-100587,SALE_DEED,1965,0.97,1.02,3.92,0.006,0.998,10,4,89.8,1.11,ACTIVE_MORTGAGE,0,APPROVED,0
KAG-LR-100588,PATTA,2004,8.68,8.51,3.7,0.004,0.952,73,1,99.5,1.06,NIL,0,REJECTED,0
KAG-LR-100589,SALE_DEED,1965,6.09,6.12,1.97,0.045,0.994,25,2,92.6,1.05,NIL,0,APPROVED,0
KAG-LR-100590,GIFT_DEED,1979,1.22,1.25,4.59,0.002,0.926,26,3,93.8,1.06,NIL,0,APPROVED,0
KAG-LR-100591,SALE_DEED,2007,6.39,6.01,1.79,0.002,0.975,19,5,99.5,0.95,NIL,0,APPROVED,0
KAG-LR-100592,PATTA,1992,2.9,2.36,18.63,0.168,0.628,538,1,69.5,0.61,ACTIVE_MORTGAGE,0,APPROVED,1
KAG-LR-100593,PATTA,2018,3.36,3.54,1.63,0.025,0.945,24,2,92.7,0.94,NIL,0,APPROVED,0
KAG-LR-100594,PATTA,1974,0.88,0.85,2.39,0.003,0.935,29,1,89.2,0.94,NIL,0,REJECTED,0
KAG-LR-100595,PATTA,1979,3.96,3.96,2.08,0.005,0.967,29,2,89.5,1.07,NIL,0,APPROVED,0
KAG-LR-100596,SALE_DEED,1971,5.21,5.38,0.66,0.007,0.947,18,4,90.3,1.03,NIL,0,APPROVED,0
KAG-LR-100597,POWER_OF_ATTORNEY,2009,2.78,2.79,2.56,0.005,0.972,32,1,96.6,1.0,NIL,0,APPROVED,0
KAG-LR-100598,GIFT_DEED,1988,9.9,9.32,1.8,0.006,0.892,63,4,91.4,0.96,NIL,0,PENDING,0
KAG-LR-100599,PATTA,2010,3.13,2.42,22.83,0.308,0.6,1033,4,78.1,0.46,COURT_STAY,1,APPROVED,1
KAG-LR-100600,PATTA,1998,1.35,1.36,5.79,0.011,0.969,53,3,91.1,0.93,NIL,0,APPROVED,0
KAG-LR-100601,SALE_DEED,1993,0.54,0.6,11.34,0.237,0.474,47,1,77.9,0.26,ACTIVE_MORTGAGE,0,PENDING,1
KAG-LR-100602,SALE_DEED,1973,1.48,1.36,8.25,0.21,0.563,125,1,51.3,0.58,ACTIVE_MORTGAGE,1,PENDING,1
KAG-LR-100603,PATTA,1969,4.18,4.24,1.39,0.009,0.968,25,1,91.2,1.03,ACTIVE_MORTGAGE,0,APPROVED,0
KAG-LR-100604,POWER_OF_ATTORNEY,2020,0.79,0.77,1.19,0.002,0.987,30,1,88.9,0.93,NIL,0,APPROVED,0
KAG-LR-100605,PATTA,1967,0.63,0.62,1.8,0.003,0.947,17,1,90.4,1.01,ACTIVE_MORTGAGE,0,APPROVED,0
KAG-LR-100606,PATTA,1992,5.09,5.21,5.34,0.007,0.967,30,4,93.9,0.96,NIL,0,APPROVED,0
KAG-LR-100607,SETTLEMENT,1995,10.92,10.34,3.97,0.012,0.967,19,2,95.4,1.0,NIL,0,APPROVED,0
KAG-LR-100608,PATTA,2015,1.56,1.61,3.05,0.008,0.958,51,2,92.3,1.01,ACTIVE_MORTGAGE,0,APPROVED,0
KAG-LR-100609,PATTA,2011,1.62,1.53,1.47,0.004,0.97,58,3,94.0,1.11,NIL,0,APPROVED,0
KAG-LR-100610,SALE_DEED,2025,1.91,1.88,2.37,0.023,0.962,63,2,90.8,1.09,NIL,0,APPROVED,0
KAG-LR-100611,PATTA,1992,8.23,7.89,2.0,0.005,0.926,34,1,88.3,1.14,NIL,0,APPROVED,0
KAG-LR-100612,PATTA,1985,1.32,1.34,0.28,0.001,0.892,80,2,96.4,0.99,NIL,0,APPROVED,0
KAG-LR-100613,GIFT_DEED,2021,4.09,4.0,2.19,0.006,0.922,26,1,85.1,0.98,NIL,0,PENDING,0
KAG-LR-100614,PATTA,2000,0.38,0.4,1.03,0.001,0.937,79,2,98.6,0.96,NIL,0,APPROVED,0
KAG-LR-100615,SALE_DEED,1989,4.09,3.86,4.26,0.008,0.878,52,2,96.0,0.9,ACTIVE_MORTGAGE,0,APPROVED,0
KAG-LR-100616,PATTA,2021,7.32,7.92,8.26,0.34,0.452,83,3,70.7,0.75,NIL,0,REJECTED,1
KAG-LR-100617,PATTA,2007,8.33,7.9,1.32,0.02,0.921,28,2,96.0,1.04,ACTIVE_MORTGAGE,0,APPROVED,0
KAG-LR-100618,PATTA,1974,1.85,1.87,3.49,0.001,0.934,78,2,87.9,1.06,NIL,0,PENDING,0
KAG-LR-100619,SALE_DEED,1984,4.4,4.52,3.12,0.019,0.978,25,1,89.0,1.0,NIL,0,APPROVED,0
KAG-LR-100620,PATTA,1966,6.64,6.37,1.68,0.002,0.983,10,2,92.8,0.87,NIL,0,APPROVED,0
KAG-LR-100621,SALE_DEED,2013,4.07,4.27,3.12,0.003,0.927,14,3,95.0,1.03,NIL,0,APPROVED,0
KAG-LR-100622,SALE_DEED,1995,6.97,7.3,2.79,0.007,0.956,70,4,95.6,0.99,NIL,0,APPROVED,0
KAG-LR-100623,SALE_DEED,1983,0.37,0.38,1.71,0.001,0.958,40,4,88.1,0.99,ACTIVE_MORTGAGE,0,APPROVED,0
KAG-LR-100624,SETTLEMENT,1965,1.74,1.78,3.16,0.003,0.976,36,1,97.4,1.1,ACTIVE_MORTGAGE,0,APPROVED,0
KAG-LR-100625,PATTA,2013,0.72,0.76,1.01,0.005,0.93,10,2,89.2,0.99,NIL,0,APPROVED,0
KAG-LR-100626,PATTA,1999,12.53,12.27,1.07,0.018,0.978,22,1,90.2,0.9,NIL,0,APPROVED,0
KAG-LR-100627,SETTLEMENT,2011,9.18,9.67,1.05,0.001,0.949,39,1,91.8,0.91,NIL,0,APPROVED,0
KAG-LR-100628,PATTA,2006,1.85,1.78,2.53,0.001,0.97,36,3,93.9,1.1,NIL,0,PENDING,0
KAG-LR-100629,SALE_DEED,2013,7.36,7.39,1.63,0.002,0.931,15,4,97.0,0.91,ACTIVE_MORTGAGE,0,APPROVED,0
KAG-LR-100630,PATTA,2014,3.47,3.63,3.19,0.005,0.967,54,3,97.8,0.97,NIL,0,APPROVED,0
KAG-LR-100631,PATTA,2000,2.81,2.95,3.77,0.0,0.986,29,5,95.0,1.04,NIL,0,APPROVED,0
KAG-LR-100632,PATTA,2020,2.71,2.73,3.21,0.002,0.954,58,1,92.7,1.01,NIL,0,APPROVED,0
KAG-LR-100633,PATTA,1994,4.82,4.62,3.37,0.004,0.975,40,2,95.0,1.06,NIL,0,APPROVED,0
KAG-LR-100634,SALE_DEED,1988,8.29,8.47,1.46,0.003,0.99,20,5,85.0,1.03,NIL,0,PENDING,0
KAG-LR-100635,PATTA,1989,4.81,4.75,2.79,0.004,0.947,30,2,93.6,0.97,ACTIVE_MORTGAGE,1,REJECTED,0
KAG-LR-100636,PATTA,2016,6.12,7.55,23.33,0.458,0.513,161,1,75.1,0.33,NIL,1,REJECTED,1
KAG-LR-100637,PATTA,2010,1.09,1.09,6.5,0.004,0.982,37,1,94.5,1.02,NIL,0,APPROVED,0
KAG-LR-100638,PATTA,1990,8.37,7.93,6.5,0.009,0.969,11,3,98.9,0.95,NIL,0,APPROVED,0
KAG-LR-100639,SALE_DEED,2012,3.52,4.32,22.79,0.514,0.659,-269,1,74.6,0.73,DISPUTED,1,PENDING,1
KAG-LR-100640,PATTA,2011,5.4,5.29,4.19,0.002,0.947,13,3,99.2,1.07,NIL,0,APPROVED,0
KAG-LR-100641,PATTA,1985,2.39,2.09,12.71,0.306,0.515,604,1,82.3,0.72,DISPUTED,0,APPROVED,1
KAG-LR-100642,PATTA,1996,3.59,3.8,6.5,0.0,0.952,24,1,91.6,1.06,NIL,0,APPROVED,0
KAG-LR-100643,PATTA,1990,1.94,2.04,1.22,0.002,0.964,74,1,93.7,0.96,NIL,0,APPROVED,0
KAG-LR-100644,GIFT_DEED,2000,1.29,1.21,2.06,0.003,0.967,55,2,88.6,1.02,NIL,0,APPROVED,0
KAG-LR-100645,SALE_DEED,1986,1.89,1.91,2.78,0.005,0.961,17,2,97.1,0.92,NIL,0,APPROVED,0
KAG-LR-100646,SALE_DEED,1977,0.59,0.58,1.52,0.014,0.997,13,1,96.3,1.02,NIL,0,APPROVED,0
KAG-LR-100647,SETTLEMENT,1971,4.45,4.62,1.3,0.002,0.99,10,2,85.1,0.93,NIL,1,APPROVED,0
KAG-LR-100648,PATTA,1978,0.69,0.71,1.67,0.005,0.975,89,2,99.0,0.85,NIL,0,APPROVED,0
KAG-LR-100649,PATTA,2024,1.26,1.29,2.71,0.001,0.95,62,2,99.5,0.94,NIL,0,APPROVED,0
KAG-LR-100650,SALE_DEED,1989,14.74,16.1,9.21,0.417,0.728,128,2,55.3,0.64,COURT_STAY,0,PENDING,1
KAG-LR-100651,PATTA,1971,4.17,4.19,2.48,0.009,0.933,24,1,92.5,0.97,NIL,0,APPROVED,0
KAG-LR-100652,SALE_DEED,2022,3.38,3.55,5.05,0.322,0.408,983,1,76.9,0.62,DISPUTED,0,REJECTED,1
KAG-LR-100653,PATTA,2002,3.43,3.47,0.94,0.005,0.948,7,2,97.2,0.97,NIL,0,APPROVED,0
KAG-LR-100654,PATTA,1977,0.36,0.35,2.82,0.009,0.978,31,2,98.6,1.04,NIL,0,APPROVED,0
KAG-LR-100655,SALE_DEED,1976,4.91,4.82,2.07,0.0,0.979,25,2,95.2,1.04,NIL,0,APPROVED,0
KAG-LR-100656,SALE_DEED,1966,3.75,3.62,1.19,0.005,0.964,14,3,93.3,1.16,NIL,0,APPROVED,0
KAG-LR-100657,PATTA,1996,1.87,1.9,1.38,0.012,0.964,34,2,98.8,1.06,ACTIVE_MORTGAGE,0,APPROVED,0
KAG-LR-100658,SETTLEMENT,2019,7.49,7.83,1.26,0.017,0.994,13,3,91.2,0.96,DISPUTED,0,APPROVED,0
KAG-LR-100659,PATTA,1982,4.51,4.16,7.8,0.047,0.612,1860,2,82.7,0.34,ACTIVE_MORTGAGE,1,PENDING,1
KAG-LR-100660,SALE_DEED,2003,1.29,1.3,1.55,0.001,0.984,34,1,87.9,1.08,NIL,0,APPROVED,0
KAG-LR-100661,PATTA,1976,0.62,0.59,1.07,0.007,0.987,17,1,97.7,1.02,NIL,0,APPROVED,0
KAG-LR-100662,POWER_OF_ATTORNEY,1992,5.52,5.28,1.35,0.017,0.975,49,1,95.1,0.94,NIL,0,PENDING,0
KAG-LR-100663,PATTA,2003,2.74,2.86,4.75,0.006,0.971,18,2,98.5,1.0,NIL,0,APPROVED,0
KAG-LR-100664,SALE_DEED,2006,2.52,2.76,9.63,0.258,0.552,1036,2,75.9,0.27,COURT_STAY,0,PENDING,1
KAG-LR-100665,SETTLEMENT,1998,6.91,7.68,11.14,0.405,0.697,2093,3,66.2,0.77,ACTIVE_MORTGAGE,1,APPROVED,1
KAG-LR-100666,GIFT_DEED,2022,3.26,3.45,3.52,0.005,0.977,63,1,95.2,1.06,NIL,0,APPROVED,0
KAG-LR-100667,SALE_DEED,2023,8.61,6.42,25.47,0.239,0.554,-84,1,83.0,0.38,COURT_STAY,0,APPROVED,1
KAG-LR-100668,SALE_DEED,1970,2.62,2.73,2.54,0.005,0.979,40,4,98.1,0.96,NIL,0,APPROVED,0
KAG-LR-100669,PATTA,2000,6.07,6.31,1.26,0.003,0.964,11,2,87.8,1.09,NIL,0,APPROVED,0
KAG-LR-100670,PATTA,1972,3.43,3.44,0.6,0.001,0.978,45,1,88.6,1.1,ACTIVE_MORTGAGE,0,APPROVED,0
KAG-LR-100671,PATTA,1993,0.76,0.72,1.44,0.023,0.96,57,2,98.3,1.01,NIL,1,APPROVED,0
KAG-LR-100672,SALE_DEED,1993,2.38,3.0,25.87,0.321,0.609,-475,1,62.8,0.4,NIL,0,REJECTED,1
KAG-LR-100673,PATTA,1980,2.79,2.7,1.47,0.036,0.937,42,3,99.5,1.07,ACTIVE_MORTGAGE,0,APPROVED,0
KAG-LR-100674,SALE_DEED,1966,17.89,17.04,1.33,0.01,0.967,26,3,91.7,1.07,NIL,0,PENDING,0
KAG-LR-100675,SALE_DEED,2021,3.9,3.88,6.5,0.003,0.97,13,3,90.8,0.97,NIL,0,APPROVED,0
KAG-LR-100676,PATTA,2014,4.99,5.07,1.22,0.025,0.997,26,1,89.3,0.99,NIL,0,APPROVED,0
KAG-LR-100677,POWER_OF_ATTORNEY,1966,3.07,3.53,14.99,0.372,0.565,-189,1,95.8,0.38,DISPUTED,1,REJECTED,1
KAG-LR-100678,SALE_DEED,2005,0.96,0.99,4.47,0.004,0.92,39,4,85.8,0.98,ACTIVE_MORTGAGE,0,APPROVED,0
KAG-LR-100679,PATTA,2020,1.73,1.87,8.22,0.57,0.38,707,1,68.6,0.45,ACTIVE_MORTGAGE,0,REJECTED,1
KAG-LR-100680,POWER_OF_ATTORNEY,2001,1.81,1.81,3.81,0.01,0.946,35,2,93.0,0.97,NIL,0,APPROVED,0
KAG-LR-100681,PATTA,2008,7.37,7.15,3.12,0.0,0.943,49,1,99.5,1.12,NIL,0,APPROVED,0
KAG-LR-100682,POWER_OF_ATTORNEY,2012,5.42,5.24,2.93,0.02,0.977,43,3,96.2,0.96,NIL,0,PENDING,0
KAG-LR-100683,PATTA,1984,4.73,4.64,1.53,0.007,0.982,27,3,88.6,1.03,DISPUTED,0,APPROVED,0
KAG-LR-100684,POWER_OF_ATTORNEY,2012,1.88,1.82,1.19,0.001,0.952,27,1,92.8,1.02,COURT_STAY,0,APPROVED,0
KAG-LR-100685,PATTA,2020,8.46,10.6,25.34,0.279,0.538,2452,2,71.3,0.75,NIL,1,PENDING,1
KAG-LR-100686,PATTA,1971,4.03,3.97,1.52,0.012,0.998,30,2,92.5,0.95,NIL,0,APPROVED,0
KAG-LR-100687,POWER_OF_ATTORNEY,2016,8.35,7.86,0.41,0.004,0.934,57,1,91.1,1.03,NIL,0,APPROVED,0
KAG-LR-100688,SALE_DEED,2016,1.21,1.22,6.5,0.022,0.995,24,2,94.6,1.03,ACTIVE_MORTGAGE,0,APPROVED,0
KAG-LR-100689,POWER_OF_ATTORNEY,1997,0.75,0.76,1.14,0.001,0.97,18,4,90.5,0.93,NIL,0,APPROVED,0
KAG-LR-100690,PATTA,2018,5.6,5.64,3.01,0.001,0.94,44,4,95.7,1.0,NIL,0,APPROVED,0
KAG-LR-100691,PATTA,2026,4.25,4.47,4.38,0.024,0.973,24,2,97.5,0.97,NIL,0,APPROVED,0
KAG-LR-100692,SALE_DEED,1976,2.12,2.18,2.62,0.005,0.975,41,2,87.7,1.0,ACTIVE_MORTGAGE,0,APPROVED,0
KAG-LR-100693,PATTA,1993,2.15,2.14,2.78,0.0,0.936,30,2,90.0,0.98,ACTIVE_MORTGAGE,0,APPROVED,0
KAG-LR-100694,SALE_DEED,2002,0.49,0.51,5.03,0.132,0.428,-578,2,81.7,0.71,ACTIVE_MORTGAGE,1,REJECTED,1
KAG-LR-100695,PATTA,2011,6.79,6.96,1.64,0.012,0.984,33,4,90.4,1.03,ACTIVE_MORTGAGE,0,APPROVED,0
KAG-LR-100696,PATTA,2018,6.66,6.93,6.5,0.005,0.962,20,1,91.8,1.08,NIL,0,APPROVED,0
KAG-LR-100697,PATTA,1990,0.53,0.54,2.85,0.005,0.983,50,2,94.8,0.96,NIL,0,APPROVED,0
KAG-LR-100698,SALE_DEED,1973,3.14,3.26,4.02,0.015,0.969,68,1,92.2,1.02,NIL,0,APPROVED,0
KAG-LR-100699,PATTA,2023,2.56,2.48,1.25,0.003,0.988,29,2,96.8,1.03,NIL,0,APPROVED,0
KAG-LR-100700,PATTA,1996,6.64,6.51,6.5,0.0,0.938,41,3,95.5,1.12,NIL,0,APPROVED,0
KAG-LR-100701,PATTA,1975,7.87,8.14,0.81,0.01,0.964,8,1,91.3,1.03,COURT_STAY,0,APPROVED,0
KAG-LR-100702,SALE_DEED,1996,8.87,9.08,6.5,0.017,0.991,75,3,89.2,1.0,NIL,0,APPROVED,0
KAG-LR-100703,SETTLEMENT,2013,4.98,5.23,0.92,0.012,0.97,45,1,93.2,0.99,NIL,0,APPROVED,0
KAG-LR-100704,PATTA,2022,7.51,7.08,1.58,0.008,0.977,26,2,95.3,0.98,NIL,1,APPROVED,0
KAG-LR-100705,PATTA,2025,1.81,1.82,4.06,0.0,0.98,23,1,94.2,1.03,NIL,0,REJECTED,0
KAG-LR-100706,SALE_DEED,1973,2.83,2.69,2.19,0.026,0.975,27,3,94.9,1.02,NIL,0,APPROVED,0
KAG-LR-100707,PATTA,1997,2.63,2.5,0.56,0.009,0.991,27,3,89.8,1.09,NIL,0,PENDING,0
KAG-LR-100708,SALE_DEED,2015,0.31,0.3,4.66,0.021,0.937,16,3,89.8,1.04,ACTIVE_MORTGAGE,0,PENDING,0
KAG-LR-100709,SALE_DEED,1975,9.75,9.84,6.5,0.009,0.96,23,2,93.4,1.0,NIL,0,APPROVED,0
KAG-LR-100710,SALE_DEED,2012,2.26,2.37,1.32,0.004,0.986,29,3,89.9,1.04,NIL,0,PENDING,0
KAG-LR-100711,PATTA,2005,2.19,2.16,4.22,0.002,0.968,25,4,89.5,0.97,ACTIVE_MORTGAGE,0,APPROVED,0
KAG-LR-100712,SALE_DEED,2004,0.66,0.69,0.57,0.001,0.974,49,3,94.0,1.02,NIL,0,APPROVED,0
KAG-LR-100713,SETTLEMENT,1997,2.94,2.62,10.84,0.225,0.541,-190,2,87.4,0.6,DISPUTED,1,PENDING,1
KAG-LR-100714,PATTA,2008,1.44,1.36,3.93,0.009,0.896,10,2,99.5,0.96,NIL,0,APPROVED,0
KAG-LR-100715,POWER_OF_ATTORNEY,2011,0.48,0.45,0.93,0.011,0.994,71,1,99.5,1.05,NIL,0,APPROVED,0
KAG-LR-100716,SETTLEMENT,2014,1.3,1.61,23.79,0.087,0.439,-198,2,58.2,0.44,NIL,1,REJECTED,1
KAG-LR-100717,PATTA,1998,6.69,6.31,2.4,0.001,0.989,36,1,90.8,0.97,NIL,0,APPROVED,0
KAG-LR-100718,PATTA,1989,1.38,1.39,1.71,0.001,0.975,80,1,94.8,1.0,NIL,0,APPROVED,0
KAG-LR-100719,PATTA,2021,2.72,2.77,2.5,0.0,0.972,21,1,93.6,0.99,NIL,0,APPROVED,0
KAG-LR-100720,POWER_OF_ATTORNEY,1972,2.19,2.23,3.54,0.011,0.988,21,2,90.6,0.98,NIL,0,APPROVED,0
KAG-LR-100721,GIFT_DEED,2019,1.36,1.38,1.83,0.005,0.973,70,1,89.4,0.95,ACTIVE_MORTGAGE,0,PENDING,0
KAG-LR-100722,PATTA,2001,0.34,0.23,33.77,0.217,0.541,604,2,73.9,0.26,ACTIVE_MORTGAGE,0,REJECTED,1
KAG-LR-100723,PATTA,1985,7.93,8.87,11.84,0.502,0.567,-195,1,78.4,0.41,ACTIVE_MORTGAGE,0,REJECTED,1
KAG-LR-100724,SETTLEMENT,1969,0.34,0.34,3.92,0.001,0.967,11,3,98.3,1.05,NIL,0,APPROVED,0
KAG-LR-100725,PATTA,1975,4.09,4.28,1.95,0.0,0.955,39,4,93.4,1.01,ACTIVE_MORTGAGE,0,APPROVED,0
KAG-LR-100726,PATTA,1973,7.89,7.91,1.37,0.015,0.993,11,1,94.8,0.89,COURT_STAY,0,APPROVED,0
KAG-LR-100727,SETTLEMENT,2017,2.11,2.48,17.67,0.176,0.552,132,5,60.9,0.36,ACTIVE_MORTGAGE,1,APPROVED,1
KAG-LR-100728,SALE_DEED,1984,5.21,5.04,3.18,0.003,0.98,43,1,91.8,1.01,NIL,0,APPROVED,0
KAG-LR-100729,PATTA,1972,7.05,6.83,2.12,0.006,0.953,29,1,91.9,0.98,NIL,0,APPROVED,0
KAG-LR-100730,PATTA,1980,7.36,7.04,0.87,0.017,0.96,24,2,89.4,0.95,NIL,0,APPROVED,0
KAG-LR-100731,SETTLEMENT,2014,4.59,5.06,10.25,0.184,0.53,-271,1,74.2,0.46,ACTIVE_MORTGAGE,1,APPROVED,1
KAG-LR-100732,SALE_DEED,1993,1.27,1.47,15.67,0.094,0.485,2314,3,65.7,0.48,NIL,0,REJECTED,1
KAG-LR-100733,PATTA,2007,0.5,0.48,4.35,0.006,0.991,60,1,95.7,1.04,NIL,0,APPROVED,0
KAG-LR-100734,SALE_DEED,2012,0.69,0.71,2.03,0.016,0.948,23,1,94.3,1.07,NIL,0,PENDING,0
KAG-LR-100735,PATTA,2011,0.3,0.31,1.91,0.003,0.98,61,2,92.5,1.0,NIL,0,APPROVED,0
KAG-LR-100736,GIFT_DEED,2013,5.3,5.14,1.66,0.02,0.995,44,3,93.7,0.99,NIL,0,APPROVED,0
KAG-LR-100737,PATTA,1967,7.2,6.87,3.04,0.0,0.979,35,2,91.2,1.02,ACTIVE_MORTGAGE,0,APPROVED,0
KAG-LR-100738,SETTLEMENT,2012,4.98,4.8,1.89,0.012,0.964,35,2,91.3,0.94,ACTIVE_MORTGAGE,1,APPROVED,0
KAG-LR-100739,PATTA,2021,2.91,2.83,0.88,0.008,0.971,50,1,99.5,0.97,ACTIVE_MORTGAGE,0,APPROVED,0
KAG-LR-100740,PATTA,1997,10.69,10.84,5.63,0.01,0.971,33,2,97.1,0.99,ACTIVE_MORTGAGE,0,PENDING,0
KAG-LR-100741,POWER_OF_ATTORNEY,1976,4.79,4.92,0.54,0.009,0.949,39,4,91.0,1.0,NIL,1,APPROVED,0
KAG-LR-100742,PATTA,2019,2.71,3.22,18.91,0.118,0.457,-148,1,90.1,0.75,NIL,0,PENDING,1
KAG-LR-100743,SALE_DEED,2003,2.89,2.99,3.02,0.005,0.96,22,3,89.1,1.03,NIL,0,APPROVED,0
KAG-LR-100744,PATTA,2019,7.22,7.09,0.55,0.011,0.965,30,2,96.3,1.04,NIL,0,APPROVED,0
KAG-LR-100745,POWER_OF_ATTORNEY,2015,2.02,1.94,3.04,0.002,0.965,14,1,93.2,0.93,NIL,0,APPROVED,0
KAG-LR-100746,PATTA,1978,1.87,1.87,2.31,0.002,0.958,62,1,96.7,0.99,NIL,0,APPROVED,0
KAG-LR-100747,PATTA,2011,0.35,0.37,4.4,0.013,0.967,54,4,88.6,0.93,NIL,0,APPROVED,0
KAG-LR-100748,SALE_DEED,2012,2.26,2.13,5.82,0.355,0.528,2176,1,77.1,0.77,COURT_STAY,1,REJECTED,1
KAG-LR-100749,GIFT_DEED,1965,0.42,0.44,5.36,0.444,0.764,-651,2,73.7,0.3,COURT_STAY,1,PENDING,1
KAG-LR-100750,PATTA,1978,14.48,13.8,6.14,0.018,0.959,25,3,91.1,1.05,NIL,0,APPROVED,0
KAG-LR-100751,SALE_DEED,1998,1.31,1.39,0.87,0.011,0.95,60,2,93.0,1.1,NIL,0,APPROVED,0
KAG-LR-100752,POWER_OF_ATTORNEY,1971,0.79,0.8,1.14,0.004,0.917,52,5,97.6,0.99,NIL,0,APPROVED,0
KAG-LR-100753,PATTA,2024,9.85,9.38,2.07,0.009,0.994,40,1,95.8,0.97,NIL,1,APPROVED,0
KAG-LR-100754,SALE_DEED,2000,2.14,2.22,3.37,0.003,0.94,10,1,94.2,1.03,NIL,0,APPROVED,0
KAG-LR-100755,GIFT_DEED,1979,1.94,1.93,1.33,0.013,0.922,8,3,88.5,1.06,NIL,0,APPROVED,0
KAG-LR-100756,SALE_DEED,2000,6.51,6.53,3.37,0.001,0.971,40,2,98.0,1.03,NIL,0,APPROVED,0
KAG-LR-100757,PATTA,2016,0.7,0.72,3.13,0.0,0.971,17,2,90.0,0.9,NIL,0,APPROVED,0
KAG-LR-100758,PATTA,2019,5.23,5.54,3.77,0.013,0.87,29,3,96.2,1.06,COURT_STAY,0,APPROVED,0
KAG-LR-100759,SALE_DEED,1985,5.53,5.58,6.5,0.0,0.954,16,3,93.7,1.01,NIL,0,APPROVED,0
KAG-LR-100760,SALE_DEED,1981,1.13,1.14,2.42,0.005,0.935,41,5,88.5,1.03,NIL,0,REJECTED,0
KAG-LR-100761,SALE_DEED,1994,7.12,7.19,0.64,0.017,0.988,42,1,95.2,0.99,NIL,0,APPROVED,0
KAG-LR-100762,SETTLEMENT,1979,2.77,2.9,2.89,0.005,0.99,8,4,94.1,0.94,COURT_STAY,0,APPROVED,0
KAG-LR-100763,SALE_DEED,2000,2.84,2.97,1.65,0.006,0.949,30,2,95.3,1.03,NIL,0,APPROVED,0
KAG-LR-100764,SALE_DEED,1992,0.75,0.77,1.31,0.017,0.991,36,3,96.0,0.99,NIL,0,APPROVED,0
KAG-LR-100765,SALE_DEED,1997,1.13,0.81,28.63,0.35,0.498,-46,5,70.7,0.27,ACTIVE_MORTGAGE,1,REJECTED,1
KAG-LR-100766,GIFT_DEED,1996,0.75,0.75,6.5,0.002,0.978,11,1,92.4,1.05,NIL,0,APPROVED,0
KAG-LR-100767,SETTLEMENT,1971,6.9,6.85,0.79,0.002,0.948,25,1,92.7,0.94,NIL,0,APPROVED,0
KAG-LR-100768,PATTA,1976,0.65,0.61,5.83,0.369,0.616,823,2,77.7,0.48,DISPUTED,1,REJECTED,1
KAG-LR-100769,SALE_DEED,2011,1.21,1.45,19.96,0.49,0.564,893,1,73.4,0.3,DISPUTED,1,REJECTED,1
KAG-LR-100770,PATTA,1977,1.46,1.25,14.7,0.505,0.633,2038,3,83.7,0.26,ACTIVE_MORTGAGE,1,APPROVED,1
KAG-LR-100771,SETTLEMENT,2020,2.53,2.51,2.38,0.002,0.951,30,1,93.1,0.92,NIL,1,APPROVED,0
KAG-LR-100772,PATTA,2007,2.85,2.73,4.5,0.003,0.989,47,1,97.4,0.99,ACTIVE_MORTGAGE,0,PENDING,0
KAG-LR-100773,PATTA,1978,0.86,0.92,7.3,0.293,0.546,45,1,72.1,0.49,ACTIVE_MORTGAGE,1,PENDING,1
KAG-LR-100774,SALE_DEED,2019,3.79,3.72,3.06,0.008,0.997,14,2,85.3,1.04,NIL,0,APPROVED,0
KAG-LR-100775,POWER_OF_ATTORNEY,2014,1.0,1.04,1.47,0.003,0.995,22,2,90.4,0.96,NIL,0,APPROVED,0
KAG-LR-100776,SETTLEMENT,1998,0.68,0.69,3.93,0.026,0.966,21,4,93.4,0.91,NIL,0,APPROVED,0
KAG-LR-100777,PATTA,2003,4.61,4.79,1.47,0.001,0.948,35,4,96.2,0.92,NIL,0,APPROVED,0
KAG-LR-100778,PATTA,1982,2.53,1.91,24.32,0.491,0.715,-229,2,72.6,0.51,NIL,1,REJECTED,1
KAG-LR-100779,POWER_OF_ATTORNEY,2020,1.63,1.7,4.51,0.225,0.621,1340,2,72.6,0.46,NIL,1,REJECTED,1
KAG-LR-100780,PATTA,2010,0.81,0.82,2.05,0.0,0.982,25,4,99.0,1.1,NIL,0,APPROVED,0
KAG-LR-100781,SETTLEMENT,2003,1.97,1.91,1.59,0.002,0.987,19,1,95.2,1.02,NIL,0,APPROVED,0
KAG-LR-100782,PATTA,1967,1.03,1.09,3.91,0.004,0.986,23,1,92.1,0.98,NIL,0,APPROVED,0
KAG-LR-100783,PATTA,1968,2.98,2.9,6.22,0.011,0.967,44,1,91.0,1.07,NIL,0,APPROVED,0
KAG-LR-100784,SALE_DEED,1980,2.17,1.76,19.04,0.362,0.597,1286,2,76.1,0.32,COURT_STAY,0,PENDING,1
KAG-LR-100785,POWER_OF_ATTORNEY,2025,7.24,7.21,2.51,0.015,0.988,20,1,95.9,1.09,NIL,0,PENDING,0
KAG-LR-100786,SALE_DEED,1977,0.91,0.86,5.84,0.343,0.697,-80,1,53.9,0.38,NIL,0,PENDING,1
KAG-LR-100787,PATTA,2023,1.04,1.05,1.95,0.001,0.955,20,2,93.0,1.07,NIL,0,PENDING,0
KAG-LR-100788,GIFT_DEED,1995,5.18,5.44,0.82,0.009,0.94,40,4,86.2,0.96,NIL,0,APPROVED,0
KAG-LR-100789,SETTLEMENT,1987,2.34,2.28,1.53,0.007,0.998,18,1,87.3,1.01,NIL,0,APPROVED,0
KAG-LR-100790,SALE_DEED,1990,3.7,3.68,4.54,0.022,0.938,30,4,91.2,0.88,NIL,0,APPROVED,0
KAG-LR-100791,PATTA,1993,3.61,3.36,7.05,0.243,0.465,169,3,75.1,0.36,NIL,1,PENDING,1
KAG-LR-100792,PATTA,1986,12.01,12.17,1.09,0.023,0.982,59,2,92.2,1.08,ACTIVE_MORTGAGE,1,APPROVED,0
KAG-LR-100793,PATTA,1966,0.91,0.9,2.42,0.016,0.968,74,2,91.2,0.92,ACTIVE_MORTGAGE,0,APPROVED,0
KAG-LR-100794,SALE_DEED,1985,3.08,3.2,1.13,0.004,0.979,37,1,96.9,0.94,NIL,0,APPROVED,0
KAG-LR-100795,PATTA,1975,0.34,0.34,3.35,0.001,0.991,36,3,85.6,0.94,NIL,0,APPROVED,0
KAG-LR-100796,SALE_DEED,1970,3.92,3.74,5.43,0.007,0.999,24,2,90.2,1.05,NIL,0,APPROVED,0
KAG-LR-100797,POWER_OF_ATTORNEY,2005,7.03,7.18,5.23,0.007,0.972,10,1,90.7,1.0,DISPUTED,0,PENDING,0
KAG-LR-100798,POWER_OF_ATTORNEY,1982,4.6,4.52,2.08,0.0,0.985,38,1,83.4,1.0,ACTIVE_MORTGAGE,0,APPROVED,0
KAG-LR-100799,SALE_DEED,2009,4.65,4.44,4.52,0.35,0.395,1073,2,81.6,0.7,ACTIVE_MORTGAGE,1,PENDING,1
KAG-LR-100800,SALE_DEED,1999,0.31,0.29,2.72,0.003,0.909,44,1,89.9,0.98,NIL,0,APPROVED,0
KAG-LR-100801,PATTA,1988,0.51,0.5,1.41,0.015,0.967,21,1,99.5,1.01,NIL,0,APPROVED,0
KAG-LR-100802,SETTLEMENT,2019,9.18,10.22,11.31,0.447,0.729,428,2,38.1,0.41,ACTIVE_MORTGAGE,1,PENDING,1
KAG-LR-100803,PATTA,1982,6.78,6.9,5.38,0.009,0.951,16,4,84.7,0.98,NIL,1,APPROVED,0
KAG-LR-100804,PATTA,1992,0.67,0.68,4.77,0.015,0.988,53,1,91.9,0.95,NIL,0,APPROVED,0
KAG-LR-100805,SETTLEMENT,2010,0.51,0.48,6.5,0.007,0.996,22,3,90.9,0.97,NIL,0,APPROVED,0
KAG-LR-100806,GIFT_DEED,2024,2.36,2.46,6.5,0.001,0.97,24,1,90.2,0.95,NIL,0,APPROVED,0
KAG-LR-100807,SALE_DEED,2004,1.67,1.58,4.2,0.019,0.988,116,2,98.6,0.97,NIL,0,APPROVED,0
KAG-LR-100808,SALE_DEED,2023,1.54,1.56,1.83,0.006,0.981,7,1,89.6,1.1,NIL,0,APPROVED,0
KAG-LR-100809,PATTA,2012,5.12,4.57,10.72,0.182,0.554,2344,1,64.2,0.75,DISPUTED,1,PENDING,1
KAG-LR-100810,SETTLEMENT,1974,0.59,0.7,18.7,0.206,0.532,1701,2,59.1,0.76,ACTIVE_MORTGAGE,1,APPROVED,1
KAG-LR-100811,PATTA,2025,5.76,5.78,1.92,0.004,0.96,49,1,96.3,0.99,NIL,0,APPROVED,0
KAG-LR-100812,PATTA,1978,5.37,5.15,1.96,0.004,0.991,29,2,99.5,0.92,NIL,0,APPROVED,0
KAG-LR-100813,SETTLEMENT,2007,12.45,13.08,1.0,0.003,0.987,16,4,94.1,1.0,NIL,0,APPROVED,0
KAG-LR-100814,SALE_DEED,1996,0.3,0.29,2.28,0.0,0.979,46,3,93.0,1.04,NIL,0,APPROVED,0
KAG-LR-100815,PATTA,2018,6.36,6.67,3.45,0.007,0.965,13,3,88.3,1.04,NIL,0,APPROVED,0
KAG-LR-100816,PATTA,1990,1.85,1.84,6.5,0.01,0.98,20,3,99.1,1.0,NIL,0,APPROVED,0
KAG-LR-100817,SETTLEMENT,1989,8.45,8.32,3.1,0.001,0.966,8,4,92.1,0.99,NIL,0,APPROVED,0
KAG-LR-100818,SALE_DEED,1992,1.29,1.31,4.83,0.003,0.956,11,1,94.0,1.0,NIL,0,APPROVED,0
KAG-LR-100819,PATTA,2021,6.6,6.92,3.33,0.001,0.985,74,2,89.7,0.99,ACTIVE_MORTGAGE,0,APPROVED,0
KAG-LR-100820,SALE_DEED,1983,6.83,6.88,2.45,0.001,0.982,39,3,97.1,0.91,NIL,0,PENDING,0
KAG-LR-100821,SALE_DEED,2000,0.88,0.9,0.98,0.014,0.946,24,1,90.1,1.02,NIL,0,APPROVED,0
KAG-LR-100822,SETTLEMENT,2013,2.6,2.97,14.3,0.272,0.561,-514,3,39.6,0.52,DISPUTED,1,REJECTED,1
KAG-LR-100823,PATTA,1994,3.0,3.17,0.99,0.036,0.946,36,1,93.5,1.05,NIL,1,APPROVED,0
KAG-LR-100824,SALE_DEED,1988,2.41,2.46,1.52,0.004,0.944,73,3,92.2,0.97,NIL,0,APPROVED,0
KAG-LR-100825,SALE_DEED,2018,3.43,3.6,4.91,0.402,0.708,1222,3,55.2,0.69,NIL,0,PENDING,1
KAG-LR-100826,PATTA,2013,4.05,2.78,31.42,0.249,0.468,556,1,79.4,0.36,DISPUTED,0,REJECTED,1
KAG-LR-100827,SETTLEMENT,1971,1.77,1.86,0.22,0.001,0.951,38,3,92.8,0.98,DISPUTED,0,APPROVED,0
KAG-LR-100828,SALE_DEED,1990,3.26,3.16,0.29,0.0,0.98,34,1,90.3,1.06,ACTIVE_MORTGAGE,0,APPROVED,0
KAG-LR-100829,PATTA,1999,2.2,2.67,21.41,0.334,0.754,1822,3,84.1,0.26,ACTIVE_MORTGAGE,0,APPROVED,1
KAG-LR-100830,SALE_DEED,1995,1.89,1.89,0.92,0.003,0.984,22,3,89.6,0.93,NIL,0,APPROVED,0
KAG-LR-100831,PATTA,1997,0.82,0.67,18.43,0.299,0.67,2436,2,74.3,0.32,ACTIVE_MORTGAGE,0,PENDING,1
KAG-LR-100832,SALE_DEED,2008,0.7,0.73,5.9,0.006,0.956,53,2,94.5,0.99,NIL,0,REJECTED,0
KAG-LR-100833,SALE_DEED,1967,3.09,3.17,5.27,0.001,0.978,30,1,92.9,0.95,NIL,0,APPROVED,0
KAG-LR-100834,SALE_DEED,2023,12.74,12.36,2.42,0.013,0.964,72,2,87.9,1.07,NIL,0,APPROVED,0
KAG-LR-100835,PATTA,1998,0.87,0.85,1.11,0.006,0.977,11,3,94.0,0.92,NIL,1,APPROVED,0
KAG-LR-100836,SALE_DEED,1978,11.12,10.57,3.29,0.003,0.932,30,3,95.6,1.04,NIL,0,PENDING,0
KAG-LR-100837,SALE_DEED,1983,1.45,1.45,1.81,0.013,0.963,54,2,93.6,1.09,NIL,0,APPROVED,0
KAG-LR-100838,PATTA,1984,10.38,7.81,24.8,0.171,0.576,1116,2,97.0,0.35,ACTIVE_MORTGAGE,1,PENDING,1
KAG-LR-100839,POWER_OF_ATTORNEY,1992,1.01,0.98,0.67,0.002,0.979,28,2,94.3,1.04,COURT_STAY,0,APPROVED,0
KAG-LR-100840,PATTA,1986,7.7,8.09,3.74,0.001,0.963,55,1,91.6,0.91,NIL,0,APPROVED,0
KAG-LR-100841,PATTA,2024,5.95,6.27,6.5,0.009,0.96,32,3,88.7,0.95,NIL,0,APPROVED,0
KAG-LR-100842,SALE_DEED,1995,0.78,0.75,2.28,0.012,0.977,8,1,91.9,1.02,NIL,0,APPROVED,0
KAG-LR-100843,SALE_DEED,1998,1.37,1.35,1.84,0.006,0.979,25,1,93.2,0.91,NIL,0,APPROVED,0
KAG-LR-100844,PATTA,2022,5.98,5.67,1.25,0.008,0.958,24,3,86.2,1.01,ACTIVE_MORTGAGE,0,APPROVED,0
KAG-LR-100845,SETTLEMENT,2008,4.18,4.38,1.23,0.0,0.988,21,3,92.9,0.94,NIL,0,APPROVED,0
KAG-LR-100846,PATTA,2006,0.76,0.71,7.16,0.247,0.506,266,2,64.3,0.5,DISPUTED,1,PENDING,1
KAG-LR-100847,SALE_DEED,2013,3.67,3.88,4.74,0.044,0.991,45,1,96.4,0.93,NIL,0,APPROVED,0
KAG-LR-100848,PATTA,1981,2.08,2.06,2.64,0.007,0.941,31,5,92.8,0.92,NIL,0,APPROVED,0
KAG-LR-100849,GIFT_DEED,1968,11.52,11.32,3.5,0.004,0.97,35,2,97.4,1.0,NIL,0,APPROVED,0
KAG-LR-100850,PATTA,1989,0.67,0.7,4.88,0.015,0.958,13,3,95.1,1.0,NIL,0,APPROVED,0
KAG-LR-100851,PATTA,2019,10.7,11.04,1.16,0.0,0.968,38,1,99.5,0.97,NIL,0,APPROVED,0
KAG-LR-100852,SETTLEMENT,1989,3.54,3.08,13.07,0.096,0.515,2358,1,67.1,0.31,ACTIVE_MORTGAGE,0,REJECTED,1
KAG-LR-100853,SALE_DEED,1989,1.84,1.78,1.29,0.003,0.91,6,3,95.1,0.96,NIL,0,APPROVED,0
KAG-LR-100854,GIFT_DEED,1986,2.22,2.24,1.73,0.005,0.909,25,1,92.8,0.95,NIL,1,APPROVED,0
KAG-LR-100855,POWER_OF_ATTORNEY,1985,1.12,1.59,41.79,0.348,0.662,808,1,91.8,0.43,DISPUTED,1,PENDING,1
KAG-LR-100856,PATTA,1994,7.56,7.71,3.14,0.001,0.985,20,2,99.5,0.93,ACTIVE_MORTGAGE,0,APPROVED,0
KAG-LR-100857,PATTA,1991,1.07,1.07,2.75,0.01,0.938,39,2,86.7,0.99,DISPUTED,0,APPROVED,0
KAG-LR-100858,SALE_DEED,2014,0.52,0.51,1.77,0.014,0.955,77,2,89.6,0.96,NIL,0,APPROVED,0
KAG-LR-100859,SALE_DEED,2026,3.12,3.06,1.67,0.004,0.997,22,4,91.0,1.06,NIL,0,PENDING,0
KAG-LR-100860,PATTA,2007,2.36,2.42,2.16,0.016,0.952,32,1,89.6,0.99,NIL,0,APPROVED,0
KAG-LR-100861,SETTLEMENT,1996,0.47,0.49,1.71,0.006,0.945,44,1,91.2,0.94,ACTIVE_MORTGAGE,0,PENDING,0
KAG-LR-100862,PATTA,2014,1.57,1.48,1.92,0.021,0.97,37,3,97.1,0.93,ACTIVE_MORTGAGE,0,APPROVED,0
KAG-LR-100863,SETTLEMENT,1992,10.47,9.89,2.28,0.01,0.967,26,2,86.6,0.97,NIL,0,PENDING,0
KAG-LR-100864,SALE_DEED,1993,2.33,1.89,19.05,0.331,0.686,1414,2,79.5,0.5,ACTIVE_MORTGAGE,1,PENDING,1
KAG-LR-100865,SALE_DEED,2006,5.09,5.77,13.33,0.343,0.362,-175,2,97.0,0.61,COURT_STAY,1,REJECTED,1
KAG-LR-100866,SALE_DEED,2019,3.33,3.45,1.45,0.004,0.908,18,5,88.0,0.98,NIL,0,APPROVED,0
KAG-LR-100867,PATTA,1985,7.89,5.71,27.63,0.295,0.617,134,3,63.6,0.26,ACTIVE_MORTGAGE,0,PENDING,1
KAG-LR-100868,SALE_DEED,1987,7.94,8.28,1.58,0.007,0.956,38,3,90.4,0.96,NIL,0,APPROVED,0
KAG-LR-100869,POWER_OF_ATTORNEY,1981,11.29,11.41,1.53,0.012,0.994,34,2,86.2,0.97,NIL,1,APPROVED,0
KAG-LR-100870,PATTA,2011,0.33,0.34,1.03,0.028,0.981,90,2,90.1,1.03,NIL,0,APPROVED,0
KAG-LR-100871,POWER_OF_ATTORNEY,2001,1.07,1.11,2.51,0.0,0.884,30,4,92.2,1.03,NIL,0,APPROVED,0
KAG-LR-100872,POWER_OF_ATTORNEY,1996,0.5,0.48,0.93,0.002,0.993,12,2,96.5,1.03,NIL,0,APPROVED,0
KAG-LR-100873,PATTA,1970,4.37,2.81,35.8,0.484,0.482,-387,2,77.3,0.27,DISPUTED,1,APPROVED,1
KAG-LR-100874,SETTLEMENT,1982,2.63,2.5,3.67,0.007,0.967,33,4,91.1,0.97,NIL,0,APPROVED,0
KAG-LR-100875,PATTA,1977,0.7,0.69,5.4,0.013,0.982,11,4,91.6,1.1,NIL,0,APPROVED,0
KAG-LR-100876,PATTA,1983,0.34,0.33,0.53,0.011,0.938,30,2,98.8,0.91,ACTIVE_MORTGAGE,0,PENDING,0
KAG-LR-100877,SALE_DEED,1984,12.92,12.46,2.16,0.005,0.941,15,3,93.2,1.15,NIL,0,APPROVED,0
KAG-LR-100878,POWER_OF_ATTORNEY,2014,0.82,0.8,1.99,0.007,0.99,25,1,91.7,0.98,NIL,0,APPROVED,0
KAG-LR-100879,GIFT_DEED,1987,0.91,0.87,2.2,0.017,0.969,30,2,83.9,0.9,NIL,1,APPROVED,0
KAG-LR-100880,PATTA,1986,2.41,1.74,27.8,0.44,0.447,518,2,92.4,0.29,COURT_STAY,1,REJECTED,1
KAG-LR-100881,POWER_OF_ATTORNEY,1985,3.4,3.53,3.41,0.023,0.999,26,2,97.8,0.94,NIL,0,PENDING,0
KAG-LR-100882,PATTA,1999,5.09,4.74,6.81,0.167,0.493,-691,1,73.0,0.69,DISPUTED,0,REJECTED,1
KAG-LR-100883,SETTLEMENT,2005,6.33,6.46,4.56,0.013,0.954,20,5,97.8,1.03,NIL,0,PENDING,0
KAG-LR-100884,POWER_OF_ATTORNEY,2005,1.09,1.08,6.5,0.001,0.981,56,5,95.6,0.97,NIL,1,APPROVED,0
KAG-LR-100885,PATTA,1966,4.74,4.49,3.18,0.002,0.929,62,3,94.0,1.0,NIL,0,REJECTED,0
KAG-LR-100886,SALE_DEED,1995,8.66,8.61,5.87,0.009,0.983,63,3,93.0,1.0,NIL,0,APPROVED,0
KAG-LR-100887,SETTLEMENT,1984,0.42,0.43,1.89,0.009,0.995,25,2,88.3,1.04,NIL,0,APPROVED,0
KAG-LR-100888,SALE_DEED,2002,4.84,4.48,7.48,0.273,0.576,1216,2,65.2,0.39,ACTIVE_MORTGAGE,1,REJECTED,1
KAG-LR-100889,PATTA,1996,0.6,0.59,2.4,0.009,0.941,37,1,88.3,0.9,NIL,0,APPROVED,0
KAG-LR-100890,SALE_DEED,1996,0.36,0.31,13.02,0.264,0.537,-102,2,84.1,0.36,DISPUTED,1,APPROVED,1
KAG-LR-100891,SALE_DEED,1969,1.62,1.6,1.78,0.003,0.971,59,2,95.3,1.06,NIL,1,APPROVED,0
KAG-LR-100892,PATTA,1994,1.45,1.17,19.57,0.606,0.582,1385,1,61.7,0.72,COURT_STAY,0,PENDING,1
KAG-LR-100893,SALE_DEED,2007,2.56,2.37,7.5,0.421,0.494,1532,2,73.8,0.7,DISPUTED,1,REJECTED,1
KAG-LR-100894,POWER_OF_ATTORNEY,2006,5.83,5.67,3.07,0.008,0.977,24,2,94.6,1.01,NIL,0,PENDING,0
KAG-LR-100895,SALE_DEED,2002,2.01,2.06,6.42,0.004,0.985,32,2,98.6,1.01,NIL,0,APPROVED,0
KAG-LR-100896,SALE_DEED,2001,2.18,1.84,15.42,0.188,0.608,396,2,77.1,0.3,NIL,1,APPROVED,1
KAG-LR-100897,SALE_DEED,1974,1.11,1.16,4.83,0.002,0.999,47,3,86.8,1.04,NIL,0,APPROVED,0
KAG-LR-100898,SALE_DEED,1988,4.63,3.81,17.73,0.143,0.618,118,1,63.8,0.38,NIL,1,REJECTED,1
KAG-LR-100899,POWER_OF_ATTORNEY,1977,3.99,3.87,1.87,0.009,0.951,22,2,97.5,0.9,NIL,0,APPROVED,0
KAG-LR-100900,POWER_OF_ATTORNEY,1968,0.51,0.5,2.35,0.014,0.94,9,1,98.7,0.89,NIL,0,APPROVED,0
KAG-LR-100901,POWER_OF_ATTORNEY,1998,1.82,1.78,2.41,0.015,0.999,27,3,85.6,0.98,NIL,0,PENDING,0
KAG-LR-100902,SETTLEMENT,2024,0.49,0.48,6.5,0.01,0.956,42,3,93.5,0.99,NIL,0,APPROVED,0
KAG-LR-100903,PATTA,1977,1.6,1.53,6.1,0.002,0.921,27,1,93.6,1.1,NIL,0,APPROVED,0
KAG-LR-100904,PATTA,1991,0.72,0.71,1.06,0.012,0.95,20,1,89.4,0.96,NIL,0,APPROVED,0
KAG-LR-100905,SALE_DEED,2025,1.47,1.54,5.12,0.0,0.979,24,2,99.5,0.96,NIL,0,APPROVED,0
KAG-LR-100906,GIFT_DEED,1983,0.34,0.35,1.65,0.006,0.922,69,2,98.8,0.99,NIL,0,APPROVED,0
KAG-LR-100907,SALE_DEED,2016,7.25,7.66,5.68,0.596,0.428,2192,1,56.8,0.64,ACTIVE_MORTGAGE,0,REJECTED,1
KAG-LR-100908,SALE_DEED,1992,2.67,2.51,0.78,0.003,0.981,23,1,95.7,0.92,ACTIVE_MORTGAGE,0,PENDING,0
KAG-LR-100909,POWER_OF_ATTORNEY,2005,2.86,2.77,1.42,0.0,0.952,58,1,95.7,1.0,NIL,0,APPROVED,0
KAG-LR-100910,POWER_OF_ATTORNEY,2005,3.65,3.77,1.77,0.014,0.994,98,3,89.4,0.98,NIL,0,APPROVED,0
KAG-LR-100911,PATTA,2001,1.25,1.25,5.62,0.003,0.966,23,1,94.0,0.93,NIL,0,APPROVED,0
KAG-LR-100912,PATTA,1981,5.1,4.85,1.68,0.002,0.966,14,2,94.4,1.07,NIL,0,APPROVED,0
KAG-LR-100913,SALE_DEED,2016,10.55,11.16,0.54,0.015,0.985,23,4,95.7,0.98,ACTIVE_MORTGAGE,0,APPROVED,0
KAG-LR-100914,POWER_OF_ATTORNEY,2018,1.35,1.35,2.93,0.0,0.976,42,1,90.0,0.9,NIL,1,APPROVED,0
KAG-LR-100915,PATTA,1995,6.27,6.47,0.29,0.006,0.946,11,3,92.1,1.09,ACTIVE_MORTGAGE,0,APPROVED,0
KAG-LR-100916,PATTA,1977,4.33,4.36,3.32,0.003,0.894,26,4,91.8,1.07,NIL,0,APPROVED,0
KAG-LR-100917,SETTLEMENT,1985,2.65,2.72,2.06,0.012,0.98,14,2,93.3,1.02,NIL,0,APPROVED,0
KAG-LR-100918,SALE_DEED,1977,2.75,4.05,47.33,0.107,0.65,420,1,88.8,0.42,ACTIVE_MORTGAGE,1,PENDING,1
KAG-LR-100919,GIFT_DEED,1974,8.51,8.41,3.55,0.004,0.985,14,3,93.3,1.08,NIL,0,APPROVED,0
KAG-LR-100920,POWER_OF_ATTORNEY,2014,7.57,6.86,9.39,0.215,0.677,411,3,71.9,0.65,NIL,0,REJECTED,1
KAG-LR-100921,SETTLEMENT,1988,11.32,11.68,1.46,0.008,0.975,11,1,90.4,0.93,NIL,0,APPROVED,0
KAG-LR-100922,PATTA,2025,1.23,1.29,3.22,0.002,0.992,51,1,91.7,0.99,NIL,0,APPROVED,0
KAG-LR-100923,PATTA,1979,1.62,1.54,3.35,0.008,0.996,100,3,99.5,1.04,NIL,0,APPROVED,0
KAG-LR-100924,PATTA,1982,1.51,1.52,1.95,0.006,0.966,38,3,93.8,1.02,NIL,0,APPROVED,0
KAG-LR-100925,GIFT_DEED,1979,2.03,2.05,5.19,0.027,0.942,28,4,91.2,0.97,NIL,0,APPROVED,0
KAG-LR-100926,SALE_DEED,1987,10.5,11.05,1.68,0.003,0.941,39,2,97.1,1.02,ACTIVE_MORTGAGE,0,APPROVED,0
KAG-LR-100927,PATTA,1984,1.38,1.31,1.95,0.002,0.998,37,2,92.9,0.93,ACTIVE_MORTGAGE,0,APPROVED,0
KAG-LR-100928,PATTA,2010,2.16,2.26,0.86,0.002,0.941,34,1,87.8,0.93,NIL,0,PENDING,0
KAG-LR-100929,SETTLEMENT,1992,9.06,9.0,1.34,0.036,0.964,42,1,91.7,1.14,NIL,0,APPROVED,0
KAG-LR-100930,PATTA,2013,4.5,4.72,1.17,0.013,0.954,20,3,96.3,1.08,NIL,0,APPROVED,0
KAG-LR-100931,SALE_DEED,1996,2.42,2.33,3.16,0.006,0.982,39,1,91.6,0.99,ACTIVE_MORTGAGE,1,APPROVED,0
KAG-LR-100932,SALE_DEED,2003,3.86,3.78,0.7,0.006,0.99,15,2,92.3,0.94,NIL,0,APPROVED,0
KAG-LR-100933,PATTA,1973,0.71,0.71,2.3,0.003,0.978,33,3,95.8,0.95,NIL,0,APPROVED,0
KAG-LR-100934,PATTA,2026,6.55,6.2,2.9,0.009,0.909,10,1,98.1,1.01,NIL,0,APPROVED,0
KAG-LR-100935,SALE_DEED,2000,2.1,2.02,2.16,0.014,0.997,17,2,86.8,0.9,NIL,0,APPROVED,0
KAG-LR-100936,SETTLEMENT,1983,0.93,0.88,0.91,0.012,0.961,26,3,99.5,1.0,NIL,0,APPROVED,0
KAG-LR-100937,PATTA,2023,1.07,0.95,11.05,0.471,0.56,111,3,64.7,0.26,DISPUTED,1,APPROVED,1
KAG-LR-100938,PATTA,2025,1.22,1.19,0.78,0.0,0.991,24,2,96.5,0.93,NIL,0,APPROVED,0
KAG-LR-100939,POWER_OF_ATTORNEY,1995,3.82,3.74,1.67,0.031,0.984,41,1,90.7,0.97,NIL,0,APPROVED,0
KAG-LR-100940,SETTLEMENT,1966,2.16,1.99,8.01,0.32,0.633,1376,1,75.7,0.6,ACTIVE_MORTGAGE,0,APPROVED,1
KAG-LR-100941,PATTA,2009,3.25,3.63,11.82,0.179,0.536,-641,2,38.0,0.72,COURT_STAY,1,APPROVED,1
KAG-LR-100942,POWER_OF_ATTORNEY,2010,2.18,2.12,1.03,0.008,0.983,9,2,88.5,1.09,NIL,0,PENDING,0
KAG-LR-100943,PATTA,1975,0.54,0.55,3.19,0.003,0.975,21,2,96.9,1.06,NIL,0,APPROVED,0
KAG-LR-100944,PATTA,1974,4.43,4.2,2.34,0.005,0.955,8,1,95.3,1.0,NIL,0,APPROVED,0
KAG-LR-100945,POWER_OF_ATTORNEY,1997,2.65,2.5,1.9,0.007,0.995,21,1,92.0,1.0,NIL,0,APPROVED,0
KAG-LR-100946,PATTA,1994,0.81,0.76,4.03,0.004,0.981,27,1,87.4,1.09,NIL,0,PENDING,0
KAG-LR-100947,PATTA,1991,3.11,2.99,2.13,0.005,0.962,43,1,89.8,0.92,ACTIVE_MORTGAGE,0,APPROVED,0
KAG-LR-100948,PATTA,2002,2.28,2.41,6.5,0.001,0.955,64,2,94.9,1.05,NIL,0,APPROVED,0
KAG-LR-100949,SETTLEMENT,1991,1.51,1.52,3.82,0.013,0.972,27,2,97.9,0.99,NIL,1,APPROVED,0
KAG-LR-100950,PATTA,1972,5.11,5.23,6.5,0.015,0.933,80,1,89.9,0.97,DISPUTED,0,APPROVED,0
KAG-LR-100951,SALE_DEED,2021,2.71,2.65,1.12,0.001,0.99,27,1,90.5,1.06,NIL,0,APPROVED,0
KAG-LR-100952,PATTA,2016,0.8,0.83,2.44,0.003,0.961,12,1,91.1,1.14,NIL,0,APPROVED,0
KAG-LR-100953,SETTLEMENT,1969,3.35,2.28,31.92,0.576,0.601,-558,2,71.6,0.28,ACTIVE_MORTGAGE,0,PENDING,1
KAG-LR-100954,PATTA,1992,0.52,0.51,0.79,0.003,0.912,38,2,88.6,1.07,NIL,0,APPROVED,0
KAG-LR-100955,PATTA,1991,2.57,2.68,2.24,0.003,0.948,36,1,95.1,1.05,DISPUTED,0,APPROVED,0
KAG-LR-100956,PATTA,1982,0.45,0.44,2.66,0.002,0.948,25,1,86.8,1.07,NIL,0,APPROVED,0
KAG-LR-100957,SALE_DEED,2018,2.88,2.8,1.54,0.002,0.961,40,3,97.5,0.95,NIL,0,APPROVED,0
KAG-LR-100958,PATTA,1965,7.62,7.82,3.9,0.007,0.933,71,1,93.8,1.03,DISPUTED,1,APPROVED,0
KAG-LR-100959,PATTA,1987,2.04,2.81,37.99,0.317,0.539,1705,4,76.9,0.66,NIL,1,APPROVED,1
KAG-LR-100960,SETTLEMENT,1989,0.73,0.7,5.14,0.008,0.961,29,1,89.3,0.99,NIL,0,APPROVED,0
KAG-LR-100961,PATTA,2022,0.62,0.61,4.67,0.011,0.96,48,2,94.4,1.01,NIL,0,APPROVED,0
KAG-LR-100962,PATTA,2010,4.29,4.41,5.41,0.013,0.922,19,1,87.7,0.98,DISPUTED,0,APPROVED,0
KAG-LR-100963,GIFT_DEED,1976,3.33,3.01,9.47,0.221,0.669,1974,2,61.1,0.58,NIL,1,REJECTED,1
KAG-LR-100964,PATTA,1971,3.03,2.86,2.28,0.002,0.994,56,3,91.1,0.93,NIL,0,APPROVED,0
KAG-LR-100965,PATTA,1985,0.94,0.9,2.59,0.013,0.974,40,4,96.6,0.99,NIL,0,APPROVED,0
KAG-LR-100966,PATTA,1993,1.75,1.83,0.77,0.002,0.922,25,2,97.7,1.01,NIL,0,APPROVED,0
KAG-LR-100967,SALE_DEED,2002,6.63,6.32,0.39,0.005,0.976,10,1,93.7,1.07,ACTIVE_MORTGAGE,0,PENDING,0
KAG-LR-100968,PATTA,1967,6.09,5.66,7.02,0.218,0.63,-204,2,86.2,0.63,NIL,1,APPROVED,1
KAG-LR-100969,SALE_DEED,1973,0.88,0.88,4.33,0.008,0.926,22,1,91.6,1.1,NIL,0,PENDING,0
KAG-LR-100970,SALE_DEED,1995,12.5,12.14,6.5,0.002,0.997,23,1,95.8,0.96,NIL,0,APPROVED,0
KAG-LR-100971,GIFT_DEED,1986,6.01,6.25,2.18,0.006,0.971,66,3,94.4,0.99,ACTIVE_MORTGAGE,0,APPROVED,0
KAG-LR-100972,GIFT_DEED,1979,3.13,3.3,3.59,0.002,0.962,79,1,89.1,0.95,NIL,0,APPROVED,0
KAG-LR-100973,GIFT_DEED,1993,2.95,2.8,3.86,0.002,0.979,92,1,96.2,1.05,DISPUTED,0,APPROVED,0
KAG-LR-100974,SALE_DEED,2016,6.57,6.6,2.28,0.008,0.965,10,3,85.0,0.94,NIL,0,APPROVED,0
KAG-LR-100975,GIFT_DEED,1974,3.62,3.73,1.33,0.007,0.995,13,3,86.5,1.04,NIL,0,PENDING,0
KAG-LR-100976,SALE_DEED,1989,3.64,3.75,5.21,0.0,0.998,22,3,97.2,1.04,NIL,0,APPROVED,0
KAG-LR-100977,SALE_DEED,1970,1.53,1.61,0.5,0.019,0.991,43,1,92.9,0.94,NIL,0,APPROVED,0
KAG-LR-100978,GIFT_DEED,2011,1.04,1.02,4.06,0.0,0.997,25,3,91.4,0.99,NIL,0,APPROVED,0
KAG-LR-100979,SALE_DEED,2020,1.33,1.34,0.94,0.007,0.97,34,2,92.7,0.9,NIL,0,APPROVED,0
KAG-LR-100980,SALE_DEED,1968,2.16,2.25,1.98,0.006,0.953,49,1,94.9,1.03,NIL,0,APPROVED,0
KAG-LR-100981,PATTA,1974,11.95,12.54,5.58,0.0,0.986,17,1,99.1,1.04,NIL,0,APPROVED,0
KAG-LR-100982,PATTA,2006,1.72,1.73,1.32,0.004,0.999,39,1,95.6,0.9,NIL,0,APPROVED,0
KAG-LR-100983,SALE_DEED,1994,2.31,2.37,0.66,0.021,0.976,21,1,90.0,0.93,NIL,0,APPROVED,0
KAG-LR-100984,POWER_OF_ATTORNEY,1985,2.56,2.52,1.41,0.01,0.951,55,4,90.3,1.07,NIL,0,APPROVED,0
KAG-LR-100985,SALE_DEED,2022,1.45,1.43,0.52,0.003,0.899,49,1,92.3,1.02,NIL,0,APPROVED,0
KAG-LR-100986,PATTA,2015,1.78,1.87,5.32,0.301,0.56,-246,2,80.1,0.51,ACTIVE_MORTGAGE,1,PENDING,1
KAG-LR-100987,SALE_DEED,1973,7.31,6.96,4.83,0.311,0.531,813,1,74.2,0.58,NIL,1,APPROVED,1
KAG-LR-100988,POWER_OF_ATTORNEY,2009,6.51,6.79,3.18,0.003,0.946,73,3,97.6,0.98,NIL,0,APPROVED,0
KAG-LR-100989,PATTA,2021,1.6,1.69,2.79,0.006,0.989,50,2,99.5,0.95,NIL,0,APPROVED,0
KAG-LR-100990,PATTA,2024,1.51,1.44,6.16,0.002,0.983,43,2,89.7,1.0,NIL,0,APPROVED,0
KAG-LR-100991,PATTA,1980,15.38,15.37,4.5,0.005,0.94,12,1,98.0,0.93,NIL,0,APPROVED,0
KAG-LR-100992,SALE_DEED,2003,4.53,4.94,9.07,0.304,0.67,1715,1,72.0,0.59,ACTIVE_MORTGAGE,0,PENDING,1
KAG-LR-100993,SALE_DEED,2000,1.09,1.06,3.02,0.008,0.956,28,1,90.3,0.92,NIL,0,APPROVED,0
KAG-LR-100994,PATTA,1982,1.31,1.35,6.5,0.002,0.982,45,2,89.1,0.96,NIL,0,APPROVED,0
KAG-LR-100995,PATTA,1974,1.52,1.43,2.94,0.001,0.983,22,1,88.8,1.05,NIL,0,APPROVED,0
KAG-LR-100996,PATTA,2020,0.5,0.47,0.31,0.004,0.951,44,3,93.6,0.97,ACTIVE_MORTGAGE,0,APPROVED,0
KAG-LR-100997,SALE_DEED,2009,6.91,6.53,5.53,0.186,0.589,164,2,93.9,0.41,ACTIVE_MORTGAGE,1,PENDING,1
KAG-LR-100998,GIFT_DEED,2004,5.13,4.85,2.79,0.004,0.99,53,2,96.2,1.01,ACTIVE_MORTGAGE,0,APPROVED,0
KAG-LR-100999,PATTA,1992,4.75,4.71,1.88,0.008,0.951,25,1,91.4,0.92,ACTIVE_MORTGAGE,0,PENDING,0
KAG-LR-101000,SALE_DEED,1981,2.05,1.24,39.56,0.288,0.571,2051,3,59.8,0.54,NIL,0,REJECTED,1
KAG-LR-101001,PATTA,1989,1.95,2.26,15.73,0.193,0.668,1436,1,47.0,0.25,NIL,0,APPROVED,1
KAG-LR-101002,SALE_DEED,2013,2.01,1.97,2.16,0.004,0.939,19,2,90.9,1.09,NIL,0,APPROVED,0
KAG-LR-101003,PATTA,1982,2.29,2.21,1.93,0.004,0.987,42,3,93.7,0.95,NIL,0,APPROVED,0
KAG-LR-101004,PATTA,1990,1.2,1.17,4.83,0.003,0.981,52,1,99.5,1.03,DISPUTED,0,APPROVED,0
KAG-LR-101005,SALE_DEED,1966,1.64,1.59,0.29,0.001,0.986,32,1,90.6,0.98,NIL,0,APPROVED,0
KAG-LR-101006,PATTA,2008,5.75,6.06,0.31,0.019,0.98,29,1,94.9,1.06,NIL,0,APPROVED,0
KAG-LR-101007,PATTA,1997,2.72,2.72,2.81,0.005,0.96,31,3,92.2,0.98,NIL,0,APPROVED,0
KAG-LR-101008,PATTA,2026,6.72,6.87,1.11,0.003,0.937,45,1,92.9,1.0,NIL,0,APPROVED,0
KAG-LR-101009,PATTA,1967,1.36,1.32,6.5,0.001,0.988,10,3,92.4,0.97,ACTIVE_MORTGAGE,0,PENDING,0
KAG-LR-101010,SALE_DEED,1967,3.08,3.15,3.53,0.007,0.969,48,1,92.6,0.96,ACTIVE_MORTGAGE,0,APPROVED,0
KAG-LR-101011,PATTA,2012,0.44,0.42,0.97,0.013,0.993,56,1,97.2,0.92,NIL,0,APPROVED,0
KAG-LR-101012,PATTA,1992,5.11,4.96,0.65,0.003,0.978,16,1,88.2,1.06,NIL,0,APPROVED,0
KAG-LR-101013,SETTLEMENT,1989,4.58,4.51,2.08,0.01,0.961,15,3,93.0,1.07,NIL,0,APPROVED,0
KAG-LR-101014,SETTLEMENT,1990,5.21,5.62,7.79,0.295,0.545,137,2,65.6,0.71,NIL,1,APPROVED,1
KAG-LR-101015,GIFT_DEED,1983,7.04,6.74,3.66,0.004,0.989,44,2,93.2,1.09,NIL,0,PENDING,0
KAG-LR-101016,SETTLEMENT,1974,1.8,1.76,2.11,0.02,0.906,25,1,99.5,1.1,NIL,1,APPROVED,0
KAG-LR-101017,SALE_DEED,2018,1.82,1.93,0.95,0.003,0.979,52,1,91.8,0.97,NIL,0,APPROVED,0
KAG-LR-101018,SALE_DEED,1999,1.02,1.06,2.04,0.026,0.968,27,3,93.0,0.95,NIL,0,APPROVED,0
KAG-LR-101019,PATTA,2005,0.45,0.46,1.76,0.006,0.954,45,3,99.5,0.98,NIL,0,APPROVED,0
KAG-LR-101020,POWER_OF_ATTORNEY,2016,4.36,4.45,1.21,0.004,0.98,10,2,98.2,1.03,NIL,0,APPROVED,0
KAG-LR-101021,SETTLEMENT,2020,7.87,7.46,2.05,0.015,0.909,26,1,93.4,1.01,NIL,0,APPROVED,0
KAG-LR-101022,PATTA,2016,3.54,3.62,0.7,0.002,0.974,31,1,96.4,0.91,NIL,0,APPROVED,0
KAG-LR-101023,SALE_DEED,1978,1.18,1.14,1.02,0.009,0.97,92,1,91.3,1.0,NIL,0,APPROVED,0
KAG-LR-101024,GIFT_DEED,2011,1.61,1.52,1.2,0.006,0.969,43,1,85.6,1.02,ACTIVE_MORTGAGE,0,APPROVED,0
KAG-LR-101025,POWER_OF_ATTORNEY,2004,2.6,2.7,0.4,0.013,0.958,20,3,99.5,0.99,NIL,1,APPROVED,0
KAG-LR-101026,PATTA,1974,2.66,2.54,3.51,0.027,0.942,55,2,95.0,0.96,NIL,0,PENDING,0
KAG-LR-101027,PATTA,2005,1.52,1.55,1.06,0.007,0.973,21,1,91.5,1.04,NIL,0,APPROVED,0
KAG-LR-101028,PATTA,1979,0.85,0.95,12.02,0.437,0.547,2220,1,75.7,0.56,DISPUTED,1,REJECTED,1
KAG-LR-101029,POWER_OF_ATTORNEY,2011,2.25,2.27,3.11,0.002,0.905,26,1,90.2,1.03,ACTIVE_MORTGAGE,0,APPROVED,0
KAG-LR-101030,SETTLEMENT,1976,2.08,1.97,1.75,0.001,0.963,20,1,92.3,1.03,ACTIVE_MORTGAGE,0,APPROVED,0
KAG-LR-101031,PATTA,2011,1.57,1.58,1.37,0.015,0.96,12,2,92.1,0.94,NIL,0,APPROVED,0
KAG-LR-101032,SALE_DEED,1976,1.06,1.05,3.07,0.004,0.908,60,2,93.4,1.03,NIL,0,APPROVED,0
KAG-LR-101033,PATTA,2022,1.78,1.74,2.01,0.007,0.954,44,2,95.2,1.11,NIL,0,APPROVED,0
KAG-LR-101034,PATTA,2010,1.17,1.17,3.0,0.009,0.981,16,4,86.2,1.09,NIL,0,APPROVED,0
KAG-LR-101035,SETTLEMENT,1987,1.03,1.02,1.35,0.003,0.92,32,1,97.2,1.02,NIL,0,PENDING,0
KAG-LR-101036,POWER_OF_ATTORNEY,2000,8.33,8.65,3.34,0.009,0.99,48,3,95.2,0.91,NIL,0,PENDING,0
KAG-LR-101037,SALE_DEED,2008,0.84,0.89,4.09,0.001,0.968,70,2,90.8,0.9,NIL,1,APPROVED,0
KAG-LR-101038,PATTA,1991,2.46,1.52,38.32,0.676,0.606,138,2,38.0,0.55,ACTIVE_MORTGAGE,0,PENDING,1
KAG-LR-101039,PATTA,2019,5.01,5.55,10.8,0.229,0.456,-518,2,92.0,0.31,DISPUTED,0,PENDING,1
KAG-LR-101040,PATTA,1979,9.9,9.87,1.27,0.0,0.968,19,1,86.5,0.92,ACTIVE_MORTGAGE,0,APPROVED,0
KAG-LR-101041,SALE_DEED,2004,0.62,0.59,3.63,0.0,0.99,6,1,92.9,1.06,NIL,0,APPROVED,0
KAG-LR-101042,PATTA,1981,3.64,3.43,1.83,0.007,0.994,35,1,93.3,1.07,NIL,0,APPROVED,0
KAG-LR-101043,SETTLEMENT,1987,4.98,6.74,35.34,0.388,0.476,1899,2,38.1,0.38,COURT_STAY,0,PENDING,1
KAG-LR-101044,POWER_OF_ATTORNEY,1965,1.22,1.26,2.45,0.004,0.983,19,3,96.2,1.07,NIL,0,APPROVED,0
KAG-LR-101045,POWER_OF_ATTORNEY,2001,0.64,0.63,3.37,0.004,0.989,29,2,90.3,1.07,NIL,0,APPROVED,0
KAG-LR-101046,PATTA,1973,5.92,2.92,50.65,0.266,0.623,197,1,66.1,0.28,COURT_STAY,0,APPROVED,1
KAG-LR-101047,PATTA,1984,4.87,4.73,4.58,0.014,0.956,17,4,93.9,0.99,NIL,0,APPROVED,0
KAG-LR-101048,SALE_DEED,2001,3.51,5.45,55.29,0.128,0.549,-236,3,80.6,0.7,ACTIVE_MORTGAGE,1,APPROVED,1
KAG-LR-101049,PATTA,1992,3.18,3.16,0.23,0.002,0.981,44,1,88.6,0.93,NIL,0,APPROVED,0
KAG-LR-101050,SETTLEMENT,1966,0.76,0.79,0.94,0.008,0.967,84,2,91.7,0.99,NIL,0,APPROVED,0
KAG-LR-101051,PATTA,2021,3.93,3.83,2.68,0.001,0.998,42,3,98.9,0.92,NIL,0,APPROVED,0
KAG-LR-101052,PATTA,1982,0.59,0.58,1.44,0.025,0.971,19,1,92.9,1.02,NIL,0,APPROVED,0
KAG-LR-101053,SALE_DEED,1976,7.07,6.86,2.03,0.005,0.959,40,1,92.7,0.92,NIL,0,APPROVED,0
KAG-LR-101054,SALE_DEED,1967,0.55,0.47,14.28,0.36,0.736,70,2,76.0,0.74,COURT_STAY,1,REJECTED,1
KAG-LR-101055,SALE_DEED,1990,5.45,5.56,2.62,0.012,0.947,40,3,97.9,1.02,NIL,0,APPROVED,0
KAG-LR-101056,PATTA,2009,1.1,1.15,4.72,0.016,0.96,33,1,97.3,0.99,NIL,0,APPROVED,0
KAG-LR-101057,SALE_DEED,2010,2.72,2.83,5.31,0.016,0.968,17,1,93.5,1.04,NIL,0,APPROVED,0
KAG-LR-101058,SALE_DEED,2023,6.09,6.44,3.0,0.002,0.991,40,1,97.5,1.08,NIL,0,APPROVED,0
KAG-LR-101059,POWER_OF_ATTORNEY,2019,8.64,8.64,1.77,0.01,0.958,26,1,89.0,0.99,NIL,0,APPROVED,0
KAG-LR-101060,SALE_DEED,2005,10.34,10.89,2.48,0.006,0.951,36,3,96.3,1.01,NIL,0,APPROVED,0
KAG-LR-101061,SALE_DEED,1991,4.93,5.17,1.7,0.011,0.96,26,1,99.4,0.97,NIL,0,APPROVED,0
KAG-LR-101062,PATTA,1988,2.31,2.24,0.5,0.033,0.951,9,2,90.9,0.98,ACTIVE_MORTGAGE,0,APPROVED,0
KAG-LR-101063,PATTA,1983,0.52,0.51,2.11,0.008,0.97,73,1,99.5,0.99,NIL,0,APPROVED,0
KAG-LR-101064,POWER_OF_ATTORNEY,1999,1.29,1.23,6.07,0.007,0.956,33,3,94.9,1.06,NIL,0,APPROVED,0
KAG-LR-101065,PATTA,2017,8.72,9.14,5.3,0.014,0.987,17,2,99.5,0.95,NIL,0,APPROVED,0
KAG-LR-101066,PATTA,2021,8.12,7.91,0.99,0.007,0.98,19,2,93.1,1.01,NIL,0,APPROVED,0
KAG-LR-101067,PATTA,2018,3.71,3.72,6.5,0.005,0.968,47,3,97.5,0.97,ACTIVE_MORTGAGE,1,APPROVED,0
KAG-LR-101068,POWER_OF_ATTORNEY,2022,1.37,1.32,2.2,0.007,0.961,22,4,93.6,0.98,NIL,0,APPROVED,0
KAG-LR-101069,PATTA,2002,1.9,1.94,1.62,0.003,0.975,17,3,94.3,0.98,NIL,0,APPROVED,0
KAG-LR-101070,PATTA,2026,7.19,7.11,2.84,0.005,0.88,50,1,91.9,1.01,ACTIVE_MORTGAGE,0,APPROVED,0
KAG-LR-101071,SALE_DEED,1983,0.7,0.59,15.3,0.309,0.389,40,1,89.2,0.52,NIL,1,APPROVED,1
KAG-LR-101072,SALE_DEED,1990,1.28,1.35,1.89,0.005,0.972,47,1,95.3,0.93,NIL,0,APPROVED,0
KAG-LR-101073,SALE_DEED,1982,1.01,1.01,1.96,0.001,0.945,62,2,93.0,1.05,ACTIVE_MORTGAGE,0,APPROVED,0
KAG-LR-101074,SALE_DEED,2012,0.92,0.95,1.68,0.022,0.986,18,1,95.1,0.99,NIL,0,APPROVED,0
KAG-LR-101075,POWER_OF_ATTORNEY,2004,1.38,1.45,3.44,0.008,0.927,24,4,92.6,0.99,ACTIVE_MORTGAGE,0,APPROVED,0
KAG-LR-101076,PATTA,1985,3.8,3.62,1.1,0.003,0.945,33,4,93.9,1.02,ACTIVE_MORTGAGE,0,APPROVED,0
KAG-LR-101077,PATTA,1972,5.75,5.83,1.86,0.006,0.931,33,1,88.1,1.16,NIL,0,APPROVED,0
KAG-LR-101078,SALE_DEED,1969,0.48,0.45,5.92,0.254,0.719,38,1,95.7,0.74,COURT_STAY,1,REJECTED,1
KAG-LR-101079,PATTA,2011,0.54,0.55,1.82,0.002,0.987,37,1,87.5,0.96,NIL,0,APPROVED,0
KAG-LR-101080,SETTLEMENT,1997,2.67,2.88,7.89,0.175,0.602,585,1,89.3,0.48,ACTIVE_MORTGAGE,1,PENDING,1
KAG-LR-101081,SALE_DEED,2023,4.16,4.04,0.82,0.018,0.986,43,4,88.2,1.01,NIL,0,APPROVED,0
KAG-LR-101082,POWER_OF_ATTORNEY,2018,0.78,0.75,3.49,0.001,0.966,12,2,99.5,1.08,NIL,1,APPROVED,0
KAG-LR-101083,PATTA,1968,4.76,4.6,2.5,0.008,0.936,14,2,99.5,0.97,NIL,0,APPROVED,0
KAG-LR-101084,SETTLEMENT,1992,0.95,0.97,2.89,0.008,0.943,60,1,98.2,0.98,NIL,0,APPROVED,0
KAG-LR-101085,SALE_DEED,1999,4.38,4.26,2.69,0.007,0.966,17,1,90.3,0.98,NIL,0,APPROVED,0
KAG-LR-101086,PATTA,1979,4.04,4.08,1.7,0.019,0.968,67,3,88.3,0.96,NIL,0,APPROVED,0
KAG-LR-101087,PATTA,2011,1.19,1.17,0.3,0.002,0.996,43,3,91.5,0.97,NIL,0,APPROVED,0
KAG-LR-101088,SALE_DEED,1974,3.41,3.47,2.49,0.004,0.982,47,2,88.5,0.99,NIL,0,APPROVED,0
KAG-LR-101089,PATTA,2005,1.1,1.16,2.9,0.014,0.957,77,1,91.1,1.0,NIL,0,APPROVED,0
KAG-LR-101090,PATTA,1969,0.63,0.73,15.17,0.146,0.527,-600,5,79.3,0.49,NIL,1,PENDING,1
KAG-LR-101091,SALE_DEED,1987,0.63,0.61,0.61,0.002,0.986,32,2,94.6,1.11,DISPUTED,0,APPROVED,0
KAG-LR-101092,POWER_OF_ATTORNEY,1981,7.07,7.43,2.34,0.007,0.972,20,2,96.5,1.01,NIL,0,APPROVED,0
KAG-LR-101093,SALE_DEED,1987,0.57,0.57,0.69,0.023,0.979,21,1,95.9,1.02,NIL,0,APPROVED,0
KAG-LR-101094,PATTA,1999,6.56,6.23,3.49,0.002,0.973,11,3,98.1,0.93,NIL,0,PENDING,0
KAG-LR-101095,PATTA,1991,0.79,0.91,15.22,0.56,0.555,65,4,72.2,0.31,COURT_STAY,0,APPROVED,1
KAG-LR-101096,PATTA,2026,2.01,2.14,6.69,0.349,0.63,-110,2,64.8,0.28,NIL,0,APPROVED,1
KAG-LR-101097,SALE_DEED,2022,4.42,4.16,6.5,0.014,0.989,79,3,88.5,1.08,NIL,0,APPROVED,0
KAG-LR-101098,SALE_DEED,1972,1.06,1.32,24.48,0.279,0.493,69,1,68.3,0.32,NIL,0,PENDING,1
KAG-LR-101099,PATTA,1995,8.32,7.39,11.15,0.279,0.392,-496,2,67.6,0.71,COURT_STAY,1,REJECTED,1
KAG-LR-101100,SALE_DEED,1979,1.1,1.11,3.91,0.002,0.981,40,2,89.6,1.05,NIL,0,APPROVED,0
KAG-LR-101101,SALE_DEED,2011,8.03,8.32,0.72,0.004,0.916,32,2,97.6,1.05,NIL,0,APPROVED,0
KAG-LR-101102,PATTA,1971,0.91,0.93,3.16,0.009,0.976,11,1,92.3,0.94,NIL,0,APPROVED,0
KAG-LR-101103,PATTA,2015,5.47,4.63,15.44,0.398,0.62,-81,2,94.4,0.53,ACTIVE_MORTGAGE,1,REJECTED,1
KAG-LR-101104,PATTA,2025,0.66,0.64,1.2,0.002,0.9,66,1,90.2,0.94,NIL,0,APPROVED,0
KAG-LR-101105,PATTA,2019,1.24,1.19,3.89,0.003,0.953,8,3,92.4,0.97,NIL,0,PENDING,0
KAG-LR-101106,SALE_DEED,1971,2.32,2.44,3.35,0.007,0.997,15,1,92.8,0.94,NIL,0,APPROVED,0
KAG-LR-101107,GIFT_DEED,1991,5.82,5.97,0.55,0.026,0.952,26,1,95.0,1.01,NIL,0,APPROVED,0
KAG-LR-101108,POWER_OF_ATTORNEY,2013,1.56,1.63,2.61,0.004,0.967,22,2,96.1,0.96,NIL,0,APPROVED,0
KAG-LR-101109,PATTA,1981,3.03,3.02,2.19,0.0,0.977,43,3,99.5,0.95,NIL,0,APPROVED,0
KAG-LR-101110,PATTA,2010,8.14,7.82,1.85,0.036,0.961,8,2,93.6,0.97,NIL,0,APPROVED,0
KAG-LR-101111,SALE_DEED,2001,5.88,5.81,3.74,0.008,0.978,68,3,99.5,0.97,NIL,0,APPROVED,0
KAG-LR-101112,SALE_DEED,2008,9.18,8.79,1.22,0.003,0.967,24,1,92.7,1.09,NIL,0,APPROVED,0
KAG-LR-101113,SALE_DEED,2003,11.24,12.59,11.97,0.447,0.565,405,1,69.1,0.31,DISPUTED,0,APPROVED,1
KAG-LR-101114,PATTA,2021,1.34,1.57,17.24,0.281,0.436,1863,4,38.0,0.28,ACTIVE_MORTGAGE,0,PENDING,1
KAG-LR-101115,GIFT_DEED,1981,8.4,9.39,11.78,0.101,0.615,1706,1,56.5,0.67,COURT_STAY,1,REJECTED,1
KAG-LR-101116,PATTA,2012,8.57,8.1,2.14,0.002,0.965,16,2,96.7,0.95,NIL,0,APPROVED,0
KAG-LR-101117,SETTLEMENT,1977,1.49,1.52,1.8,0.008,0.9,24,1,88.1,1.0,NIL,1,APPROVED,0
KAG-LR-101118,PATTA,2006,3.0,3.03,1.27,0.002,0.981,11,3,97.1,0.95,NIL,0,APPROVED,0
KAG-LR-101119,SALE_DEED,1988,4.59,4.64,4.63,0.001,0.942,26,2,97.0,0.96,NIL,0,APPROVED,0
KAG-LR-101120,SALE_DEED,1994,12.32,12.58,1.05,0.001,0.969,30,1,98.8,0.99,NIL,0,APPROVED,0
KAG-LR-101121,SALE_DEED,1971,0.99,0.95,5.83,0.001,0.896,25,5,89.6,0.99,NIL,0,APPROVED,0
KAG-LR-101122,PATTA,2001,0.46,0.44,4.34,0.001,0.902,24,3,93.4,0.95,NIL,0,REJECTED,0
KAG-LR-101123,PATTA,2022,4.27,4.25,1.64,0.0,0.963,58,1,99.5,1.08,NIL,0,APPROVED,0
KAG-LR-101124,SALE_DEED,2007,1.16,1.2,3.72,0.009,0.985,39,1,99.0,1.08,NIL,0,APPROVED,0
KAG-LR-101125,SETTLEMENT,2014,2.57,2.71,4.57,0.001,0.922,26,4,95.1,1.01,ACTIVE_MORTGAGE,0,APPROVED,0
KAG-LR-101126,PATTA,1988,0.93,0.93,2.39,0.012,0.986,41,3,94.0,1.04,NIL,0,PENDING,0
KAG-LR-101127,PATTA,1966,1.86,1.76,3.63,0.0,0.992,59,1,90.3,1.01,NIL,0,APPROVED,0
KAG-LR-101128,SALE_DEED,1995,1.67,1.68,0.9,0.001,0.994,45,1,96.1,1.04,NIL,0,APPROVED,0
KAG-LR-101129,SALE_DEED,1981,2.29,2.16,1.63,0.016,0.959,19,3,98.2,0.92,NIL,0,APPROVED,0
KAG-LR-101130,PATTA,2004,1.73,1.71,2.21,0.002,0.93,64,2,92.1,1.0,NIL,0,APPROVED,0
KAG-LR-101131,PATTA,2013,0.65,0.78,20.61,0.321,0.753,-431,2,72.4,0.74,ACTIVE_MORTGAGE,1,PENDING,1
KAG-LR-101132,PATTA,1983,2.19,2.13,2.2,0.007,0.968,19,1,87.1,0.94,NIL,0,APPROVED,0
KAG-LR-101133,PATTA,1997,0.69,0.68,1.67,0.001,0.984,32,1,98.5,1.05,NIL,0,APPROVED,0
KAG-LR-101134,SALE_DEED,2026,2.85,2.7,3.26,0.018,0.972,21,2,97.1,0.85,NIL,1,APPROVED,0
KAG-LR-101135,PATTA,1993,4.07,4.07,3.5,0.009,0.983,39,1,99.4,0.98,NIL,0,APPROVED,0
KAG-LR-101136,SALE_DEED,2024,0.31,0.32,4.05,0.001,0.962,22,5,92.8,1.02,NIL,0,APPROVED,0
KAG-LR-101137,PATTA,2009,1.13,1.12,0.43,0.008,0.964,74,4,88.0,1.0,NIL,0,APPROVED,0
KAG-LR-101138,PATTA,1972,0.61,0.59,2.65,0.01,0.928,31,1,92.9,1.12,ACTIVE_MORTGAGE,0,APPROVED,0
KAG-LR-101139,PATTA,1986,2.5,2.62,2.74,0.005,0.962,42,1,94.9,1.01,NIL,0,APPROVED,0
KAG-LR-101140,POWER_OF_ATTORNEY,1986,0.97,0.91,1.57,0.01,0.988,61,2,96.9,0.99,NIL,0,REJECTED,0
KAG-LR-101141,SALE_DEED,1989,2.98,2.99,2.28,0.007,0.944,44,1,97.7,0.96,NIL,0,APPROVED,0
KAG-LR-101142,SETTLEMENT,1995,0.9,0.93,1.29,0.006,0.997,25,1,97.9,1.05,NIL,0,APPROVED,0
KAG-LR-101143,POWER_OF_ATTORNEY,1975,4.34,4.94,13.89,0.321,0.573,99,1,67.1,0.42,ACTIVE_MORTGAGE,0,REJECTED,1
KAG-LR-101144,PATTA,1971,5.74,5.64,1.31,0.008,0.986,19,3,90.7,0.98,NIL,0,APPROVED,0
KAG-LR-101145,PATTA,1987,7.1,6.24,12.07,0.264,0.609,539,2,72.6,0.59,COURT_STAY,0,PENDING,1
KAG-LR-101146,PATTA,2024,2.14,2.11,1.08,0.007,0.944,55,1,97.0,1.01,ACTIVE_MORTGAGE,0,APPROVED,0
KAG-LR-101147,PATTA,1982,2.16,2.2,1.02,0.008,0.99,21,1,97.3,0.98,NIL,0,APPROVED,0
KAG-LR-101148,PATTA,1981,3.8,3.76,2.37,0.002,0.971,69,1,85.7,0.98,COURT_STAY,0,APPROVED,0
KAG-LR-101149,SALE_DEED,2012,0.44,0.46,2.09,0.007,0.992,31,1,87.3,1.03,NIL,0,APPROVED,0
KAG-LR-101150,PATTA,2005,0.42,0.44,4.18,0.015,0.941,13,2,92.1,1.05,NIL,0,APPROVED,0
KAG-LR-101151,POWER_OF_ATTORNEY,1999,0.5,0.52,1.35,0.004,0.928,31,1,92.4,0.98,NIL,0,APPROVED,0
KAG-LR-101152,POWER_OF_ATTORNEY,1970,1.06,1.11,0.92,0.01,0.975,26,1,89.5,0.95,NIL,1,APPROVED,0
KAG-LR-101153,SALE_DEED,2002,2.05,2.11,2.22,0.003,0.941,19,1,95.6,1.04,NIL,0,APPROVED,0
KAG-LR-101154,GIFT_DEED,2023,0.65,0.61,1.83,0.0,0.947,54,3,94.2,1.04,DISPUTED,0,PENDING,0
KAG-LR-101155,SALE_DEED,2019,3.7,3.68,3.52,0.004,0.984,42,1,93.1,1.08,NIL,1,APPROVED,0
KAG-LR-101156,SALE_DEED,1996,1.31,1.22,6.68,0.301,0.6,78,2,63.6,0.36,COURT_STAY,0,REJECTED,1
KAG-LR-101157,PATTA,1980,2.04,2.05,1.82,0.012,0.966,56,1,95.1,0.98,NIL,0,APPROVED,0
KAG-LR-101158,SALE_DEED,1992,1.46,1.49,1.4,0.003,0.929,13,3,88.0,1.05,NIL,0,PENDING,0
KAG-LR-101159,SALE_DEED,1979,0.84,0.81,2.28,0.004,0.989,24,3,94.3,0.99,NIL,0,APPROVED,0
KAG-LR-101160,SALE_DEED,1991,4.5,4.48,3.9,0.001,0.994,32,2,91.6,1.03,NIL,0,PENDING,0
KAG-LR-101161,POWER_OF_ATTORNEY,2011,1.17,1.15,1.39,0.002,0.969,25,4,98.2,0.99,NIL,0,APPROVED,0
KAG-LR-101162,POWER_OF_ATTORNEY,1981,0.67,0.71,2.74,0.005,0.973,21,1,96.6,1.01,NIL,0,APPROVED,0
KAG-LR-101163,SALE_DEED,2020,3.39,3.33,5.28,0.001,0.984,39,1,90.5,0.99,ACTIVE_MORTGAGE,0,APPROVED,0
KAG-LR-101164,SALE_DEED,1992,3.94,4.02,1.43,0.004,0.979,47,3,93.9,0.98,NIL,0,APPROVED,0
KAG-LR-101165,PATTA,2017,1.01,0.98,0.93,0.005,0.908,14,1,90.0,1.0,ACTIVE_MORTGAGE,0,APPROVED,0
KAG-LR-101166,SETTLEMENT,1997,1.3,1.32,1.33,0.02,0.96,55,1,84.0,1.02,NIL,0,APPROVED,0
KAG-LR-101167,PATTA,1981,3.82,3.71,3.35,0.007,0.966,25,2,87.6,1.1,ACTIVE_MORTGAGE,0,PENDING,0
KAG-LR-101168,POWER_OF_ATTORNEY,1977,6.33,6.23,0.78,0.015,0.981,31,3,96.2,0.95,NIL,0,APPROVED,0
KAG-LR-101169,POWER_OF_ATTORNEY,2016,2.51,2.61,2.4,0.009,0.972,39,2,91.3,1.01,NIL,0,REJECTED,0
KAG-LR-101170,POWER_OF_ATTORNEY,1980,3.58,3.59,1.99,0.013,0.964,19,1,95.7,1.11,NIL,0,APPROVED,0
KAG-LR-101171,PATTA,1965,0.53,0.55,5.32,0.005,0.968,58,2,96.4,0.98,NIL,0,APPROVED,0
KAG-LR-101172,POWER_OF_ATTORNEY,2007,4.45,4.27,6.5,0.01,0.985,17,1,94.0,0.96,ACTIVE_MORTGAGE,0,APPROVED,0
KAG-LR-101173,POWER_OF_ATTORNEY,2019,0.52,0.54,2.03,0.009,0.976,8,1,89.9,0.92,NIL,0,APPROVED,0
KAG-LR-101174,SALE_DEED,1978,1.76,1.86,0.94,0.014,0.973,20,1,94.6,1.05,DISPUTED,0,APPROVED,0
KAG-LR-101175,SETTLEMENT,1972,1.55,1.67,7.52,0.205,0.542,141,5,84.3,0.3,ACTIVE_MORTGAGE,0,APPROVED,1
KAG-LR-101176,SETTLEMENT,1999,6.87,6.93,3.22,0.003,0.928,20,1,95.2,0.99,ACTIVE_MORTGAGE,0,PENDING,0
KAG-LR-101177,PATTA,1974,5.71,5.42,5.11,0.345,0.517,526,2,87.5,0.52,DISPUTED,1,REJECTED,1
KAG-LR-101178,SETTLEMENT,1984,1.99,1.83,8.03,0.166,0.6,1518,3,94.4,0.3,ACTIVE_MORTGAGE,0,PENDING,1
KAG-LR-101179,SALE_DEED,1977,10.31,8.87,13.97,0.137,0.455,1625,1,65.7,0.61,ACTIVE_MORTGAGE,1,PENDING,1
KAG-LR-101180,SALE_DEED,2026,0.74,0.71,2.29,0.0,0.976,29,5,97.7,0.91,NIL,0,APPROVED,0
KAG-LR-101181,GIFT_DEED,1996,0.38,0.4,3.09,0.008,0.978,55,1,89.8,1.01,NIL,0,APPROVED,0
KAG-LR-101182,PATTA,2016,2.1,2.1,3.57,0.001,0.942,34,4,88.5,1.05,NIL,0,PENDING,0
KAG-LR-101183,PATTA,1972,0.45,0.44,2.78,0.017,0.988,13,2,93.1,0.97,NIL,0,APPROVED,0
KAG-LR-101184,SALE_DEED,2020,2.67,2.52,0.68,0.022,0.974,38,3,93.0,1.05,ACTIVE_MORTGAGE,1,APPROVED,0
KAG-LR-101185,PATTA,1976,2.52,2.72,8.09,0.172,0.463,55,1,76.2,0.41,COURT_STAY,1,PENDING,1
KAG-LR-101186,SALE_DEED,2026,2.78,2.64,4.99,0.14,0.478,226,1,90.7,0.56,DISPUTED,0,REJECTED,1
KAG-LR-101187,SALE_DEED,1992,0.49,0.48,3.42,0.004,0.91,26,1,91.1,1.03,NIL,0,APPROVED,0
KAG-LR-101188,SALE_DEED,2004,2.63,2.42,7.88,0.483,0.576,160,2,66.9,0.3,ACTIVE_MORTGAGE,1,PENDING,1
KAG-LR-101189,POWER_OF_ATTORNEY,2015,1.26,1.25,1.59,0.031,0.974,45,1,86.6,1.05,NIL,0,APPROVED,0
KAG-LR-101190,PATTA,1975,0.85,0.8,5.87,0.007,0.979,27,2,90.4,0.95,NIL,0,APPROVED,0
KAG-LR-101191,SALE_DEED,1994,1.46,1.5,2.66,0.022,0.949,46,1,89.2,0.92,NIL,0,APPROVED,0
KAG-LR-101192,SALE_DEED,2023,2.74,2.83,0.67,0.003,0.999,59,2,97.3,1.14,NIL,0,APPROVED,0
KAG-LR-101193,PATTA,1986,2.62,2.43,7.14,0.093,0.615,209,1,68.8,0.31,NIL,1,REJECTED,1
KAG-LR-101194,PATTA,2015,8.03,8.39,6.5,0.016,0.994,38,2,97.9,0.92,NIL,0,APPROVED,0
KAG-LR-101195,SETTLEMENT,1992,1.75,1.8,4.47,0.017,0.96,18,2,91.7,1.01,NIL,0,APPROVED,0
KAG-LR-101196,PATTA,1978,3.23,3.07,2.75,0.014,0.956,78,4,92.4,1.04,NIL,0,APPROVED,0
KAG-LR-101197,SALE_DEED,2013,2.55,2.56,2.36,0.003,0.971,16,1,87.9,1.0,NIL,0,APPROVED,0
KAG-LR-101198,SALE_DEED,2026,3.69,3.88,2.23,0.023,0.978,44,2,94.8,0.96,NIL,0,APPROVED,0
KAG-LR-101199,PATTA,2013,1.0,0.86,13.89,0.181,0.507,485,1,63.9,0.66,ACTIVE_MORTGAGE,0,PENDING,1
KAG-LR-101200,SALE_DEED,1977,6.6,6.72,3.74,0.003,0.984,21,1,94.8,1.0,NIL,0,APPROVED,0
KAG-LR-101201,PATTA,2012,7.37,7.57,3.96,0.0,0.959,33,3,90.3,1.1,ACTIVE_MORTGAGE,0,PENDING,0
KAG-LR-101202,SETTLEMENT,1976,4.95,5.24,0.93,0.005,0.96,22,3,82.0,1.0,ACTIVE_MORTGAGE,0,APPROVED,0
KAG-LR-101203,SALE_DEED,1999,2.14,2.09,3.13,0.0,0.994,36,5,99.5,1.18,NIL,0,APPROVED,0
KAG-LR-101204,SALE_DEED,2019,2.7,3.34,23.65,0.339,0.597,1001,3,45.2,0.41,NIL,0,PENDING,1
KAG-LR-101205,PATTA,2013,8.92,8.21,7.96,0.39,0.528,2226,3,67.5,0.48,ACTIVE_MORTGAGE,1,APPROVED,1
KAG-LR-101206,POWER_OF_ATTORNEY,2007,3.38,3.34,4.89,0.018,0.966,57,3,91.0,1.07,NIL,0,PENDING,0
KAG-LR-101207,POWER_OF_ATTORNEY,1980,1.02,0.99,2.69,0.004,0.964,67,1,95.5,1.03,NIL,0,APPROVED,0
KAG-LR-101208,SALE_DEED,2011,2.37,2.48,2.31,0.001,0.939,47,1,88.6,0.99,NIL,0,APPROVED,0
KAG-LR-101209,PATTA,2023,1.83,1.73,1.19,0.011,0.995,21,4,95.0,0.94,NIL,0,APPROVED,0
KAG-LR-101210,PATTA,1991,0.9,0.86,1.69,0.004,0.963,9,1,95.7,0.93,NIL,0,APPROVED,0
KAG-LR-101211,SALE_DEED,2001,0.47,0.5,0.78,0.001,0.925,56,4,88.9,1.03,NIL,0,APPROVED,0
KAG-LR-101212,POWER_OF_ATTORNEY,2005,3.48,3.4,1.81,0.002,0.928,21,3,99.3,0.97,NIL,0,PENDING,0
KAG-LR-101213,PATTA,1972,2.16,2.07,2.72,0.002,0.969,16,1,93.9,0.94,NIL,0,APPROVED,0
KAG-LR-101214,POWER_OF_ATTORNEY,1996,4.66,4.54,1.81,0.002,0.957,22,2,97.4,0.97,NIL,0,APPROVED,0
KAG-LR-101215,SALE_DEED,1965,0.63,0.66,2.86,0.001,0.935,41,1,89.6,1.09,NIL,1,APPROVED,0
KAG-LR-101216,SALE_DEED,2004,18.58,18.29,2.43,0.005,0.974,32,2,92.1,0.95,NIL,1,APPROVED,0
KAG-LR-101217,PATTA,2020,14.1,13.58,1.9,0.008,0.972,32,1,90.7,1.04,NIL,0,APPROVED,0
KAG-LR-101218,SALE_DEED,2019,4.21,4.14,5.72,0.008,0.964,32,1,97.1,0.89,NIL,0,APPROVED,0
KAG-LR-101219,PATTA,2023,4.52,4.56,1.25,0.013,0.994,44,1,97.5,0.91,NIL,0,APPROVED,0
KAG-LR-101220,POWER_OF_ATTORNEY,2023,0.49,0.44,9.32,0.391,0.769,1692,2,72.8,0.35,DISPUTED,0,APPROVED,1
KAG-LR-101221,PATTA,1972,0.81,0.8,1.35,0.002,0.986,39,5,95.2,0.93,NIL,0,APPROVED,0
KAG-LR-101222,SETTLEMENT,1965,3.04,3.06,2.0,0.002,0.997,40,4,98.0,0.98,DISPUTED,0,APPROVED,0
KAG-LR-101223,POWER_OF_ATTORNEY,1974,2.87,2.74,1.36,0.013,0.977,64,1,92.4,0.99,NIL,0,APPROVED,0
KAG-LR-101224,PATTA,1982,5.34,5.29,2.06,0.026,0.964,82,1,94.9,1.05,NIL,0,APPROVED,0
KAG-LR-101225,SALE_DEED,1966,1.25,1.24,1.57,0.021,0.952,58,1,92.4,1.0,NIL,0,PENDING,0
KAG-LR-101226,SALE_DEED,1982,1.39,1.43,2.54,0.002,0.966,56,2,91.6,0.94,NIL,0,APPROVED,0
KAG-LR-101227,POWER_OF_ATTORNEY,2009,1.23,1.23,2.36,0.001,0.985,39,2,97.7,1.06,ACTIVE_MORTGAGE,0,APPROVED,0
KAG-LR-101228,SETTLEMENT,1997,2.59,2.53,0.9,0.022,0.991,28,2,95.0,0.94,NIL,0,APPROVED,0
KAG-LR-101229,PATTA,1969,0.66,0.68,2.52,0.005,0.918,14,1,89.4,0.96,NIL,0,APPROVED,0
KAG-LR-101230,PATTA,2009,1.74,1.82,2.06,0.044,0.99,53,5,96.5,0.98,NIL,0,APPROVED,0
KAG-LR-101231,POWER_OF_ATTORNEY,2003,3.17,2.39,24.55,0.148,0.618,-114,3,69.4,0.36,NIL,0,REJECTED,1
KAG-LR-101232,PATTA,2008,7.15,7.19,3.94,0.001,0.932,27,1,94.8,0.94,NIL,0,APPROVED,0
KAG-LR-101233,SALE_DEED,1990,3.86,3.67,3.6,0.006,0.992,24,3,98.2,1.0,NIL,0,APPROVED,0
KAG-LR-101234,POWER_OF_ATTORNEY,2015,2.95,2.91,3.36,0.033,0.969,15,3,92.4,0.98,NIL,0,REJECTED,0
KAG-LR-101235,SALE_DEED,1980,18.16,21.17,16.56,0.234,0.494,-649,1,73.0,0.39,COURT_STAY,0,PENDING,1
KAG-LR-101236,PATTA,2015,2.51,2.5,2.73,0.002,0.991,16,1,99.5,1.02,NIL,0,APPROVED,0
KAG-LR-101237,POWER_OF_ATTORNEY,2010,7.5,7.31,2.72,0.002,0.952,28,3,94.2,0.96,NIL,0,APPROVED,0
KAG-LR-101238,SETTLEMENT,1981,2.4,2.39,1.63,0.002,0.972,38,3,90.4,1.05,NIL,0,APPROVED,0
KAG-LR-101239,SALE_DEED,1985,0.36,0.37,0.4,0.009,0.968,13,2,91.4,1.06,NIL,0,APPROVED,0
KAG-LR-101240,PATTA,2025,0.43,0.43,6.5,0.003,0.985,35,2,94.1,0.96,NIL,0,APPROVED,0
KAG-LR-101241,PATTA,2003,0.57,0.58,1.8,0.002,0.956,26,1,92.3,1.12,NIL,0,APPROVED,0
KAG-LR-101242,PATTA,2020,1.21,1.25,4.58,0.01,0.971,36,2,99.5,1.03,NIL,0,APPROVED,0
KAG-LR-101243,PATTA,2026,1.87,1.97,0.41,0.005,0.983,21,1,94.8,0.95,NIL,0,APPROVED,0
KAG-LR-101244,POWER_OF_ATTORNEY,2019,0.97,1.01,6.5,0.001,0.972,29,4,91.7,0.92,NIL,0,APPROVED,0
KAG-LR-101245,PATTA,1978,0.49,0.52,6.77,0.167,0.614,806,2,78.9,0.32,DISPUTED,0,APPROVED,1
KAG-LR-101246,SETTLEMENT,1998,1.23,1.34,9.07,0.467,0.565,2140,3,70.6,0.44,ACTIVE_MORTGAGE,0,REJECTED,1
KAG-LR-101247,SALE_DEED,2021,3.73,3.57,1.96,0.011,0.982,78,1,99.5,0.95,NIL,0,APPROVED,0
KAG-LR-101248,SETTLEMENT,2007,10.78,11.19,2.03,0.005,0.983,57,3,94.6,1.16,NIL,0,APPROVED,0
KAG-LR-101249,PATTA,1985,4.94,2.98,39.67,0.475,0.703,2434,1,92.0,0.56,COURT_STAY,0,APPROVED,1
KAG-LR-101250,PATTA,1991,0.63,0.62,2.61,0.007,0.99,22,2,95.0,1.0,NIL,0,APPROVED,0
KAG-LR-101251,SETTLEMENT,2017,1.44,1.49,2.26,0.005,0.982,30,1,99.5,1.05,NIL,1,APPROVED,0
KAG-LR-101252,PATTA,2019,5.67,5.96,0.87,0.002,0.951,15,4,89.2,0.85,NIL,0,APPROVED,0
KAG-LR-101253,SETTLEMENT,1989,0.64,0.64,2.36,0.006,0.986,17,1,90.1,0.95,NIL,0,PENDING,0
KAG-LR-101254,SALE_DEED,1981,4.62,4.6,1.83,0.004,0.982,29,1,91.8,0.94,NIL,1,APPROVED,0
KAG-LR-101255,SALE_DEED,1968,4.75,4.5,2.22,0.017,0.978,21,2,92.4,1.03,NIL,0,APPROVED,0
KAG-LR-101256,PATTA,1987,6.49,6.61,2.67,0.001,0.962,44,2,99.5,0.99,ACTIVE_MORTGAGE,0,APPROVED,0
KAG-LR-101257,PATTA,1986,3.06,3.05,2.24,0.003,0.969,23,3,88.5,0.98,ACTIVE_MORTGAGE,0,APPROVED,0
KAG-LR-101258,PATTA,2024,1.57,1.58,5.35,0.01,0.948,48,3,95.7,0.97,ACTIVE_MORTGAGE,0,PENDING,0
KAG-LR-101259,PATTA,1988,3.51,3.55,3.77,0.011,0.936,25,2,94.5,1.04,NIL,0,APPROVED,0
KAG-LR-101260,PATTA,2005,3.16,3.02,1.89,0.002,0.976,57,1,93.9,0.95,NIL,0,APPROVED,0
KAG-LR-101261,POWER_OF_ATTORNEY,2021,7.91,8.57,8.4,0.45,0.533,1422,1,72.4,0.5,DISPUTED,0,PENDING,1
KAG-LR-101262,PATTA,2004,0.4,0.5,24.92,0.289,0.591,474,1,65.9,0.76,NIL,1,REJECTED,1
KAG-LR-101263,GIFT_DEED,2000,0.36,0.36,2.67,0.002,0.953,29,2,90.2,1.05,NIL,0,APPROVED,0
KAG-LR-101264,PATTA,2017,3.17,3.13,1.2,0.016,0.937,42,1,97.6,0.94,NIL,0,APPROVED,0
KAG-LR-101265,SALE_DEED,2026,1.87,1.73,7.71,0.181,0.572,1122,3,75.4,0.41,ACTIVE_MORTGAGE,1,APPROVED,1
KAG-LR-101266,SALE_DEED,1975,1.49,1.48,2.49,0.004,0.982,20,1,86.2,0.99,NIL,0,APPROVED,0
KAG-LR-101267,SALE_DEED,2003,1.36,1.4,2.86,0.0,0.989,39,1,88.9,1.0,NIL,0,APPROVED,0
KAG-LR-101268,SALE_DEED,1985,3.06,3.03,3.42,0.003,0.907,31,1,90.3,1.07,NIL,0,APPROVED,0
KAG-LR-101269,POWER_OF_ATTORNEY,1986,3.19,3.0,1.0,0.02,0.94,67,1,89.8,0.96,NIL,0,APPROVED,0
KAG-LR-101270,PATTA,2024,3.22,3.24,0.7,0.003,0.95,26,3,90.8,1.02,NIL,0,APPROVED,0
KAG-LR-101271,SALE_DEED,2016,1.47,1.52,1.61,0.011,0.971,19,3,92.6,0.95,NIL,0,APPROVED,0
KAG-LR-101272,SALE_DEED,1989,8.23,8.12,2.9,0.016,0.974,17,2,89.7,1.04,ACTIVE_MORTGAGE,0,PENDING,0
KAG-LR-101273,SALE_DEED,2022,3.62,3.45,3.12,0.008,0.966,58,2,93.9,0.94,NIL,0,APPROVED,0
KAG-LR-101274,SALE_DEED,1983,6.49,6.75,1.21,0.002,0.982,18,2,88.4,1.01,ACTIVE_MORTGAGE,0,APPROVED,0
KAG-LR-101275,SALE_DEED,1996,1.86,1.81,4.0,0.002,0.962,39,2,92.4,0.94,NIL,0,APPROVED,0
KAG-LR-101276,PATTA,1994,4.21,4.04,5.02,0.031,0.869,51,3,93.8,1.03,ACTIVE_MORTGAGE,0,APPROVED,0
KAG-LR-101277,PATTA,2010,6.18,5.09,17.65,0.239,0.759,-192,1,79.5,0.3,NIL,1,PENDING,1
KAG-LR-101278,SALE_DEED,2020,0.36,0.36,4.9,0.0,0.996,73,1,99.5,0.96,NIL,0,APPROVED,0
KAG-LR-101279,SALE_DEED,1985,0.93,0.98,5.0,0.027,0.992,15,2,95.2,1.04,NIL,0,APPROVED,0
KAG-LR-101280,SETTLEMENT,1992,2.29,2.2,3.58,0.013,0.923,19,2,93.0,0.93,NIL,1,APPROVED,0
KAG-LR-101281,PATTA,1967,2.3,2.22,5.6,0.004,0.949,21,1,96.8,1.05,NIL,0,APPROVED,0
KAG-LR-101282,POWER_OF_ATTORNEY,1970,8.58,8.4,2.14,0.007,0.947,25,1,96.0,1.02,NIL,0,APPROVED,0
KAG-LR-101283,PATTA,2021,3.58,3.57,3.21,0.004,0.998,31,2,90.7,1.1,NIL,0,APPROVED,0
KAG-LR-101284,PATTA,1969,11.01,11.58,1.03,0.006,0.977,41,3,89.2,0.9,ACTIVE_MORTGAGE,0,PENDING,0
KAG-LR-101285,PATTA,2010,1.6,1.56,1.0,0.015,0.927,26,2,99.5,1.01,NIL,0,APPROVED,0
KAG-LR-101286,SALE_DEED,2014,1.33,1.36,0.7,0.007,0.956,39,1,91.0,1.04,NIL,0,PENDING,0
KAG-LR-101287,POWER_OF_ATTORNEY,1971,1.67,1.67,0.83,0.0,0.946,23,1,85.6,1.03,NIL,0,APPROVED,0
KAG-LR-101288,PATTA,1997,1.98,2.09,2.34,0.005,0.891,13,4,85.4,1.01,NIL,0,APPROVED,0
KAG-LR-101289,SALE_DEED,2024,5.02,5.09,2.06,0.003,0.932,19,2,85.6,0.91,NIL,0,APPROVED,0
KAG-LR-101290,PATTA,2002,8.08,7.84,2.64,0.007,0.951,7,2,84.8,1.04,NIL,0,APPROVED,0
KAG-LR-101291,SALE_DEED,2024,3.98,3.92,4.83,0.002,0.981,69,4,88.3,0.98,NIL,0,PENDING,0
KAG-LR-101292,PATTA,1985,0.79,0.8,2.79,0.017,0.986,20,2,88.7,1.04,NIL,0,APPROVED,0
KAG-LR-101293,POWER_OF_ATTORNEY,1968,4.37,4.34,0.33,0.009,0.991,34,2,96.5,0.97,NIL,0,APPROVED,0
KAG-LR-101294,SALE_DEED,1985,0.58,0.59,1.44,0.005,0.981,15,1,95.1,1.0,NIL,0,APPROVED,0
KAG-LR-101295,SETTLEMENT,1997,9.41,9.94,3.79,0.003,0.955,38,1,95.9,0.96,ACTIVE_MORTGAGE,1,APPROVED,0
KAG-LR-101296,SALE_DEED,1992,4.3,4.52,3.86,0.019,0.934,108,5,99.5,1.03,NIL,0,APPROVED,0
KAG-LR-101297,PATTA,1973,3.39,3.27,3.34,0.0,0.958,32,1,97.0,0.92,NIL,0,APPROVED,0
KAG-LR-101298,SALE_DEED,1976,5.51,5.48,3.36,0.008,0.924,13,1,97.4,0.99,NIL,0,APPROVED,0
KAG-LR-101299,PATTA,1987,7.53,6.54,13.17,0.323,0.554,-578,1,69.4,0.77,NIL,0,APPROVED,1
KAG-LR-101300,PATTA,1987,2.35,2.4,2.25,0.004,0.953,13,2,85.9,0.93,NIL,0,APPROVED,0
KAG-LR-101301,SALE_DEED,2010,3.98,5.17,29.85,0.406,0.535,261,2,76.7,0.55,ACTIVE_MORTGAGE,0,REJECTED,1
KAG-LR-101302,SALE_DEED,2013,16.19,15.39,1.19,0.012,0.991,33,1,97.3,1.01,NIL,0,APPROVED,0
KAG-LR-101303,SALE_DEED,2003,1.32,1.45,9.85,0.219,0.695,86,2,69.4,0.53,DISPUTED,1,APPROVED,1
KAG-LR-101304,SETTLEMENT,1969,0.96,0.91,1.09,0.008,0.996,33,2,95.8,1.08,ACTIVE_MORTGAGE,0,APPROVED,0
KAG-LR-101305,PATTA,1988,1.6,1.52,6.5,0.006,0.982,81,2,94.9,0.98,NIL,0,APPROVED,0
KAG-LR-101306,SALE_DEED,2000,2.03,2.02,5.28,0.003,0.998,37,3,96.0,0.95,NIL,0,APPROVED,0
KAG-LR-101307,PATTA,2010,1.11,1.09,1.51,0.016,0.95,44,1,89.8,0.96,ACTIVE_MORTGAGE,0,APPROVED,0
KAG-LR-101308,POWER_OF_ATTORNEY,1991,4.39,4.15,2.57,0.0,0.961,17,1,91.8,0.94,NIL,0,APPROVED,0
KAG-LR-101309,SETTLEMENT,1984,3.09,2.95,4.6,0.51,0.421,-341,1,65.8,0.42,NIL,1,REJECTED,1
KAG-LR-101310,SALE_DEED,1978,12.94,12.99,1.27,0.003,0.993,22,2,88.9,0.97,NIL,0,APPROVED,0
KAG-LR-101311,SALE_DEED,2000,3.56,3.63,1.41,0.001,0.967,28,2,93.1,1.0,ACTIVE_MORTGAGE,0,APPROVED,0
KAG-LR-101312,SALE_DEED,1988,5.29,5.15,1.45,0.004,0.951,17,5,91.4,1.07,NIL,0,APPROVED,0
KAG-LR-101313,PATTA,2007,2.83,2.77,4.56,0.003,0.984,15,1,95.6,0.98,NIL,1,APPROVED,0
KAG-LR-101314,SALE_DEED,2006,1.27,1.21,6.5,0.009,0.989,31,2,90.2,0.92,NIL,0,PENDING,0
KAG-LR-101315,SALE_DEED,2026,3.68,5.81,57.88,0.056,0.526,-473,3,97.0,0.26,DISPUTED,0,PENDING,1
KAG-LR-101316,PATTA,1990,1.45,1.2,17.4,0.196,0.559,161,4,63.0,0.3,ACTIVE_MORTGAGE,0,REJECTED,1
KAG-LR-101317,SALE_DEED,1974,3.87,4.02,2.81,0.01,0.984,38,2,90.2,1.1,DISPUTED,0,APPROVED,0
KAG-LR-101318,PATTA,1972,7.36,6.94,2.07,0.002,0.926,14,1,94.7,0.86,NIL,0,APPROVED,0
KAG-LR-101319,PATTA,2000,2.34,2.3,2.34,0.008,0.953,64,2,92.9,1.01,ACTIVE_MORTGAGE,0,APPROVED,0
KAG-LR-101320,PATTA,1988,2.47,2.55,4.02,0.009,0.997,36,1,91.2,1.01,DISPUTED,1,APPROVED,0
KAG-LR-101321,PATTA,1973,0.57,0.61,7.32,0.153,0.465,1272,3,48.4,0.36,NIL,0,PENDING,1
KAG-LR-101322,PATTA,2004,3.61,3.44,4.07,0.013,0.94,52,1,99.0,1.03,NIL,0,APPROVED,0
KAG-LR-101323,PATTA,1968,0.88,0.89,6.36,0.011,0.945,56,1,87.7,1.01,ACTIVE_MORTGAGE,0,APPROVED,0
KAG-LR-101324,PATTA,1976,2.95,2.96,2.51,0.037,0.964,62,3,90.5,1.03,NIL,0,APPROVED,0
KAG-LR-101325,SALE_DEED,2021,2.24,2.15,1.01,0.018,0.96,110,3,92.6,0.97,NIL,0,APPROVED,0
KAG-LR-101326,PATTA,2010,1.48,1.44,2.5,0.003,0.961,14,3,91.5,0.89,NIL,1,APPROVED,0
KAG-LR-101327,SETTLEMENT,1998,2.17,2.13,2.16,0.004,0.986,74,1,90.4,0.91,NIL,0,APPROVED,0
KAG-LR-101328,PATTA,1993,0.47,0.48,6.5,0.006,0.998,43,3,95.8,0.98,NIL,0,APPROVED,0
KAG-LR-101329,SALE_DEED,2000,3.66,3.8,2.92,0.01,0.932,32,2,99.5,1.03,NIL,0,APPROVED,0
KAG-LR-101330,SETTLEMENT,2023,0.7,0.72,2.02,0.004,0.96,42,1,97.4,0.94,NIL,0,APPROVED,0
KAG-LR-101331,SALE_DEED,2007,0.32,0.32,1.33,0.003,0.968,10,1,94.4,0.88,NIL,0,APPROVED,0
KAG-LR-101332,SALE_DEED,2009,1.26,1.27,0.77,0.007,0.985,14,4,88.2,1.01,NIL,0,APPROVED,0
KAG-LR-101333,PATTA,1993,0.43,0.43,3.2,0.006,0.998,25,1,98.3,1.03,NIL,0,APPROVED,0
KAG-LR-101334,SALE_DEED,1974,4.09,4.32,6.26,0.005,0.938,13,2,89.1,0.99,ACTIVE_MORTGAGE,0,APPROVED,0
KAG-LR-101335,PATTA,2010,0.92,0.97,0.91,0.006,0.957,14,1,96.6,0.96,NIL,0,APPROVED,0
KAG-LR-101336,SALE_DEED,2009,2.28,2.38,0.43,0.024,0.975,17,1,87.4,1.0,ACTIVE_MORTGAGE,0,APPROVED,0
KAG-LR-101337,SETTLEMENT,2001,4.47,4.28,6.5,0.015,0.985,35,1,96.8,1.08,NIL,1,APPROVED,0
KAG-LR-101338,PATTA,2024,1.32,1.38,0.69,0.01,0.972,19,3,92.1,0.97,NIL,0,APPROVED,0
KAG-LR-101339,SALE_DEED,1998,8.62,8.49,1.54,0.01,0.972,34,3,95.9,0.99,NIL,0,APPROVED,0
KAG-LR-101340,POWER_OF_ATTORNEY,2007,3.68,3.64,2.98,0.007,0.946,17,2,91.1,0.92,DISPUTED,0,APPROVED,0
KAG-LR-101341,SALE_DEED,1966,4.98,5.1,1.19,0.004,0.996,23,1,94.7,0.95,NIL,0,APPROVED,0
KAG-LR-101342,SALE_DEED,2011,1.35,1.28,2.66,0.024,0.976,24,2,91.1,1.09,NIL,0,APPROVED,0
KAG-LR-101343,PATTA,2008,1.48,1.52,3.55,0.0,0.976,46,1,88.8,1.05,NIL,0,APPROVED,0
KAG-LR-101344,PATTA,2015,4.57,4.33,1.05,0.007,0.925,33,1,93.0,1.06,ACTIVE_MORTGAGE,0,APPROVED,0
KAG-LR-101345,PATTA,2023,1.36,1.41,0.64,0.001,0.95,10,3,90.5,0.96,NIL,0,APPROVED,0
KAG-LR-101346,PATTA,2010,2.34,2.36,1.52,0.004,0.992,19,1,86.9,0.98,NIL,0,REJECTED,0
KAG-LR-101347,POWER_OF_ATTORNEY,1995,1.84,1.78,2.62,0.016,0.984,53,2,92.0,0.89,NIL,1,APPROVED,0
KAG-LR-101348,PATTA,1981,5.66,5.25,7.28,0.107,0.614,-263,2,64.6,0.67,DISPUTED,0,REJECTED,1
KAG-LR-101349,PATTA,2020,0.41,0.41,1.68,0.011,0.952,33,2,93.3,0.93,NIL,0,APPROVED,0
KAG-LR-101350,PATTA,2000,1.82,1.79,4.55,0.019,0.985,15,3,94.7,1.05,NIL,0,APPROVED,0
KAG-LR-101351,SALE_DEED,2015,1.1,1.07,0.45,0.011,0.967,40,2,98.0,1.02,NIL,1,APPROVED,0
KAG-LR-101352,SALE_DEED,2021,0.49,0.45,7.56,0.492,0.553,921,1,77.9,0.71,NIL,1,APPROVED,1
KAG-LR-101353,PATTA,1967,1.27,1.02,19.61,0.317,0.597,-25,1,84.5,0.46,NIL,1,PENDING,1
KAG-LR-101354,SETTLEMENT,1984,4.31,4.06,1.06,0.002,0.979,44,5,87.3,0.95,NIL,0,APPROVED,0
KAG-LR-101355,PATTA,1984,0.93,0.97,3.23,0.001,0.964,56,2,94.3,1.04,NIL,0,APPROVED,0
KAG-LR-101356,SALE_DEED,1992,1.04,1.02,6.5,0.002,0.964,24,1,99.5,0.96,NIL,0,APPROVED,0
KAG-LR-101357,SALE_DEED,2004,0.45,0.47,4.42,0.013,0.932,13,4,87.3,1.14,ACTIVE_MORTGAGE,0,APPROVED,0
KAG-LR-101358,PATTA,2013,3.31,3.51,4.76,0.025,0.969,43,1,96.4,0.92,NIL,0,APPROVED,0
KAG-LR-101359,SALE_DEED,2018,1.02,0.99,6.5,0.001,0.933,20,5,97.9,1.04,NIL,0,APPROVED,0
KAG-LR-101360,POWER_OF_ATTORNEY,2015,0.34,0.37,9.97,0.268,0.623,136,1,97.0,0.66,NIL,0,APPROVED,1
KAG-LR-101361,POWER_OF_ATTORNEY,2018,3.26,3.26,0.8,0.009,0.934,51,2,97.5,0.99,NIL,0,APPROVED,0
KAG-LR-101362,PATTA,2008,1.68,1.58,6.5,0.004,0.965,33,3,99.5,1.06,NIL,0,APPROVED,0
KAG-LR-101363,POWER_OF_ATTORNEY,1993,5.39,6.31,16.98,0.39,0.63,1795,2,97.0,0.51,ACTIVE_MORTGAGE,0,PENDING,1
KAG-LR-101364,PATTA,2022,1.1,1.11,6.5,0.012,0.956,51,1,93.3,1.14,NIL,0,APPROVED,0
KAG-LR-101365,SALE_DEED,1973,1.12,1.15,1.36,0.004,0.985,32,1,95.4,1.06,NIL,0,APPROVED,0
KAG-LR-101366,PATTA,2002,0.73,0.74,6.5,0.012,0.986,9,4,96.2,0.94,NIL,0,APPROVED,0
KAG-LR-101367,SETTLEMENT,2023,2.67,2.71,0.91,0.003,0.994,52,1,89.1,0.98,ACTIVE_MORTGAGE,0,APPROVED,0
KAG-LR-101368,SETTLEMENT,2016,0.41,0.44,7.75,0.28,0.515,2246,2,92.9,0.25,NIL,1,APPROVED,1
KAG-LR-101369,PATTA,2014,4.6,4.46,1.03,0.006,0.974,48,3,94.1,1.01,ACTIVE_MORTGAGE,0,APPROVED,0
KAG-LR-101370,SETTLEMENT,1985,1.41,1.43,4.46,0.013,0.988,15,1,93.2,0.94,COURT_STAY,1,APPROVED,0
KAG-LR-101371,SALE_DEED,1993,5.6,5.45,0.37,0.002,0.957,33,1,95.3,1.02,NIL,0,APPROVED,0
KAG-LR-101372,SALE_DEED,1967,1.75,1.79,1.37,0.01,0.977,50,1,96.9,0.99,NIL,0,APPROVED,0
KAG-LR-101373,SALE_DEED,2022,0.99,1.01,1.33,0.009,0.967,17,3,97.2,0.98,NIL,0,APPROVED,0
KAG-LR-101374,PATTA,2004,2.01,1.89,4.77,0.003,0.99,14,2,91.6,1.04,NIL,0,PENDING,0
KAG-LR-101375,SALE_DEED,2023,1.71,1.7,1.86,0.009,0.967,46,4,89.2,0.91,NIL,0,APPROVED,0
KAG-LR-101376,PATTA,1975,1.17,1.17,2.42,0.0,0.929,43,2,91.6,1.05,NIL,0,APPROVED,0
KAG-LR-101377,PATTA,2008,2.55,2.25,11.93,0.375,0.639,543,3,76.3,0.59,ACTIVE_MORTGAGE,1,REJECTED,1
KAG-LR-101378,PATTA,2008,1.64,1.58,1.55,0.004,0.948,21,4,95.8,1.04,NIL,0,PENDING,0
KAG-LR-101379,SALE_DEED,2025,2.23,2.25,1.65,0.001,0.963,13,1,89.0,0.86,NIL,0,APPROVED,0
KAG-LR-101380,PATTA,2026,2.88,2.87,2.13,0.045,0.977,24,1,92.5,0.99,NIL,0,APPROVED,0
KAG-LR-101381,PATTA,1979,1.28,1.23,0.84,0.001,0.991,22,1,96.1,1.02,NIL,0,REJECTED,0
KAG-LR-101382,PATTA,1975,2.55,2.47,3.51,0.015,0.937,43,3,94.7,1.06,NIL,0,APPROVED,0
KAG-LR-101383,POWER_OF_ATTORNEY,2010,3.34,3.51,1.42,0.019,0.918,13,5,85.7,0.97,NIL,0,APPROVED,0
KAG-LR-101384,SETTLEMENT,1981,0.71,0.72,5.32,0.001,0.988,16,3,92.2,1.0,NIL,0,APPROVED,0
KAG-LR-101385,PATTA,2006,1.45,1.41,3.53,0.023,0.984,40,4,87.2,0.96,ACTIVE_MORTGAGE,0,APPROVED,0
KAG-LR-101386,SETTLEMENT,1970,0.38,0.36,0.78,0.025,0.936,44,2,98.5,0.9,NIL,0,APPROVED,0
KAG-LR-101387,PATTA,2018,0.64,0.61,3.43,0.005,0.983,13,1,99.5,0.93,NIL,1,APPROVED,0
KAG-LR-101388,SALE_DEED,1986,4.72,5.0,1.53,0.009,0.985,14,4,89.6,1.08,NIL,0,APPROVED,0
KAG-LR-101389,PATTA,1989,0.47,0.46,1.86,0.005,0.937,23,4,90.8,1.08,NIL,0,APPROVED,0
KAG-LR-101390,SALE_DEED,1988,4.3,4.11,4.37,0.005,0.99,30,2,98.0,1.01,NIL,0,APPROVED,0
KAG-LR-101391,POWER_OF_ATTORNEY,2025,6.25,6.22,0.62,0.007,0.964,66,1,94.0,1.01,NIL,1,APPROVED,0
KAG-LR-101392,SALE_DEED,2011,0.56,0.54,2.65,0.004,0.994,44,4,99.5,1.06,NIL,0,APPROVED,0
KAG-LR-101393,PATTA,1978,1.12,1.13,4.76,0.014,0.977,19,2,99.5,1.07,NIL,0,APPROVED,0
KAG-LR-101394,SALE_DEED,1985,4.17,4.07,2.34,0.003,0.972,58,2,90.7,1.1,NIL,0,APPROVED,0
KAG-LR-101395,SALE_DEED,1972,0.66,0.63,1.03,0.033,0.992,46,3,92.7,1.03,NIL,0,APPROVED,0
KAG-LR-101396,SALE_DEED,2022,1.26,1.28,3.08,0.006,0.942,32,1,87.4,0.88,ACTIVE_MORTGAGE,0,APPROVED,0
KAG-LR-101397,POWER_OF_ATTORNEY,1967,1.69,1.74,2.78,0.026,0.981,40,3,98.5,1.12,NIL,0,PENDING,0
KAG-LR-101398,GIFT_DEED,1990,3.52,3.65,0.94,0.002,0.943,28,2,93.2,0.96,NIL,0,PENDING,0
KAG-LR-101399,PATTA,1996,6.17,6.45,4.51,0.498,0.634,1765,2,87.5,0.75,ACTIVE_MORTGAGE,0,APPROVED,1
KAG-LR-101400,PATTA,2013,0.62,0.59,5.53,0.198,0.51,-198,1,65.4,0.3,DISPUTED,0,REJECTED,1
KAG-LR-101401,PATTA,2000,2.31,2.55,10.28,0.224,0.469,1514,1,67.0,0.35,COURT_STAY,1,PENDING,1
KAG-LR-101402,SETTLEMENT,2007,6.19,5.83,1.22,0.002,0.999,42,1,91.0,0.87,NIL,0,APPROVED,0
KAG-LR-101403,PATTA,2023,0.35,0.37,1.19,0.018,0.973,51,1,92.4,0.96,NIL,0,PENDING,0
KAG-LR-101404,POWER_OF_ATTORNEY,2007,0.38,0.36,1.01,0.014,0.951,12,3,97.3,0.97,NIL,0,APPROVED,0
KAG-LR-101405,SALE_DEED,1972,1.98,2.02,1.02,0.004,0.888,26,1,89.8,0.9,NIL,0,APPROVED,0
KAG-LR-101406,PATTA,1996,2.49,2.36,1.71,0.011,0.987,49,4,99.5,0.85,NIL,0,APPROVED,0
KAG-LR-101407,PATTA,2023,0.67,0.68,0.39,0.002,0.984,26,3,96.8,1.03,NIL,0,APPROVED,0
KAG-LR-101408,SALE_DEED,2024,0.55,0.55,2.79,0.008,0.996,18,1,97.6,0.98,NIL,0,APPROVED,0
KAG-LR-101409,PATTA,2003,1.34,1.41,1.96,0.029,0.95,28,1,95.4,1.08,NIL,0,APPROVED,0
KAG-LR-101410,POWER_OF_ATTORNEY,2024,1.55,1.54,1.14,0.005,0.983,25,3,92.4,0.88,NIL,0,APPROVED,0
KAG-LR-101411,SALE_DEED,2013,0.53,0.54,0.14,0.029,0.985,21,3,89.2,0.88,NIL,0,APPROVED,0
KAG-LR-101412,PATTA,1987,2.38,2.3,0.14,0.004,0.986,64,3,86.2,0.89,NIL,0,APPROVED,0
KAG-LR-101413,GIFT_DEED,1965,0.83,0.78,4.32,0.001,0.984,25,5,96.7,0.98,NIL,0,APPROVED,0
KAG-LR-101414,PATTA,1996,4.6,4.49,2.35,0.014,0.991,61,3,94.1,1.07,NIL,0,APPROVED,0
KAG-LR-101415,SALE_DEED,2022,1.51,1.58,2.1,0.003,0.969,36,2,88.3,0.94,NIL,0,APPROVED,0
KAG-LR-101416,GIFT_DEED,2008,2.8,2.69,3.24,0.001,0.988,55,1,91.6,0.96,ACTIVE_MORTGAGE,0,APPROVED,0
KAG-LR-101417,PATTA,1994,10.06,10.57,1.97,0.008,0.978,35,3,87.4,0.94,NIL,0,APPROVED,0
KAG-LR-101418,PATTA,2011,1.51,1.45,0.23,0.008,0.993,14,2,93.8,0.99,ACTIVE_MORTGAGE,0,APPROVED,0
KAG-LR-101419,PATTA,1991,1.03,1.03,2.05,0.013,0.947,20,5,96.5,1.12,NIL,0,APPROVED,0
KAG-LR-101420,PATTA,1977,13.38,14.13,6.5,0.003,0.929,8,1,94.1,1.12,NIL,0,APPROVED,0
KAG-LR-101421,SETTLEMENT,1972,3.97,3.84,2.21,0.006,0.988,40,2,93.0,0.97,NIL,0,APPROVED,0
KAG-LR-101422,POWER_OF_ATTORNEY,1999,2.74,2.37,13.41,0.264,0.487,611,2,58.4,0.46,NIL,0,PENDING,1
KAG-LR-101423,SETTLEMENT,1965,7.84,7.73,1.65,0.032,0.978,13,1,94.1,1.05,NIL,0,PENDING,0
KAG-LR-101424,POWER_OF_ATTORNEY,1968,0.71,0.69,3.08,0.001,0.973,44,1,95.4,0.96,NIL,1,APPROVED,0
KAG-LR-101425,POWER_OF_ATTORNEY,1968,5.57,7.02,26.06,0.446,0.407,1137,2,80.5,0.57,NIL,0,PENDING,1
KAG-LR-101426,SETTLEMENT,2007,1.35,1.3,4.56,0.005,0.958,23,1,90.5,1.03,DISPUTED,0,APPROVED,0
KAG-LR-101427,SALE_DEED,1988,3.69,3.76,3.13,0.009,0.945,20,4,89.8,1.03,NIL,0,APPROVED,0
KAG-LR-101428,SALE_DEED,2006,4.45,4.5,1.16,0.001,0.987,56,1,90.2,0.95,NIL,0,APPROVED,0
KAG-LR-101429,SALE_DEED,2026,1.19,1.13,3.59,0.01,0.989,26,3,99.1,1.04,NIL,0,APPROVED,0
KAG-LR-101430,PATTA,2022,4.22,4.56,7.98,0.066,0.673,-505,2,62.4,0.28,COURT_STAY,1,APPROVED,1
KAG-LR-101431,PATTA,2007,0.77,0.73,1.66,0.005,0.992,63,1,88.6,1.11,ACTIVE_MORTGAGE,0,APPROVED,0
KAG-LR-101432,PATTA,1975,0.35,0.34,1.52,0.034,0.953,11,2,88.3,1.07,NIL,0,APPROVED,0
KAG-LR-101433,SETTLEMENT,1982,0.68,0.71,1.6,0.003,0.968,54,1,97.0,0.89,COURT_STAY,0,PENDING,0
KAG-LR-101434,PATTA,2016,3.26,3.51,7.78,0.518,0.654,2134,1,97.0,0.36,DISPUTED,1,PENDING,1
KAG-LR-101435,POWER_OF_ATTORNEY,1965,2.54,2.4,1.55,0.027,0.948,13,1,91.9,1.07,NIL,0,APPROVED,0
KAG-LR-101436,SETTLEMENT,2004,0.67,0.79,18.0,0.239,0.483,42,4,72.2,0.43,NIL,1,PENDING,1
KAG-LR-101437,GIFT_DEED,1966,13.17,13.56,1.71,0.021,0.998,25,3,95.6,1.0,NIL,0,APPROVED,0
KAG-LR-101438,GIFT_DEED,1965,1.39,1.41,3.36,0.006,0.973,45,2,98.0,1.04,NIL,0,APPROVED,0
KAG-LR-101439,PATTA,1975,4.99,4.96,2.97,0.001,0.948,22,4,96.7,1.02,NIL,0,APPROVED,0
KAG-LR-101440,SETTLEMENT,1981,14.06,13.41,0.22,0.017,0.973,69,3,88.0,1.0,NIL,0,APPROVED,0
KAG-LR-101441,SETTLEMENT,1971,5.06,4.86,4.25,0.007,0.978,62,4,94.7,0.95,NIL,0,APPROVED,0
KAG-LR-101442,PATTA,2012,4.4,5.05,14.72,0.45,0.635,-80,1,58.4,0.4,ACTIVE_MORTGAGE,1,REJECTED,1
KAG-LR-101443,SALE_DEED,1978,1.14,1.15,3.44,0.002,0.966,26,4,98.3,1.02,NIL,0,APPROVED,0
KAG-LR-101444,GIFT_DEED,2005,4.64,4.56,6.5,0.003,0.952,20,2,96.0,0.88,NIL,0,PENDING,0
KAG-LR-101445,PATTA,1999,5.38,5.5,3.67,0.01,0.992,16,1,92.7,1.04,NIL,0,APPROVED,0
KAG-LR-101446,PATTA,2011,8.81,9.02,0.29,0.005,0.935,95,1,89.9,1.06,NIL,0,APPROVED,0
KAG-LR-101447,PATTA,1991,0.3,0.28,0.91,0.015,0.965,10,2,88.1,0.95,NIL,0,APPROVED,0
KAG-LR-101448,POWER_OF_ATTORNEY,1994,2.24,2.17,4.14,0.004,0.967,35,5,90.9,1.03,NIL,0,APPROVED,0
KAG-LR-101449,PATTA,2026,0.82,0.82,0.35,0.002,0.996,46,3,89.7,1.01,NIL,0,APPROVED,0
KAG-LR-101450,SETTLEMENT,2013,0.82,0.85,0.4,0.015,0.929,24,1,98.7,1.04,NIL,0,APPROVED,0
KAG-LR-101451,PATTA,1966,1.59,1.55,2.26,0.018,0.934,32,2,99.0,0.91,NIL,0,PENDING,0
KAG-LR-101452,SALE_DEED,1996,2.93,2.97,1.23,0.013,0.96,47,2,89.4,0.98,NIL,0,APPROVED,0
KAG-LR-101453,SALE_DEED,1980,1.99,1.97,1.91,0.022,0.964,13,5,95.3,0.94,ACTIVE_MORTGAGE,0,APPROVED,0
KAG-LR-101454,PATTA,2009,1.25,1.75,39.62,0.147,0.725,1231,2,62.4,0.39,NIL,1,PENDING,1
KAG-LR-101455,SALE_DEED,1997,5.11,4.91,6.5,0.005,0.94,53,1,94.6,0.99,NIL,0,APPROVED,0
KAG-LR-101456,SETTLEMENT,1985,3.02,2.87,5.08,0.042,0.974,22,2,97.5,0.98,NIL,0,APPROVED,0
KAG-LR-101457,SALE_DEED,1985,3.8,3.91,1.74,0.008,0.976,9,1,96.2,1.1,NIL,0,APPROVED,0
KAG-LR-101458,POWER_OF_ATTORNEY,1999,0.51,0.47,7.33,0.455,0.713,148,2,84.2,0.76,NIL,1,PENDING,1
KAG-LR-101459,SETTLEMENT,1969,0.77,0.79,1.47,0.016,0.993,42,2,93.6,0.95,NIL,0,APPROVED,0
KAG-LR-101460,SETTLEMENT,2019,0.44,0.42,2.3,0.002,0.921,48,5,88.5,0.99,NIL,0,PENDING,0
KAG-LR-101461,PATTA,1999,1.12,0.99,11.71,0.288,0.414,2412,1,48.5,0.72,DISPUTED,1,REJECTED,1
KAG-LR-101462,SALE_DEED,2023,0.84,0.82,1.28,0.005,0.949,27,4,94.9,0.88,NIL,0,APPROVED,0
KAG-LR-101463,SALE_DEED,2011,1.21,1.33,9.61,0.31,0.533,2287,3,84.6,0.49,DISPUTED,0,PENDING,1
KAG-LR-101464,PATTA,1975,2.55,2.54,2.73,0.009,0.967,27,1,92.5,0.99,ACTIVE_MORTGAGE,0,APPROVED,0
KAG-LR-101465,SALE_DEED,1976,1.97,1.62,17.59,0.392,0.546,-243,2,75.4,0.42,DISPUTED,1,APPROVED,1
KAG-LR-101466,SETTLEMENT,2006,1.34,1.29,2.14,0.015,0.964,16,2,84.1,1.03,NIL,0,APPROVED,0
KAG-LR-101467,SETTLEMENT,1968,1.01,1.05,4.68,0.007,0.959,55,2,89.3,0.93,ACTIVE_MORTGAGE,0,PENDING,0
KAG-LR-101468,PATTA,2021,3.83,3.62,2.49,0.0,0.925,27,1,93.1,0.93,NIL,0,APPROVED,0
KAG-LR-101469,SETTLEMENT,2005,0.43,0.43,2.12,0.025,0.986,24,1,88.6,0.98,ACTIVE_MORTGAGE,0,APPROVED,0
KAG-LR-101470,PATTA,1996,7.9,8.13,0.71,0.006,0.984,17,1,81.9,1.02,NIL,0,PENDING,0
KAG-LR-101471,SALE_DEED,1994,5.76,7.31,26.83,0.308,0.688,60,3,88.1,0.41,COURT_STAY,1,REJECTED,1
KAG-LR-101472,SALE_DEED,1982,1.87,1.86,1.16,0.001,0.972,20,1,98.0,1.09,NIL,0,APPROVED,0
KAG-LR-101473,PATTA,1994,1.15,1.13,1.77,0.0,0.898,40,1,86.0,0.96,NIL,0,APPROVED,0
KAG-LR-101474,SETTLEMENT,2019,0.86,0.87,2.63,0.004,0.981,53,1,91.3,1.01,NIL,0,APPROVED,0
KAG-LR-101475,GIFT_DEED,2000,1.01,0.97,2.03,0.003,0.934,35,1,99.5,1.05,ACTIVE_MORTGAGE,0,APPROVED,0
KAG-LR-101476,PATTA,1996,5.77,6.09,4.03,0.0,0.937,40,2,92.5,1.08,NIL,0,APPROVED,0
KAG-LR-101477,GIFT_DEED,1990,2.5,2.51,2.16,0.004,0.989,75,1,95.1,0.93,ACTIVE_MORTGAGE,0,REJECTED,0
KAG-LR-101478,PATTA,1979,4.31,5.36,24.34,0.341,0.43,997,2,97.0,0.75,ACTIVE_MORTGAGE,0,PENDING,1
KAG-LR-101479,SETTLEMENT,2023,3.29,3.48,1.3,0.001,0.928,23,3,92.4,0.99,NIL,0,APPROVED,0
KAG-LR-101480,SALE_DEED,1971,5.69,5.93,1.74,0.008,0.986,68,3,93.5,1.01,NIL,0,APPROVED,0
KAG-LR-101481,PATTA,2009,3.79,4.22,11.43,0.629,0.587,97,1,79.5,0.5,ACTIVE_MORTGAGE,1,REJECTED,1
KAG-LR-101482,PATTA,2008,0.42,0.44,3.07,0.005,0.94,29,2,91.3,0.98,NIL,0,APPROVED,0
KAG-LR-101483,PATTA,2026,3.59,3.79,0.81,0.002,0.958,47,2,95.1,0.98,NIL,0,APPROVED,0
KAG-LR-101484,PATTA,1997,1.11,1.08,4.26,0.006,0.983,20,3,90.5,1.1,NIL,1,APPROVED,0
KAG-LR-101485,PATTA,2011,0.71,0.74,4.77,0.497,0.571,2299,3,63.9,0.29,NIL,0,PENDING,1
KAG-LR-101486,PATTA,1983,4.1,4.15,1.64,0.015,0.94,38,2,94.6,0.96,ACTIVE_MORTGAGE,0,APPROVED,0
KAG-LR-101487,SETTLEMENT,2014,7.43,7.18,0.56,0.001,0.957,21,1,93.5,0.94,NIL,1,APPROVED,0
KAG-LR-101488,SETTLEMENT,1980,2.72,2.34,13.82,0.498,0.482,1952,2,70.9,0.37,DISPUTED,0,PENDING,1
KAG-LR-101489,GIFT_DEED,1995,1.6,1.7,6.34,0.281,0.59,1743,3,86.8,0.37,NIL,1,APPROVED,1
KAG-LR-101490,PATTA,1966,0.87,0.91,3.86,0.002,0.95,57,2,82.9,0.99,NIL,0,PENDING,0
KAG-LR-101491,POWER_OF_ATTORNEY,1969,2.89,2.77,2.61,0.001,0.996,24,2,94.1,0.98,NIL,0,APPROVED,0
KAG-LR-101492,PATTA,2007,1.04,1.0,1.68,0.005,0.927,46,3,92.5,1.13,ACTIVE_MORTGAGE,0,PENDING,0
KAG-LR-101493,SALE_DEED,2016,3.35,3.24,3.23,0.007,0.965,7,3,92.9,1.04,NIL,0,APPROVED,0
KAG-LR-101494,SALE_DEED,1972,0.58,0.63,8.61,0.142,0.742,-634,5,71.8,0.35,NIL,0,REJECTED,1
KAG-LR-101495,PATTA,1966,3.95,3.79,2.65,0.002,0.943,42,3,88.0,0.94,NIL,0,APPROVED,0
KAG-LR-101496,PATTA,1993,5.41,5.52,0.26,0.004,0.94,42,1,89.0,0.84,NIL,0,APPROVED,0
KAG-LR-101497,PATTA,1998,0.66,0.26,60.98,0.576,0.699,175,3,77.6,0.74,NIL,1,PENDING,1
KAG-LR-101498,PATTA,1984,0.63,0.63,3.39,0.006,0.958,45,3,93.9,0.88,NIL,0,APPROVED,0
KAG-LR-101499,SALE_DEED,1999,1.25,1.29,1.47,0.009,0.966,13,2,99.5,0.98,NIL,0,APPROVED,0
KAG-LR-101500,PATTA,1965,5.97,6.12,2.81,0.014,0.983,46,1,94.6,0.92,NIL,0,APPROVED,0
KAG-LR-101501,SETTLEMENT,1965,10.73,11.14,1.82,0.008,0.988,45,1,92.5,0.99,NIL,0,PENDING,0
KAG-LR-101502,PATTA,1988,2.47,2.55,1.99,0.01,0.94,53,1,93.3,0.96,NIL,0,APPROVED,0
KAG-LR-101503,SALE_DEED,2019,5.9,6.05,2.33,0.018,0.98,55,1,93.7,1.01,NIL,0,APPROVED,0
KAG-LR-101504,PATTA,1997,10.66,11.19,1.43,0.03,0.957,25,3,95.0,0.91,NIL,1,APPROVED,0
KAG-LR-101505,SALE_DEED,1993,1.63,1.61,3.86,0.002,0.964,37,2,98.8,0.97,NIL,0,APPROVED,0
KAG-LR-101506,PATTA,1966,5.52,5.67,3.39,0.014,0.998,26,1,92.9,0.96,NIL,0,PENDING,0
KAG-LR-101507,PATTA,2014,3.39,3.49,1.63,0.002,0.953,51,2,91.8,0.99,DISPUTED,0,APPROVED,0
KAG-LR-101508,PATTA,2019,5.67,6.97,22.84,0.539,0.546,-621,3,43.7,0.52,NIL,0,REJECTED,1
KAG-LR-101509,SALE_DEED,2009,1.46,1.48,2.94,0.014,0.961,16,2,90.5,0.94,NIL,0,APPROVED,0
KAG-LR-101510,PATTA,2011,6.19,6.01,0.75,0.006,0.918,94,2,91.4,1.03,ACTIVE_MORTGAGE,0,APPROVED,0
KAG-LR-101511,PATTA,1976,1.84,1.75,0.75,0.006,0.964,55,2,86.8,1.07,NIL,0,APPROVED,0
KAG-LR-101512,POWER_OF_ATTORNEY,1988,8.42,10.72,27.35,0.14,0.556,308,1,73.0,0.26,ACTIVE_MORTGAGE,0,PENDING,1
KAG-LR-101513,SALE_DEED,2008,2.46,2.6,3.15,0.012,0.959,32,2,93.0,1.03,NIL,1,APPROVED,0
KAG-LR-101514,SALE_DEED,2021,1.54,1.62,5.07,0.458,0.524,-107,1,60.2,0.5,NIL,0,APPROVED,1
KAG-LR-101515,PATTA,2020,6.79,6.5,1.02,0.005,0.969,59,1,97.1,0.95,NIL,0,APPROVED,0
KAG-LR-101516,SALE_DEED,1971,4.45,4.55,3.42,0.015,0.961,29,2,81.4,0.97,NIL,0,PENDING,0
KAG-LR-101517,SALE_DEED,1989,1.71,1.66,0.8,0.004,0.992,31,4,96.0,1.02,DISPUTED,0,APPROVED,0
KAG-LR-101518,SALE_DEED,2013,1.87,1.9,1.1,0.004,0.966,35,4,99.1,0.89,ACTIVE_MORTGAGE,0,APPROVED,0
KAG-LR-101519,PATTA,1976,5.17,5.19,4.17,0.01,0.97,28,1,89.6,1.02,NIL,0,APPROVED,0
KAG-LR-101520,PATTA,1967,17.2,18.09,5.2,0.337,0.594,-577,1,57.1,0.6,ACTIVE_MORTGAGE,1,REJECTED,1
KAG-LR-101521,SALE_DEED,1992,2.1,2.1,6.33,0.023,0.921,20,1,89.2,0.97,NIL,0,APPROVED,0
KAG-LR-101522,PATTA,2005,1.34,1.4,1.78,0.007,0.929,63,3,84.2,1.02,ACTIVE_MORTGAGE,0,APPROVED,0
KAG-LR-101523,POWER_OF_ATTORNEY,1973,3.51,3.49,0.57,0.006,0.983,15,2,96.5,0.87,ACTIVE_MORTGAGE,0,APPROVED,0
KAG-LR-101524,SALE_DEED,2026,1.84,1.86,1.04,0.002,0.965,13,1,99.5,1.03,NIL,0,APPROVED,0
KAG-LR-101525,POWER_OF_ATTORNEY,2018,6.08,6.1,1.54,0.007,0.994,14,2,90.5,1.02,NIL,0,APPROVED,0
KAG-LR-101526,GIFT_DEED,2026,3.62,4.17,15.06,0.322,0.712,2278,3,70.3,0.45,NIL,0,PENDING,1
KAG-LR-101527,SALE_DEED,2021,0.93,0.91,3.25,0.01,0.956,25,2,94.1,0.9,NIL,0,PENDING,0
KAG-LR-101528,SALE_DEED,2020,2.12,2.22,3.81,0.009,0.984,32,4,79.6,1.07,ACTIVE_MORTGAGE,0,APPROVED,0
KAG-LR-101529,SETTLEMENT,1966,9.02,8.86,1.48,0.003,0.993,61,1,95.3,1.09,NIL,0,PENDING,0
KAG-LR-101530,GIFT_DEED,2011,2.48,2.61,0.57,0.001,0.948,20,3,89.0,1.13,ACTIVE_MORTGAGE,0,APPROVED,0
KAG-LR-101531,GIFT_DEED,1973,1.33,1.36,0.78,0.0,0.998,39,2,95.7,1.01,NIL,0,PENDING,0
KAG-LR-101532,SALE_DEED,2005,1.01,1.01,2.52,0.001,0.915,29,1,90.2,1.02,NIL,0,APPROVED,0
KAG-LR-101533,PATTA,1983,0.81,0.79,1.35,0.023,0.953,34,2,95.7,1.01,NIL,0,PENDING,0
KAG-LR-101534,POWER_OF_ATTORNEY,2015,2.28,2.36,3.27,0.001,0.899,22,4,94.8,1.09,NIL,0,APPROVED,0
KAG-LR-101535,SALE_DEED,1994,3.13,3.04,1.9,0.002,0.98,39,1,94.5,0.95,NIL,0,APPROVED,0
KAG-LR-101536,POWER_OF_ATTORNEY,2003,0.56,0.56,0.75,0.03,0.93,43,3,89.5,1.16,NIL,0,APPROVED,0
KAG-LR-101537,PATTA,2007,1.33,1.35,6.5,0.004,0.974,15,3,86.6,0.99,ACTIVE_MORTGAGE,1,APPROVED,0
KAG-LR-101538,PATTA,1975,1.67,1.95,17.0,0.243,0.547,1526,1,67.6,0.41,DISPUTED,1,APPROVED,1
KAG-LR-101539,SALE_DEED,1993,3.13,3.22,2.06,0.001,0.94,15,4,92.8,1.1,ACTIVE_MORTGAGE,0,APPROVED,0
KAG-LR-101540,PATTA,2002,1.53,1.9,24.25,0.353,0.728,68,2,79.8,0.29,NIL,1,PENDING,1
KAG-LR-101541,PATTA,2005,5.6,5.39,3.35,0.003,0.99,43,2,93.4,1.07,NIL,0,APPROVED,0
KAG-LR-101542,SALE_DEED,1999,0.41,0.41,1.76,0.007,0.971,32,1,93.7,1.05,ACTIVE_MORTGAGE,0,APPROVED,0
KAG-LR-101543,SALE_DEED,2023,4.67,4.39,6.5,0.033,0.94,27,2,92.7,0.95,NIL,0,APPROVED,0
KAG-LR-101544,PATTA,1979,1.31,1.38,5.0,0.002,0.966,72,3,87.4,0.94,NIL,0,PENDING,0
KAG-LR-101545,SALE_DEED,1983,2.17,2.17,6.5,0.023,0.957,48,1,93.6,1.05,NIL,0,APPROVED,0
KAG-LR-101546,PATTA,1992,0.99,0.96,1.5,0.0,0.974,24,1,95.7,0.97,NIL,0,APPROVED,0
KAG-LR-101547,SALE_DEED,1979,2.85,2.68,4.18,0.009,0.951,50,2,92.9,1.09,NIL,0,APPROVED,0
KAG-LR-101548,PATTA,1991,5.66,5.61,1.06,0.033,0.963,37,1,87.8,0.94,NIL,0,APPROVED,0
KAG-LR-101549,GIFT_DEED,1969,1.83,1.73,5.4,0.329,0.431,-72,2,61.2,0.57,ACTIVE_MORTGAGE,1,REJECTED,1
KAG-LR-101550,PATTA,2008,3.6,2.91,19.15,0.457,0.594,-322,2,67.5,0.43,COURT_STAY,1,REJECTED,1
KAG-LR-101551,POWER_OF_ATTORNEY,1968,0.82,0.8,1.38,0.004,0.971,20,1,93.6,0.9,DISPUTED,0,APPROVED,0
KAG-LR-101552,SALE_DEED,2015,1.62,1.52,6.23,0.374,0.444,-564,1,66.5,0.38,NIL,0,REJECTED,1
KAG-LR-101553,PATTA,1980,1.79,1.76,3.1,0.004,0.974,19,3,99.5,1.01,NIL,0,APPROVED,0
KAG-LR-101554,PATTA,2008,3.47,3.52,2.11,0.012,0.947,27,3,89.5,0.9,NIL,0,APPROVED,0
KAG-LR-101555,PATTA,2022,8.88,8.98,2.16,0.004,0.966,41,2,92.7,0.92,NIL,0,APPROVED,0
KAG-LR-101556,GIFT_DEED,2001,10.96,11.08,1.63,0.002,0.998,43,2,89.4,0.97,NIL,0,APPROVED,0
KAG-LR-101557,PATTA,1974,5.37,5.13,2.07,0.012,0.988,39,1,91.6,1.05,NIL,0,APPROVED,0
KAG-LR-101558,SALE_DEED,1990,1.65,1.73,3.82,0.013,0.995,105,2,92.7,1.06,NIL,0,APPROVED,0
KAG-LR-101559,SALE_DEED,2012,1.55,2.27,46.26,0.276,0.607,-717,2,53.6,0.25,NIL,0,PENDING,1
KAG-LR-101560,PATTA,2012,3.4,3.51,3.36,0.008,0.959,75,1,96.6,0.84,NIL,0,APPROVED,0
KAG-LR-101561,PATTA,1986,4.56,4.4,1.12,0.007,0.967,33,1,93.1,0.96,NIL,0,APPROVED,0
KAG-LR-101562,POWER_OF_ATTORNEY,2021,7.53,7.79,2.25,0.005,0.976,55,3,95.1,0.98,ACTIVE_MORTGAGE,0,APPROVED,0
KAG-LR-101563,SALE_DEED,1968,1.23,1.16,2.31,0.022,0.992,25,2,99.5,0.95,ACTIVE_MORTGAGE,0,APPROVED,0
KAG-LR-101564,SETTLEMENT,1965,0.9,0.95,1.21,0.031,0.964,25,4,97.5,1.01,NIL,0,APPROVED,0
KAG-LR-101565,SALE_DEED,1982,4.68,4.46,0.44,0.017,0.936,18,1,88.5,1.03,NIL,0,APPROVED,0
KAG-LR-101566,SETTLEMENT,1997,1.01,1.06,6.5,0.01,0.959,16,1,88.8,0.94,NIL,0,APPROVED,0
KAG-LR-101567,SALE_DEED,2010,11.55,12.09,0.61,0.018,0.95,48,3,94.5,0.97,DISPUTED,0,APPROVED,0
KAG-LR-101568,SALE_DEED,1978,6.0,5.71,6.5,0.009,0.95,32,1,95.4,0.92,NIL,0,APPROVED,0
KAG-LR-101569,SALE_DEED,2022,1.09,1.55,42.55,0.267,0.407,1255,1,62.4,0.36,NIL,0,PENDING,1
KAG-LR-101570,PATTA,1984,0.33,0.33,2.52,0.012,0.943,33,2,95.4,1.03,ACTIVE_MORTGAGE,0,APPROVED,0
KAG-LR-101571,PATTA,2018,5.43,5.15,2.62,0.024,0.995,19,3,94.1,0.99,NIL,0,APPROVED,0
KAG-LR-101572,PATTA,1973,4.45,4.48,1.88,0.001,0.971,61,1,93.2,1.01,NIL,0,PENDING,0
KAG-LR-101573,SALE_DEED,2025,1.91,1.96,0.81,0.003,0.957,18,1,98.9,1.0,NIL,0,APPROVED,0
KAG-LR-101574,POWER_OF_ATTORNEY,1978,10.81,14.11,30.57,0.453,0.543,171,1,60.9,0.72,NIL,1,PENDING,1
KAG-LR-101575,GIFT_DEED,1989,0.46,0.47,1.34,0.025,0.992,32,3,94.6,1.03,NIL,0,APPROVED,0
KAG-LR-101576,PATTA,1987,5.85,5.53,1.89,0.009,0.982,42,1,96.9,1.0,NIL,0,APPROVED,0
KAG-LR-101577,SALE_DEED,2018,1.91,3.26,70.43,0.391,0.621,996,3,60.8,0.73,COURT_STAY,0,PENDING,1
KAG-LR-101578,SALE_DEED,1999,0.65,0.67,1.31,0.017,0.966,24,2,93.5,0.91,ACTIVE_MORTGAGE,0,APPROVED,0
KAG-LR-101579,SETTLEMENT,1997,4.25,3.8,10.48,0.255,0.478,-35,2,87.6,0.32,ACTIVE_MORTGAGE,1,PENDING,1
KAG-LR-101580,POWER_OF_ATTORNEY,2017,4.27,4.48,4.81,0.0,0.987,10,2,95.5,1.15,ACTIVE_MORTGAGE,0,APPROVED,0
KAG-LR-101581,PATTA,2022,4.82,3.72,22.9,0.28,0.592,124,2,72.3,0.38,NIL,1,PENDING,1
KAG-LR-101582,PATTA,2009,7.36,7.41,6.01,0.001,0.927,35,3,85.6,1.0,ACTIVE_MORTGAGE,0,APPROVED,0
KAG-LR-101583,PATTA,1970,1.05,1.06,1.89,0.003,0.978,46,1,90.8,1.01,NIL,0,APPROVED,0
KAG-LR-101584,SALE_DEED,2018,0.36,0.35,4.1,0.017,0.984,12,1,96.2,0.99,NIL,0,APPROVED,0
KAG-LR-101585,PATTA,2001,12.94,12.64,4.04,0.027,0.997,28,3,90.8,1.05,NIL,0,PENDING,0
KAG-LR-101586,SETTLEMENT,2014,10.87,11.09,0.91,0.001,0.947,26,1,99.5,1.01,NIL,0,APPROVED,0
KAG-LR-101587,POWER_OF_ATTORNEY,2012,0.68,0.65,2.22,0.0,0.982,9,1,96.5,0.99,ACTIVE_MORTGAGE,0,APPROVED,0
KAG-LR-101588,SETTLEMENT,1965,2.02,2.02,5.6,0.009,0.975,31,3,93.1,1.1,NIL,0,PENDING,0
KAG-LR-101589,SETTLEMENT,2018,11.34,11.1,2.17,0.037,0.979,47,2,97.6,0.96,NIL,0,APPROVED,0
KAG-LR-101590,PATTA,1978,4.54,4.28,2.8,0.004,0.978,25,1,91.9,0.94,NIL,0,APPROVED,0
KAG-LR-101591,SETTLEMENT,2006,2.41,2.02,16.34,0.258,0.45,347,2,69.2,0.36,NIL,1,APPROVED,1
KAG-LR-101592,SALE_DEED,2012,5.03,5.08,1.06,0.005,0.989,26,4,95.4,0.97,NIL,0,APPROVED,0
KAG-LR-101593,PATTA,2000,1.72,1.53,11.11,0.537,0.377,116,1,66.0,0.49,ACTIVE_MORTGAGE,1,APPROVED,1
KAG-LR-101594,POWER_OF_ATTORNEY,2025,3.67,3.82,6.5,0.016,0.977,20,1,96.1,0.93,NIL,0,APPROVED,0
KAG-LR-101595,POWER_OF_ATTORNEY,1996,1.47,1.44,6.5,0.002,0.951,92,3,91.3,0.99,NIL,0,APPROVED,0
KAG-LR-101596,SALE_DEED,2001,2.63,3.09,17.43,0.267,0.532,1595,4,70.7,0.34,NIL,0,PENDING,1
KAG-LR-101597,PATTA,1997,5.52,5.84,2.17,0.003,0.931,11,2,94.5,0.96,NIL,0,APPROVED,0
KAG-LR-101598,PATTA,2007,5.46,5.35,2.02,0.008,0.948,43,2,92.8,0.91,NIL,0,APPROVED,0
KAG-LR-101599,POWER_OF_ATTORNEY,2017,2.62,3.33,27.23,0.167,0.424,586,1,74.7,0.28,COURT_STAY,0,PENDING,1
KAG-LR-101600,PATTA,2008,2.19,2.1,2.34,0.011,0.948,45,1,85.1,1.07,NIL,0,APPROVED,0
KAG-LR-101601,PATTA,1988,6.69,6.56,3.36,0.002,0.965,26,3,94.0,1.0,NIL,0,APPROVED,0
KAG-LR-101602,PATTA,1993,3.52,3.56,2.53,0.0,0.989,18,2,99.0,1.03,NIL,0,APPROVED,0
KAG-LR-101603,SALE_DEED,2015,1.57,1.51,2.73,0.001,0.971,19,1,95.8,0.84,NIL,0,APPROVED,0
KAG-LR-101604,PATTA,2013,0.6,0.62,1.29,0.009,0.991,17,1,92.5,1.05,NIL,0,APPROVED,0
KAG-LR-101605,SALE_DEED,2022,8.57,8.26,2.98,0.005,0.941,13,1,90.1,0.91,NIL,0,APPROVED,0
KAG-LR-101606,PATTA,2014,9.12,8.8,2.91,0.01,0.97,19,1,85.0,1.05,NIL,0,APPROVED,0
KAG-LR-101607,POWER_OF_ATTORNEY,2011,0.42,0.41,2.3,0.015,0.984,37,1,91.9,0.9,ACTIVE_MORTGAGE,1,APPROVED,0
KAG-LR-101608,GIFT_DEED,1986,3.39,3.55,4.58,0.38,0.463,233,1,72.8,0.4,COURT_STAY,1,APPROVED,1
KAG-LR-101609,POWER_OF_ATTORNEY,2022,4.92,4.81,1.94,0.005,0.973,21,3,92.1,1.09,NIL,0,APPROVED,0
KAG-LR-101610,PATTA,2009,3.58,3.64,1.49,0.014,0.988,16,1,90.6,1.16,ACTIVE_MORTGAGE,0,PENDING,0
KAG-LR-101611,SALE_DEED,1988,0.46,0.46,6.5,0.007,0.899,24,4,92.2,1.08,NIL,0,APPROVED,0
KAG-LR-101612,SETTLEMENT,1977,7.97,7.38,7.37,0.485,0.597,1758,1,64.0,0.57,NIL,1,APPROVED,1
KAG-LR-101613,SETTLEMENT,1980,1.26,1.44,14.25,0.428,0.657,41,1,62.0,0.58,DISPUTED,1,REJECTED,1
KAG-LR-101614,PATTA,2006,1.09,1.07,1.92,0.021,0.976,53,1,92.5,1.04,NIL,0,APPROVED,0
KAG-LR-101615,SETTLEMENT,2004,4.28,4.41,2.2,0.001,0.962,30,1,89.8,0.99,NIL,0,APPROVED,0
KAG-LR-101616,PATTA,1987,3.63,2.99,17.65,0.17,0.429,976,1,69.2,0.47,NIL,1,PENDING,1
KAG-LR-101617,SALE_DEED,2002,1.39,1.35,6.5,0.002,0.928,17,4,94.6,1.02,NIL,0,APPROVED,0
KAG-LR-101618,SALE_DEED,1997,0.46,0.47,2.08,0.006,0.965,28,2,87.8,1.01,DISPUTED,0,APPROVED,0
KAG-LR-101619,PATTA,1993,5.22,4.93,2.5,0.001,0.967,32,3,93.9,0.99,NIL,0,APPROVED,0
KAG-LR-101620,GIFT_DEED,1992,6.16,6.39,3.7,0.014,0.972,57,1,95.9,1.04,NIL,0,APPROVED,0
KAG-LR-101621,SALE_DEED,2003,0.75,0.77,3.64,0.014,0.94,21,1,87.1,0.95,NIL,0,APPROVED,0
KAG-LR-101622,PATTA,2014,1.93,1.82,2.2,0.001,0.988,27,4,89.9,0.89,NIL,0,APPROVED,0
KAG-LR-101623,PATTA,1994,1.85,1.79,2.62,0.001,0.978,53,1,92.4,1.07,ACTIVE_MORTGAGE,0,APPROVED,0
KAG-LR-101624,PATTA,1966,0.33,0.32,1.47,0.006,0.937,30,2,99.2,0.92,NIL,0,APPROVED,0
KAG-LR-101625,POWER_OF_ATTORNEY,1971,4.87,5.07,4.08,0.007,0.972,14,1,87.6,0.91,ACTIVE_MORTGAGE,0,APPROVED,0
KAG-LR-101626,PATTA,1976,3.48,3.5,2.59,0.023,0.971,8,5,94.1,1.03,COURT_STAY,0,APPROVED,0
KAG-LR-101627,PATTA,2005,1.5,1.47,1.69,0.015,0.933,12,3,88.3,1.04,NIL,0,APPROVED,0
KAG-LR-101628,PATTA,1988,2.76,2.89,1.78,0.006,0.964,33,4,95.2,0.91,NIL,0,PENDING,0
KAG-LR-101629,GIFT_DEED,2007,2.0,1.89,5.04,0.018,0.895,13,1,93.7,0.93,NIL,0,APPROVED,0
KAG-LR-101630,SALE_DEED,1998,7.73,8.02,3.82,0.008,0.946,80,2,89.8,1.0,NIL,0,PENDING,0
KAG-LR-101631,SALE_DEED,1998,2.28,2.34,0.95,0.011,0.928,25,3,97.9,1.04,NIL,0,REJECTED,0
KAG-LR-101632,SALE_DEED,1969,1.05,1.03,1.84,0.002,0.968,16,1,89.2,0.95,NIL,0,APPROVED,0
KAG-LR-101633,SALE_DEED,2024,0.8,0.84,2.32,0.014,0.962,27,1,90.7,1.03,DISPUTED,0,PENDING,0
KAG-LR-101634,PATTA,2004,0.77,0.74,1.87,0.014,0.996,46,1,98.5,0.93,ACTIVE_MORTGAGE,0,APPROVED,0
KAG-LR-101635,PATTA,2021,2.94,2.96,1.66,0.005,0.98,53,1,92.6,1.0,NIL,0,APPROVED,0
KAG-LR-101636,PATTA,2026,0.32,0.32,1.77,0.002,0.945,38,1,95.2,1.01,NIL,0,APPROVED,0
KAG-LR-101637,PATTA,2008,4.3,4.13,2.09,0.0,0.994,98,4,91.5,0.99,NIL,0,APPROVED,0
KAG-LR-101638,PATTA,2020,0.55,0.55,4.23,0.024,0.915,64,1,91.1,1.0,NIL,0,APPROVED,0
KAG-LR-101639,PATTA,1967,0.6,0.57,2.83,0.006,0.965,19,4,93.2,1.01,NIL,0,APPROVED,0
KAG-LR-101640,POWER_OF_ATTORNEY,1977,3.47,3.54,1.71,0.005,0.967,40,4,99.1,1.01,NIL,0,APPROVED,0
KAG-LR-101641,PATTA,2002,4.88,4.94,1.05,0.01,0.983,13,1,92.6,0.9,NIL,0,APPROVED,0
KAG-LR-101642,SALE_DEED,1986,3.08,3.0,2.38,0.004,0.943,29,1,87.1,0.99,NIL,0,APPROVED,0
KAG-LR-101643,POWER_OF_ATTORNEY,1985,1.31,1.39,6.5,0.015,0.935,22,3,99.5,1.15,NIL,0,APPROVED,0
KAG-LR-101644,SETTLEMENT,1978,1.34,1.4,0.92,0.012,0.991,39,1,99.5,0.95,NIL,0,APPROVED,0
KAG-LR-101645,SALE_DEED,1999,10.52,11.89,13.01,0.094,0.685,-210,2,91.6,0.76,COURT_STAY,1,APPROVED,1
KAG-LR-101646,SETTLEMENT,1999,3.65,3.75,5.76,0.002,0.986,10,1,95.3,0.97,NIL,0,APPROVED,0
KAG-LR-101647,SALE_DEED,2019,3.83,4.05,1.17,0.006,0.974,14,2,90.8,0.97,NIL,0,APPROVED,0
KAG-LR-101648,PATTA,1998,0.85,0.85,1.25,0.008,0.999,48,1,96.0,0.99,NIL,0,APPROVED,0
KAG-LR-101649,SALE_DEED,2007,0.74,0.73,1.68,0.001,0.952,137,1,85.4,0.9,NIL,0,APPROVED,0
KAG-LR-101650,PATTA,1993,3.34,2.73,18.35,0.626,0.711,101,3,68.8,0.46,COURT_STAY,1,REJECTED,1
KAG-LR-101651,SETTLEMENT,1979,1.02,1.06,1.39,0.007,0.965,33,1,94.9,0.96,NIL,0,REJECTED,0
KAG-LR-101652,PATTA,1966,0.53,0.55,0.66,0.0,0.994,48,1,90.4,0.98,NIL,0,APPROVED,0
KAG-LR-101653,PATTA,1989,0.54,0.54,1.18,0.02,0.984,39,4,90.6,1.04,NIL,0,APPROVED,0
KAG-LR-101654,SETTLEMENT,2023,1.41,1.42,1.44,0.003,0.957,59,2,91.4,1.03,NIL,0,APPROVED,0
KAG-LR-101655,PATTA,2005,9.21,9.43,3.68,0.004,0.945,98,3,92.6,0.97,ACTIVE_MORTGAGE,0,PENDING,0
KAG-LR-101656,POWER_OF_ATTORNEY,1967,6.74,7.14,1.5,0.004,0.998,30,1,95.2,1.02,NIL,0,PENDING,0
KAG-LR-101657,PATTA,1995,2.07,1.98,2.37,0.004,0.962,41,3,97.5,1.03,ACTIVE_MORTGAGE,0,APPROVED,0
KAG-LR-101658,SETTLEMENT,2005,2.2,2.1,5.92,0.006,0.98,41,2,98.5,1.02,NIL,0,APPROVED,0
KAG-LR-101659,SETTLEMENT,1976,2.64,2.6,0.9,0.002,0.939,54,2,86.6,1.08,NIL,0,APPROVED,0
KAG-LR-101660,SETTLEMENT,2010,0.75,0.72,0.76,0.01,0.971,62,1,90.9,1.01,ACTIVE_MORTGAGE,0,APPROVED,0
KAG-LR-101661,SALE_DEED,1968,0.58,0.61,5.36,0.003,0.995,37,2,94.6,0.83,NIL,0,APPROVED,0
KAG-LR-101662,PATTA,1999,2.64,2.53,2.14,0.017,0.887,16,1,92.9,0.88,NIL,0,APPROVED,0
KAG-LR-101663,SALE_DEED,2021,6.89,6.75,4.64,0.008,0.965,38,4,95.4,1.01,NIL,0,APPROVED,0
KAG-LR-101664,SALE_DEED,1983,1.3,1.3,1.78,0.009,0.967,30,1,89.4,0.94,NIL,0,APPROVED,0
KAG-LR-101665,GIFT_DEED,2018,0.45,0.41,8.87,0.261,0.549,115,1,64.6,0.32,NIL,0,REJECTED,1
KAG-LR-101666,PATTA,1973,0.61,0.64,1.82,0.001,0.985,26,1,90.9,1.05,COURT_STAY,0,APPROVED,0
KAG-LR-101667,SALE_DEED,1996,1.28,1.16,9.05,0.198,0.562,170,1,57.6,0.72,NIL,0,APPROVED,1
KAG-LR-101668,SALE_DEED,2000,0.59,0.6,3.83,0.003,0.988,62,2,99.4,1.01,NIL,0,APPROVED,0
KAG-LR-101669,SALE_DEED,2004,1.63,1.72,6.5,0.008,0.942,53,3,94.0,1.03,NIL,1,PENDING,0
KAG-LR-101670,PATTA,2026,2.79,2.7,2.76,0.008,0.976,35,5,86.7,1.07,NIL,0,APPROVED,0
KAG-LR-101671,PATTA,2014,2.49,2.61,1.66,0.015,0.981,36,1,92.9,1.06,NIL,0,APPROVED,0
KAG-LR-101672,SETTLEMENT,1979,0.62,0.59,0.9,0.003,0.973,10,1,93.2,0.97,NIL,0,APPROVED,0
KAG-LR-101673,SETTLEMENT,1966,3.38,3.11,8.06,0.451,0.614,167,5,64.8,0.39,NIL,0,PENDING,1
KAG-LR-101674,PATTA,2021,3.8,3.44,9.53,0.157,0.624,2134,1,64.7,0.4,DISPUTED,1,PENDING,1
KAG-LR-101675,SALE_DEED,2023,3.26,3.42,1.97,0.01,0.988,20,2,94.5,1.04,NIL,0,APPROVED,0
KAG-LR-101676,PATTA,1999,0.35,0.18,48.59,0.42,0.586,163,1,88.0,0.53,ACTIVE_MORTGAGE,0,APPROVED,1
KAG-LR-101677,SALE_DEED,1974,1.1,1.11,0.62,0.001,0.985,34,1,96.5,1.01,NIL,0,APPROVED,0
KAG-LR-101678,SALE_DEED,2017,1.56,1.63,3.01,0.004,0.989,37,2,96.4,0.99,NIL,0,APPROVED,0
KAG-LR-101679,PATTA,1984,0.66,0.64,1.7,0.021,0.965,24,1,97.3,1.02,ACTIVE_MORTGAGE,0,APPROVED,0
KAG-LR-101680,SALE_DEED,2002,2.61,2.84,8.79,0.105,0.684,2122,1,81.4,0.44,ACTIVE_MORTGAGE,0,PENDING,1
KAG-LR-101681,SALE_DEED,1975,2.86,2.8,6.19,0.001,0.974,53,1,93.0,1.11,NIL,0,APPROVED,0
KAG-LR-101682,PATTA,2019,0.75,0.74,1.71,0.003,0.979,19,2,92.3,0.97,NIL,0,APPROVED,0
KAG-LR-101683,SETTLEMENT,1968,2.03,1.92,1.23,0.003,0.905,44,1,89.9,0.95,NIL,1,APPROVED,0
KAG-LR-101684,PATTA,1971,7.92,4.36,44.96,0.549,0.559,642,1,77.2,0.37,DISPUTED,0,PENDING,1
KAG-LR-101685,PATTA,1996,2.92,2.78,4.63,0.013,0.98,61,2,92.4,1.0,NIL,0,PENDING,0
KAG-LR-101686,SETTLEMENT,1994,2.04,1.95,0.19,0.001,0.971,22,2,90.9,1.08,ACTIVE_MORTGAGE,0,APPROVED,0
KAG-LR-101687,POWER_OF_ATTORNEY,2022,3.1,3.16,3.26,0.001,0.997,18,1,93.1,1.06,DISPUTED,0,APPROVED,0
KAG-LR-101688,PATTA,2022,4.43,4.44,3.93,0.003,0.991,17,1,90.5,0.96,ACTIVE_MORTGAGE,0,PENDING,0
KAG-LR-101689,PATTA,1997,1.96,1.87,4.49,0.019,0.944,23,1,84.6,0.96,NIL,0,APPROVED,0
KAG-LR-101690,PATTA,2021,4.56,4.93,8.18,0.288,0.523,1186,1,56.0,0.51,NIL,0,PENDING,1
KAG-LR-101691,PATTA,1965,5.5,5.3,1.46,0.018,0.958,34,2,92.1,1.04,NIL,0,APPROVED,0
KAG-LR-101692,PATTA,2008,2.31,2.21,2.44,0.017,0.974,55,1,94.5,0.94,NIL,0,APPROVED,0
KAG-LR-101693,POWER_OF_ATTORNEY,1994,6.23,7.0,12.4,0.425,0.533,447,4,86.5,0.5,NIL,0,PENDING,1
KAG-LR-101694,POWER_OF_ATTORNEY,2013,3.98,3.98,4.15,0.006,0.958,44,3,97.0,0.98,NIL,0,APPROVED,0
KAG-LR-101695,PATTA,2016,0.87,0.85,1.73,0.002,0.886,24,3,83.2,1.02,NIL,0,APPROVED,0
KAG-LR-101696,SALE_DEED,2019,2.92,3.0,3.41,0.008,0.958,36,1,87.6,0.96,NIL,0,PENDING,0
KAG-LR-101697,PATTA,1985,0.32,0.33,1.86,0.015,0.975,35,1,91.3,0.97,NIL,0,PENDING,0
KAG-LR-101698,SALE_DEED,1994,2.85,2.74,1.2,0.021,0.997,80,2,87.5,0.96,COURT_STAY,0,APPROVED,0
KAG-LR-101699,SALE_DEED,2015,4.62,4.84,2.81,0.013,0.947,51,1,87.6,0.96,NIL,0,APPROVED,0
KAG-LR-101700,PATTA,1979,3.84,3.49,9.13,0.273,0.64,2248,1,71.5,0.68,DISPUTED,0,PENDING,1
KAG-LR-101701,PATTA,2017,3.01,2.94,4.84,0.003,0.975,67,4,95.9,0.92,NIL,0,APPROVED,0
KAG-LR-101702,SALE_DEED,2003,1.9,1.79,1.71,0.002,0.94,22,2,84.4,0.98,NIL,0,APPROVED,0
KAG-LR-101703,SALE_DEED,1991,6.11,6.22,2.0,0.022,0.978,43,4,92.5,0.91,NIL,0,APPROVED,0
KAG-LR-101704,PATTA,1972,3.64,3.43,4.21,0.009,0.931,13,2,90.5,1.06,NIL,0,APPROVED,0
KAG-LR-101705,SALE_DEED,2025,3.98,4.0,5.23,0.016,0.995,27,5,98.8,1.05,NIL,0,PENDING,0
KAG-LR-101706,PATTA,1984,1.37,1.41,2.79,0.001,0.989,20,5,91.5,1.09,NIL,0,APPROVED,0
KAG-LR-101707,PATTA,2014,1.52,1.46,2.44,0.014,0.994,31,1,98.9,0.95,NIL,0,APPROVED,0
KAG-LR-101708,PATTA,1986,0.3,0.31,2.32,0.001,0.933,23,3,93.9,1.05,NIL,0,APPROVED,0
KAG-LR-101709,PATTA,2022,0.64,0.64,0.99,0.007,0.978,61,2,93.5,1.06,NIL,0,APPROVED,0
KAG-LR-101710,PATTA,2017,1.53,1.47,1.53,0.014,0.957,57,3,95.1,1.07,NIL,0,APPROVED,0
KAG-LR-101711,PATTA,2013,0.83,0.84,1.16,0.005,0.973,21,1,96.2,1.07,ACTIVE_MORTGAGE,0,APPROVED,0
KAG-LR-101712,POWER_OF_ATTORNEY,1973,0.85,0.81,6.5,0.007,0.921,50,2,87.4,1.06,NIL,0,APPROVED,0
KAG-LR-101713,SETTLEMENT,1988,5.57,5.66,1.14,0.002,0.982,24,2,94.5,0.98,NIL,0,APPROVED,0
KAG-LR-101714,SALE_DEED,1969,14.75,14.06,4.65,0.235,0.695,167,2,68.9,0.32,NIL,0,PENDING,1
KAG-LR-101715,PATTA,1990,3.19,3.2,2.78,0.006,0.884,30,1,96.2,0.94,NIL,0,APPROVED,0
KAG-LR-101716,SETTLEMENT,1990,7.46,6.47,13.32,0.192,0.602,247,1,75.0,0.76,DISPUTED,0,PENDING,1
KAG-LR-101717,SALE_DEED,2016,2.49,2.48,0.88,0.02,0.952,44,2,99.2,1.09,NIL,0,PENDING,0
KAG-LR-101718,PATTA,1980,1.16,1.23,2.13,0.003,0.984,26,1,99.5,1.01,ACTIVE_MORTGAGE,0,APPROVED,0
KAG-LR-101719,SALE_DEED,2015,1.25,0.9,27.67,0.415,0.52,113,2,73.6,0.42,COURT_STAY,1,APPROVED,1
KAG-LR-101720,SALE_DEED,2003,3.05,3.08,0.59,0.021,0.995,10,1,95.1,0.98,NIL,0,APPROVED,0
KAG-LR-101721,PATTA,2017,1.08,1.02,1.54,0.005,0.932,38,1,95.7,1.01,ACTIVE_MORTGAGE,0,APPROVED,0
KAG-LR-101722,GIFT_DEED,2003,0.84,0.82,2.78,0.007,0.983,77,2,91.0,1.03,ACTIVE_MORTGAGE,0,APPROVED,0
KAG-LR-101723,GIFT_DEED,2009,1.57,1.57,1.44,0.007,0.98,33,1,90.8,1.06,NIL,0,APPROVED,0
KAG-LR-101724,SETTLEMENT,2004,1.76,1.75,1.05,0.007,0.955,19,2,91.0,0.94,ACTIVE_MORTGAGE,0,APPROVED,0
KAG-LR-101725,PATTA,1970,0.82,0.8,3.94,0.002,0.991,17,1,92.2,0.97,NIL,0,APPROVED,0
KAG-LR-101726,PATTA,1996,1.82,1.8,3.78,0.001,0.956,41,3,87.9,0.97,ACTIVE_MORTGAGE,0,PENDING,0
KAG-LR-101727,SALE_DEED,2017,19.49,19.63,6.5,0.006,0.976,19,4,95.6,1.12,NIL,0,PENDING,0
KAG-LR-101728,PATTA,2005,0.63,0.62,2.44,0.004,0.996,48,2,89.1,0.95,NIL,0,APPROVED,0
KAG-LR-101729,PATTA,2008,0.47,0.44,1.94,0.022,0.918,12,3,94.8,0.93,NIL,1,APPROVED,0
KAG-LR-101730,PATTA,1968,9.01,8.56,2.19,0.006,0.954,55,1,89.6,0.93,NIL,0,APPROVED,0
KAG-LR-101731,PATTA,2024,0.84,0.92,9.16,0.399,0.586,-676,1,70.1,0.28,NIL,0,REJECTED,1
KAG-LR-101732,PATTA,2003,3.32,3.49,6.36,0.003,0.966,42,2,90.9,1.01,NIL,0,APPROVED,0
KAG-LR-101733,PATTA,1971,1.14,1.08,1.97,0.006,0.918,32,1,99.0,1.04,ACTIVE_MORTGAGE,0,APPROVED,0
KAG-LR-101734,PATTA,2003,0.35,0.34,0.99,0.007,0.933,20,2,96.2,1.03,NIL,0,APPROVED,0
KAG-LR-101735,SALE_DEED,2023,2.05,2.16,1.13,0.001,0.98,22,3,93.6,0.99,ACTIVE_MORTGAGE,0,APPROVED,0
KAG-LR-101736,POWER_OF_ATTORNEY,2016,0.44,0.46,0.99,0.0,0.955,21,3,89.9,1.03,NIL,0,APPROVED,0
KAG-LR-101737,SETTLEMENT,1995,3.44,2.68,22.16,0.56,0.492,130,1,39.9,0.3,COURT_STAY,1,PENDING,1
KAG-LR-101738,PATTA,1987,4.98,5.01,1.42,0.003,0.995,49,3,92.9,0.98,NIL,0,APPROVED,0
KAG-LR-101739,SETTLEMENT,2005,4.28,4.41,3.04,0.0,0.988,26,2,91.5,1.01,NIL,0,APPROVED,0
KAG-LR-101740,PATTA,1969,3.06,3.46,12.99,0.227,0.651,94,5,54.0,0.64,ACTIVE_MORTGAGE,0,REJECTED,1
KAG-LR-101741,SALE_DEED,1976,2.0,2.08,6.47,0.007,0.961,18,2,92.9,0.95,NIL,0,APPROVED,0
KAG-LR-101742,SALE_DEED,1975,1.15,1.19,0.37,0.016,0.959,37,3,89.3,1.04,ACTIVE_MORTGAGE,1,APPROVED,0
KAG-LR-101743,SETTLEMENT,1991,4.4,4.26,1.49,0.002,0.975,12,2,93.2,1.08,NIL,0,APPROVED,0
KAG-LR-101744,SETTLEMENT,1975,0.93,0.95,2.63,0.002,0.991,13,2,94.9,0.94,NIL,0,APPROVED,0
KAG-LR-101745,SALE_DEED,1984,6.81,6.98,4.94,0.004,0.971,8,4,89.5,1.07,NIL,0,APPROVED,0
KAG-LR-101746,PATTA,2017,2.59,2.71,0.88,0.003,0.992,21,3,96.1,0.99,NIL,0,APPROVED,0
KAG-LR-101747,PATTA,2025,0.69,0.72,6.5,0.008,0.981,10,3,91.2,0.95,ACTIVE_MORTGAGE,0,APPROVED,0
KAG-LR-101748,PATTA,1969,3.14,2.38,24.28,0.3,0.573,403,3,62.5,0.7,DISPUTED,1,APPROVED,1
KAG-LR-101749,PATTA,1999,2.81,2.82,1.25,0.02,0.92,77,2,93.3,0.95,ACTIVE_MORTGAGE,1,APPROVED,0
KAG-LR-101750,GIFT_DEED,1993,0.4,0.41,1.45,0.036,0.92,58,3,97.4,1.05,NIL,0,APPROVED,0
KAG-LR-101751,PATTA,2012,0.58,0.58,3.8,0.001,0.974,44,2,96.2,1.01,NIL,0,APPROVED,0
KAG-LR-101752,POWER_OF_ATTORNEY,1992,1.41,1.46,1.49,0.003,0.988,27,2,83.8,0.94,NIL,0,APPROVED,0
KAG-LR-101753,SALE_DEED,1968,2.09,2.12,0.2,0.001,0.976,9,2,92.2,1.03,NIL,0,APPROVED,0
KAG-LR-101754,SALE_DEED,1989,6.97,7.19,2.21,0.006,0.989,38,2,93.1,1.1,NIL,1,PENDING,0
KAG-LR-101755,SALE_DEED,2000,1.34,1.39,1.76,0.003,0.986,60,3,93.3,0.9,NIL,0,APPROVED,0
KAG-LR-101756,SETTLEMENT,1987,3.72,3.88,2.01,0.0,0.947,40,5,91.7,0.95,DISPUTED,0,APPROVED,0
KAG-LR-101757,SETTLEMENT,2018,0.59,0.64,8.13,0.043,0.618,2346,1,69.2,0.73,ACTIVE_MORTGAGE,0,PENDING,1
KAG-LR-101758,SALE_DEED,1977,7.21,7.19,6.5,0.002,0.976,16,3,87.2,1.08,NIL,0,APPROVED,0
KAG-LR-101759,PATTA,1986,1.55,1.47,6.5,0.01,0.988,86,1,96.5,1.02,ACTIVE_MORTGAGE,0,APPROVED,0
KAG-LR-101760,SALE_DEED,2019,2.98,3.1,0.91,0.028,0.969,8,3,96.2,0.98,NIL,0,APPROVED,0
KAG-LR-101761,PATTA,2020,1.58,1.43,9.57,0.179,0.725,596,1,79.0,0.55,DISPUTED,1,APPROVED,1
KAG-LR-101762,PATTA,2016,7.53,7.72,4.26,0.006,0.953,28,5,91.0,0.93,NIL,0,PENDING,0
KAG-LR-101763,SETTLEMENT,1966,0.52,0.54,2.9,0.006,0.918,29,1,95.5,1.02,ACTIVE_MORTGAGE,0,APPROVED,0
KAG-LR-101764,GIFT_DEED,2010,3.77,3.52,6.59,0.116,0.471,1206,5,67.8,0.33,NIL,1,REJECTED,1
KAG-LR-101765,SETTLEMENT,1965,1.27,1.54,21.58,0.14,0.624,2176,3,82.7,0.35,DISPUTED,1,REJECTED,1
KAG-LR-101766,PATTA,1981,2.12,2.23,4.77,0.009,0.965,41,3,95.4,1.01,NIL,0,APPROVED,0
KAG-LR-101767,SETTLEMENT,1985,2.22,2.34,1.7,0.019,0.999,27,2,95.4,0.96,NIL,1,APPROVED,0
KAG-LR-101768,PATTA,1980,1.92,1.81,2.24,0.005,0.926,91,3,92.4,0.99,ACTIVE_MORTGAGE,0,APPROVED,0
KAG-LR-101769,GIFT_DEED,1989,6.09,6.42,2.62,0.005,0.985,51,2,93.7,0.99,NIL,0,APPROVED,0
KAG-LR-101770,PATTA,1995,4.51,4.67,1.68,0.045,0.908,44,1,93.3,0.92,NIL,0,APPROVED,0
KAG-LR-101771,SALE_DEED,2000,2.48,2.55,2.83,0.001,0.991,69,1,86.7,0.99,COURT_STAY,0,APPROVED,0
KAG-LR-101772,PATTA,2008,2.72,2.65,2.52,0.005,0.935,32,3,84.7,0.9,NIL,0,APPROVED,0
KAG-LR-101773,SALE_DEED,1995,13.81,11.15,19.23,0.15,0.637,2121,2,43.1,0.35,COURT_STAY,1,PENDING,1
KAG-LR-101774,SALE_DEED,2019,4.24,4.46,4.49,0.016,0.968,11,2,93.0,0.96,ACTIVE_MORTGAGE,0,APPROVED,0
KAG-LR-101775,PATTA,1976,5.36,5.14,2.66,0.01,0.979,36,2,91.6,0.95,NIL,0,APPROVED,0
KAG-LR-101776,SALE_DEED,2025,1.22,1.18,1.52,0.035,0.94,44,3,96.2,0.93,NIL,0,APPROVED,0
KAG-LR-101777,SALE_DEED,2022,3.89,3.97,3.09,0.003,0.99,54,1,95.6,0.97,NIL,0,APPROVED,0
KAG-LR-101778,PATTA,1965,1.03,1.02,1.58,0.001,0.979,22,5,89.4,0.95,NIL,0,APPROVED,0
KAG-LR-101779,GIFT_DEED,1969,0.59,0.57,1.44,0.001,0.964,10,1,87.6,1.03,NIL,0,APPROVED,0
KAG-LR-101780,GIFT_DEED,1965,0.63,0.61,2.16,0.004,0.956,34,3,89.5,1.04,NIL,0,APPROVED,0
KAG-LR-101781,SALE_DEED,1972,11.81,12.42,5.13,0.375,0.683,1440,4,86.3,0.45,ACTIVE_MORTGAGE,1,REJECTED,1
KAG-LR-101782,SALE_DEED,1970,8.83,9.06,3.14,0.01,0.985,6,3,88.7,0.96,NIL,0,APPROVED,0
KAG-LR-101783,PATTA,1997,4.06,4.01,0.45,0.001,0.958,42,2,87.4,1.06,NIL,0,APPROVED,0
KAG-LR-101784,GIFT_DEED,1978,1.05,1.08,0.47,0.004,0.986,32,2,96.7,1.08,NIL,0,PENDING,0
KAG-LR-101785,SALE_DEED,2019,9.7,10.11,1.11,0.001,0.99,9,5,97.6,1.05,NIL,0,APPROVED,0
KAG-LR-101786,SALE_DEED,1987,4.77,5.24,9.91,0.274,0.681,164,1,51.5,0.32,NIL,1,REJECTED,1
KAG-LR-101787,SALE_DEED,1975,5.56,4.92,11.55,0.486,0.426,1450,2,70.2,0.51,ACTIVE_MORTGAGE,1,PENDING,1
KAG-LR-101788,PATTA,2016,10.5,10.58,3.25,0.002,0.937,40,3,97.9,0.91,NIL,0,PENDING,0
KAG-LR-101789,PATTA,1986,1.74,1.78,3.4,0.004,0.982,38,1,95.1,0.99,ACTIVE_MORTGAGE,0,APPROVED,0
KAG-LR-101790,SALE_DEED,1978,4.16,4.05,2.04,0.008,0.953,35,2,95.0,0.85,NIL,0,APPROVED,0
KAG-LR-101791,PATTA,1980,9.84,10.31,1.69,0.003,0.989,55,1,95.4,1.11,NIL,0,APPROVED,0
KAG-LR-101792,PATTA,1975,2.22,2.26,6.5,0.012,0.959,46,2,94.9,0.89,NIL,0,APPROVED,0
KAG-LR-101793,PATTA,2009,1.9,2.11,10.86,0.206,0.68,-687,3,89.9,0.67,NIL,1,REJECTED,1
KAG-LR-101794,GIFT_DEED,2017,0.56,0.58,2.36,0.015,0.974,58,3,88.5,0.99,NIL,0,PENDING,0
KAG-LR-101795,PATTA,1977,5.96,5.61,0.48,0.004,0.948,23,3,90.8,0.95,NIL,0,APPROVED,0
KAG-LR-101796,SALE_DEED,2016,3.52,3.36,2.42,0.002,0.969,79,1,93.5,0.9,NIL,0,APPROVED,0
KAG-LR-101797,SETTLEMENT,1984,1.12,1.14,1.29,0.015,0.921,22,2,89.2,0.91,NIL,0,APPROVED,0
KAG-LR-101798,SALE_DEED,2000,0.69,0.57,17.11,0.457,0.463,1126,1,71.2,0.64,ACTIVE_MORTGAGE,1,REJECTED,1
KAG-LR-101799,SETTLEMENT,2024,4.31,4.2,2.14,0.02,0.906,48,1,89.2,0.98,ACTIVE_MORTGAGE,0,APPROVED,0
KAG-LR-101800,PATTA,1984,3.2,3.11,1.05,0.001,0.983,70,3,89.7,0.99,NIL,0,APPROVED,0
KAG-LR-101801,SETTLEMENT,1969,7.58,7.23,2.36,0.001,0.963,16,1,98.8,1.03,NIL,0,APPROVED,0
KAG-LR-101802,PATTA,1973,3.58,3.75,2.05,0.002,0.951,23,1,93.8,0.95,NIL,0,APPROVED,0
KAG-LR-101803,GIFT_DEED,1972,5.18,5.31,4.18,0.007,0.997,16,2,95.5,0.95,NIL,0,APPROVED,0
KAG-LR-101804,PATTA,2024,2.2,2.09,1.99,0.005,0.934,65,2,93.1,0.92,NIL,0,APPROVED,0
KAG-LR-101805,PATTA,1977,0.93,0.88,2.43,0.02,0.98,31,2,91.1,0.97,NIL,0,APPROVED,0
KAG-LR-101806,PATTA,1972,8.18,7.72,2.06,0.045,0.976,35,3,92.0,1.04,NIL,0,APPROVED,0
KAG-LR-101807,SETTLEMENT,1992,3.27,3.34,6.5,0.01,0.941,36,1,93.8,1.05,NIL,0,APPROVED,0
KAG-LR-101808,GIFT_DEED,2017,3.68,3.59,4.66,0.006,0.97,7,2,99.5,1.04,NIL,0,APPROVED,0
KAG-LR-101809,PATTA,1996,0.64,0.67,4.05,0.014,0.925,83,3,99.5,1.0,NIL,0,APPROVED,0
KAG-LR-101810,PATTA,1983,0.57,0.59,2.17,0.017,0.904,15,1,89.4,0.94,NIL,0,APPROVED,0
KAG-LR-101811,SALE_DEED,2010,1.28,1.28,2.39,0.014,0.973,20,4,94.3,1.04,NIL,0,APPROVED,0
KAG-LR-101812,SALE_DEED,1981,1.75,1.78,4.77,0.0,0.977,39,2,90.2,0.9,NIL,0,APPROVED,0
KAG-LR-101813,SETTLEMENT,2007,8.45,8.1,1.75,0.003,0.954,38,1,93.5,0.98,NIL,0,APPROVED,0
KAG-LR-101814,PATTA,1990,3.04,3.09,0.72,0.002,0.992,28,2,96.2,0.99,ACTIVE_MORTGAGE,0,APPROVED,0
KAG-LR-101815,PATTA,2001,3.82,4.02,5.36,0.224,0.515,-423,2,97.0,0.75,ACTIVE_MORTGAGE,0,PENDING,1
KAG-LR-101816,SALE_DEED,1998,0.48,0.48,2.31,0.008,0.997,17,2,90.0,0.99,NIL,0,APPROVED,0
KAG-LR-101817,PATTA,1966,0.67,0.53,21.42,0.599,0.638,142,1,60.8,0.26,NIL,0,REJECTED,1
KAG-LR-101818,SALE_DEED,1973,1.48,1.4,2.6,0.0,0.931,41,1,95.8,0.98,ACTIVE_MORTGAGE,0,APPROVED,0
KAG-LR-101819,SETTLEMENT,2008,1.29,1.32,2.62,0.002,0.986,22,2,89.5,0.96,ACTIVE_MORTGAGE,0,APPROVED,0
KAG-LR-101820,PATTA,1990,3.08,2.94,1.53,0.02,0.956,55,1,96.1,1.05,NIL,0,APPROVED,0
KAG-LR-101821,PATTA,1998,1.32,1.32,5.18,0.019,0.987,56,1,90.7,1.01,NIL,1,APPROVED,0
KAG-LR-101822,SALE_DEED,2000,3.54,3.36,5.13,0.108,0.38,62,1,85.9,0.52,NIL,1,REJECTED,1
KAG-LR-101823,PATTA,1997,8.73,9.23,5.69,0.14,0.549,159,1,80.1,0.34,NIL,0,REJECTED,1
KAG-LR-101824,PATTA,1968,12.24,12.96,2.15,0.007,0.986,18,4,91.0,1.09,ACTIVE_MORTGAGE,0,APPROVED,0
KAG-LR-101825,SALE_DEED,1996,2.26,2.3,0.7,0.005,0.971,11,1,99.5,1.02,ACTIVE_MORTGAGE,0,APPROVED,0
KAG-LR-101826,PATTA,1974,3.41,3.7,8.45,0.151,0.601,110,1,87.7,0.63,NIL,0,REJECTED,1
KAG-LR-101827,PATTA,1971,2.98,2.92,1.39,0.006,0.982,22,2,96.6,1.08,NIL,0,APPROVED,0
KAG-LR-101828,PATTA,1970,8.06,7.75,2.91,0.001,0.963,41,1,99.5,1.05,ACTIVE_MORTGAGE,0,APPROVED,0
KAG-LR-101829,SETTLEMENT,1986,5.8,5.87,1.57,0.014,0.951,65,3,85.0,0.99,NIL,0,APPROVED,0
KAG-LR-101830,POWER_OF_ATTORNEY,1977,3.07,2.93,1.1,0.002,0.987,59,1,88.2,0.97,NIL,0,APPROVED,0
KAG-LR-101831,PATTA,2000,2.93,3.02,6.5,0.008,0.974,32,3,88.3,1.02,NIL,0,APPROVED,0
KAG-LR-101832,SALE_DEED,2004,10.46,10.2,4.93,0.001,0.99,55,1,95.5,1.0,NIL,0,APPROVED,0
KAG-LR-101833,PATTA,2012,2.25,2.29,3.41,0.005,0.95,68,1,96.8,1.0,NIL,0,APPROVED,0
KAG-LR-101834,SETTLEMENT,2005,6.29,6.3,1.31,0.005,0.995,53,1,99.0,1.08,NIL,0,APPROVED,0
KAG-LR-101835,PATTA,1991,4.16,4.96,19.19,0.262,0.614,638,3,68.6,0.65,DISPUTED,0,REJECTED,1
KAG-LR-101836,PATTA,2017,4.99,5.0,5.4,0.004,0.952,10,2,84.7,0.97,ACTIVE_MORTGAGE,0,APPROVED,0
KAG-LR-101837,PATTA,1967,1.19,1.23,1.27,0.005,0.981,42,1,90.1,0.92,DISPUTED,0,APPROVED,0
KAG-LR-101838,PATTA,2015,4.89,5.03,1.19,0.009,0.985,24,1,92.0,1.0,ACTIVE_MORTGAGE,0,APPROVED,0
KAG-LR-101839,SALE_DEED,1969,0.57,0.55,2.03,0.02,0.961,19,2,92.9,1.1,NIL,0,APPROVED,0
KAG-LR-101840,POWER_OF_ATTORNEY,2001,3.45,3.73,8.2,0.428,0.413,139,4,67.7,0.74,DISPUTED,1,REJECTED,1
KAG-LR-101841,PATTA,2003,4.32,4.11,0.26,0.005,0.934,28,1,84.0,1.04,NIL,0,APPROVED,0
KAG-LR-101842,SETTLEMENT,1988,1.11,1.12,1.55,0.003,0.974,33,1,88.5,0.99,ACTIVE_MORTGAGE,0,APPROVED,0
KAG-LR-101843,PATTA,1998,8.77,8.38,2.98,0.006,0.947,43,1,95.2,1.03,NIL,0,APPROVED,0
KAG-LR-101844,SALE_DEED,1983,0.8,0.83,1.58,0.009,0.952,30,5,94.7,0.98,NIL,0,APPROVED,0
KAG-LR-101845,PATTA,1990,3.55,3.69,0.71,0.004,0.954,26,3,96.3,1.03,NIL,0,APPROVED,0
KAG-LR-101846,SALE_DEED,1984,0.85,0.86,0.9,0.013,0.982,74,2,96.5,1.01,NIL,0,APPROVED,0
KAG-LR-101847,PATTA,2004,5.24,5.32,1.62,0.004,0.898,49,3,96.7,1.05,NIL,0,APPROVED,0
KAG-LR-101848,SALE_DEED,1982,4.54,7.17,57.86,0.319,0.498,52,4,64.3,0.75,NIL,1,REJECTED,1
KAG-LR-101849,PATTA,1974,3.43,3.22,0.64,0.016,0.94,64,1,91.2,1.04,NIL,0,APPROVED,0
KAG-LR-101850,SETTLEMENT,1994,1.83,1.85,1.91,0.005,0.988,35,4,93.0,1.0,NIL,0,APPROVED,0
KAG-LR-101851,PATTA,1996,5.72,6.0,6.5,0.002,0.939,19,2,87.1,0.99,ACTIVE_MORTGAGE,0,APPROVED,0
KAG-LR-101852,PATTA,2023,0.6,0.63,4.15,0.001,0.972,17,1,85.2,1.13,NIL,0,APPROVED,0
KAG-LR-101853,PATTA,1998,4.26,4.28,1.9,0.011,0.952,31,2,88.7,0.99,NIL,0,APPROVED,0
KAG-LR-101854,SALE_DEED,1971,0.53,0.55,0.92,0.001,0.943,31,2,99.3,1.05,NIL,0,PENDING,0
KAG-LR-101855,SALE_DEED,1966,2.69,2.64,1.96,0.003,0.968,14,1,95.5,1.02,NIL,0,APPROVED,0
KAG-LR-101856,SALE_DEED,1975,1.92,1.99,5.88,0.021,0.97,27,1,99.0,1.07,NIL,0,APPROVED,0
KAG-LR-101857,SALE_DEED,2001,2.75,2.86,1.44,0.012,0.994,31,1,94.0,0.97,NIL,0,APPROVED,0
KAG-LR-101858,PATTA,2017,6.8,7.19,1.33,0.008,0.936,38,1,97.8,0.89,NIL,0,APPROVED,0
KAG-LR-101859,PATTA,1995,0.47,0.49,1.71,0.0,0.933,50,2,86.5,0.95,DISPUTED,0,APPROVED,0
KAG-LR-101860,SALE_DEED,1998,1.3,1.26,0.87,0.038,0.962,29,3,92.4,0.99,NIL,1,APPROVED,0
KAG-LR-101861,SETTLEMENT,2002,4.61,4.67,4.76,0.005,0.961,49,1,89.0,1.1,ACTIVE_MORTGAGE,0,APPROVED,0
KAG-LR-101862,PATTA,1992,2.12,2.19,0.96,0.001,0.936,35,1,91.2,0.97,ACTIVE_MORTGAGE,0,REJECTED,0
KAG-LR-101863,PATTA,2021,1.23,1.2,4.89,0.007,0.976,20,4,99.5,1.04,NIL,0,APPROVED,0
KAG-LR-101864,SALE_DEED,2000,0.67,0.65,3.86,0.002,0.951,34,1,95.7,1.01,NIL,0,APPROVED,0
KAG-LR-101865,SALE_DEED,2023,0.59,0.61,0.85,0.001,0.994,50,1,94.9,1.07,NIL,0,APPROVED,0
KAG-LR-101866,SALE_DEED,2011,2.34,2.4,6.5,0.012,0.988,13,2,95.1,0.96,NIL,0,PENDING,0
KAG-LR-101867,SALE_DEED,2000,0.94,0.94,1.15,0.022,0.962,24,3,92.9,0.99,ACTIVE_MORTGAGE,0,APPROVED,0
KAG-LR-101868,PATTA,2013,0.45,0.43,0.89,0.009,0.965,19,3,96.0,0.93,NIL,0,APPROVED,0
KAG-LR-101869,PATTA,1980,10.85,10.81,2.14,0.008,0.98,15,2,85.9,1.1,NIL,0,APPROVED,0
KAG-LR-101870,POWER_OF_ATTORNEY,2004,2.99,2.9,2.5,0.0,0.949,8,1,93.6,1.1,NIL,0,APPROVED,0
KAG-LR-101871,SALE_DEED,2002,2.75,2.81,2.64,0.005,0.959,40,3,97.6,0.98,NIL,0,APPROVED,0
KAG-LR-101872,POWER_OF_ATTORNEY,2015,6.19,6.55,4.78,0.005,0.993,25,3,92.5,0.95,NIL,0,APPROVED,0
KAG-LR-101873,SALE_DEED,2013,0.92,0.9,3.25,0.004,0.979,20,3,91.9,0.86,NIL,1,APPROVED,0
KAG-LR-101874,SALE_DEED,1986,4.57,4.58,2.92,0.0,0.978,52,2,94.4,1.04,NIL,0,APPROVED,0
KAG-LR-101875,PATTA,2020,1.78,1.76,0.99,0.008,0.941,41,1,91.2,1.08,NIL,0,APPROVED,0
KAG-LR-101876,PATTA,1991,4.49,4.4,3.62,0.006,0.96,41,5,93.8,1.05,NIL,0,APPROVED,0
KAG-LR-101877,PATTA,1988,1.54,1.62,1.71,0.0,0.958,25,1,90.8,1.01,NIL,0,PENDING,0
KAG-LR-101878,SALE_DEED,2016,4.28,4.14,4.53,0.005,0.981,58,1,94.8,1.03,NIL,1,PENDING,0
KAG-LR-101879,SALE_DEED,1990,3.89,3.87,2.27,0.009,0.922,39,2,93.5,0.91,ACTIVE_MORTGAGE,0,APPROVED,0
KAG-LR-101880,PATTA,1967,2.89,2.94,1.61,0.009,0.983,31,3,89.8,1.08,NIL,0,APPROVED,0
KAG-LR-101881,GIFT_DEED,1998,1.02,0.98,3.34,0.002,0.938,45,1,94.2,1.1,NIL,0,APPROVED,0
KAG-LR-101882,PATTA,2019,2.08,2.14,4.52,0.004,0.974,56,4,98.3,0.97,NIL,0,APPROVED,0
KAG-LR-101883,POWER_OF_ATTORNEY,1995,0.83,0.73,11.72,0.158,0.571,735,1,57.8,0.29,DISPUTED,1,APPROVED,1
KAG-LR-101884,PATTA,1995,9.3,8.88,1.61,0.003,0.985,26,2,94.1,0.96,NIL,0,APPROVED,0
KAG-LR-101885,SALE_DEED,1966,5.3,5.49,6.3,0.0,0.983,29,1,95.9,1.02,NIL,0,APPROVED,0
KAG-LR-101886,SALE_DEED,1975,0.33,0.34,6.5,0.001,0.979,20,2,91.7,0.95,NIL,0,APPROVED,0
KAG-LR-101887,PATTA,2002,2.28,2.52,10.43,0.259,0.59,142,4,86.5,0.55,DISPUTED,0,PENDING,1
KAG-LR-101888,SALE_DEED,1998,3.26,3.2,1.94,0.002,0.991,55,2,90.8,1.02,NIL,0,APPROVED,0
KAG-LR-101889,SALE_DEED,2003,3.01,3.04,1.13,0.002,0.923,23,2,95.4,0.94,DISPUTED,0,APPROVED,0
KAG-LR-101890,PATTA,2013,7.9,8.16,6.5,0.001,0.948,19,1,87.0,1.01,NIL,0,APPROVED,0
KAG-LR-101891,SALE_DEED,1974,11.02,11.67,2.26,0.011,0.99,83,2,92.8,0.91,NIL,0,APPROVED,0
KAG-LR-101892,SALE_DEED,1979,0.56,0.54,3.3,0.0,0.935,27,2,91.7,1.07,NIL,0,APPROVED,0
KAG-LR-101893,SALE_DEED,1965,2.13,2.14,1.37,0.016,0.888,25,3,86.0,1.04,NIL,0,APPROVED,0
KAG-LR-101894,PATTA,1986,1.46,1.39,3.13,0.005,0.964,13,1,96.8,0.97,ACTIVE_MORTGAGE,0,APPROVED,0
KAG-LR-101895,POWER_OF_ATTORNEY,1975,1.0,1.08,7.53,0.34,0.494,240,1,81.7,0.49,ACTIVE_MORTGAGE,1,PENDING,1
KAG-LR-101896,PATTA,1973,4.03,3.82,5.11,0.274,0.572,1207,3,51.8,0.29,NIL,1,REJECTED,1
KAG-LR-101897,SALE_DEED,1973,3.87,4.06,3.24,0.014,0.982,29,2,99.5,0.97,NIL,0,APPROVED,0
KAG-LR-101898,PATTA,2011,5.86,5.9,6.16,0.023,0.953,28,1,91.1,0.91,ACTIVE_MORTGAGE,0,APPROVED,0
KAG-LR-101899,PATTA,1997,0.75,0.93,23.84,0.424,0.524,1770,3,53.5,0.64,ACTIVE_MORTGAGE,0,APPROVED,1
KAG-LR-101900,SALE_DEED,1968,2.18,2.44,11.7,0.249,0.518,-378,1,74.3,0.35,DISPUTED,0,REJECTED,1
KAG-LR-101901,PATTA,2000,1.86,1.81,1.71,0.002,0.955,44,5,86.9,1.1,NIL,0,APPROVED,0
KAG-LR-101902,POWER_OF_ATTORNEY,2011,2.43,2.51,1.14,0.001,0.968,20,1,95.3,0.95,NIL,0,PENDING,0
KAG-LR-101903,SETTLEMENT,1985,6.69,6.88,1.63,0.026,0.991,64,1,86.7,0.93,NIL,0,PENDING,0
KAG-LR-101904,PATTA,1980,2.67,2.83,2.57,0.007,0.954,27,3,87.1,0.97,NIL,0,APPROVED,0
KAG-LR-101905,POWER_OF_ATTORNEY,1969,2.36,1.98,15.9,0.211,0.484,-171,1,64.0,0.72,NIL,0,PENDING,1
KAG-LR-101906,PATTA,2005,1.61,1.72,7.07,0.129,0.635,-471,1,75.2,0.45,DISPUTED,0,PENDING,1
KAG-LR-101907,POWER_OF_ATTORNEY,1974,2.02,1.75,13.31,0.418,0.665,109,4,69.3,0.69,NIL,1,PENDING,1
KAG-LR-101908,PATTA,2017,3.94,3.73,0.94,0.002,0.971,35,3,99.2,0.98,NIL,0,APPROVED,0
KAG-LR-101909,SALE_DEED,1983,2.04,2.11,2.5,0.011,0.975,94,1,94.2,1.0,NIL,0,APPROVED,0
KAG-LR-101910,PATTA,2009,3.53,3.63,6.5,0.003,0.916,63,2,96.2,0.99,NIL,0,APPROVED,0
KAG-LR-101911,SALE_DEED,2026,0.8,0.79,2.88,0.007,0.887,18,4,96.7,0.98,NIL,0,PENDING,0
KAG-LR-101912,SALE_DEED,2002,0.61,0.58,5.12,0.001,0.996,13,1,92.8,1.1,ACTIVE_MORTGAGE,0,APPROVED,0
KAG-LR-101913,GIFT_DEED,1999,2.73,2.62,1.79,0.001,0.94,43,1,96.3,1.18,NIL,0,APPROVED,0
KAG-LR-101914,PATTA,2000,1.97,2.4,21.84,0.537,0.588,945,1,80.5,0.26,ACTIVE_MORTGAGE,0,PENDING,1
KAG-LR-101915,PATTA,2026,1.77,1.79,4.74,0.01,0.966,22,3,92.0,1.0,NIL,0,APPROVED,0
KAG-LR-101916,PATTA,2004,1.21,1.23,0.61,0.012,0.962,20,1,94.2,1.01,ACTIVE_MORTGAGE,0,APPROVED,0
KAG-LR-101917,PATTA,1976,1.72,1.79,2.22,0.004,0.947,88,1,89.9,0.92,NIL,0,APPROVED,0
KAG-LR-101918,PATTA,2016,1.67,1.59,4.45,0.007,0.967,52,1,96.7,1.02,DISPUTED,0,APPROVED,0
KAG-LR-101919,PATTA,1993,6.64,6.25,1.25,0.009,0.931,38,1,93.0,0.93,NIL,0,APPROVED,0
KAG-LR-101920,PATTA,1992,0.96,1.0,4.66,0.403,0.48,510,1,67.3,0.47,ACTIVE_MORTGAGE,0,REJECTED,1
KAG-LR-101921,SALE_DEED,2005,6.43,6.36,5.98,0.005,0.985,10,1,92.9,1.02,NIL,0,APPROVED,0
KAG-LR-101922,POWER_OF_ATTORNEY,1981,2.85,2.84,2.57,0.01,0.955,41,3,86.6,1.01,NIL,0,PENDING,0
KAG-LR-101923,PATTA,2002,3.71,3.84,1.6,0.0,0.971,13,1,97.1,0.99,NIL,0,APPROVED,0
KAG-LR-101924,POWER_OF_ATTORNEY,2010,0.69,0.69,4.05,0.017,0.947,49,4,93.8,1.06,NIL,0,APPROVED,0
KAG-LR-101925,SALE_DEED,1966,1.33,1.28,1.51,0.005,0.954,50,2,90.4,1.0,NIL,0,APPROVED,0
KAG-LR-101926,PATTA,2013,3.41,3.24,1.7,0.009,0.997,46,4,96.0,1.06,NIL,0,APPROVED,0
KAG-LR-101927,SALE_DEED,2008,6.4,6.22,1.35,0.004,0.944,24,5,92.0,0.9,NIL,0,APPROVED,0
KAG-LR-101928,SALE_DEED,1966,4.52,4.36,4.65,0.016,0.986,54,2,89.2,0.94,NIL,0,APPROVED,0
KAG-LR-101929,SALE_DEED,2007,4.22,4.06,2.7,0.004,0.959,22,1,94.0,0.99,NIL,0,APPROVED,0
KAG-LR-101930,SALE_DEED,1974,2.47,2.54,1.11,0.013,0.974,60,2,90.7,1.04,NIL,0,APPROVED,0
KAG-LR-101931,PATTA,1998,8.08,7.71,0.67,0.005,0.983,24,1,93.8,0.96,NIL,0,APPROVED,0
KAG-LR-101932,PATTA,2003,1.38,1.43,2.3,0.005,0.969,38,1,89.1,1.03,NIL,0,APPROVED,0
KAG-LR-101933,PATTA,2019,0.51,0.53,1.78,0.006,0.959,29,2,94.1,1.03,NIL,1,APPROVED,0
KAG-LR-101934,PATTA,2014,1.43,0.89,37.92,0.364,0.497,33,1,66.7,0.26,ACTIVE_MORTGAGE,0,PENDING,1
KAG-LR-101935,SALE_DEED,1979,2.16,2.08,3.82,0.018,0.95,32,1,91.4,0.96,NIL,0,APPROVED,0
KAG-LR-101936,SALE_DEED,1975,15.73,15.85,4.48,0.0,0.913,33,4,91.0,1.03,NIL,0,APPROVED,0
KAG-LR-101937,POWER_OF_ATTORNEY,2012,0.63,0.6,0.97,0.003,0.987,20,2,95.8,0.91,NIL,0,APPROVED,0
KAG-LR-101938,POWER_OF_ATTORNEY,1971,1.99,2.37,19.19,0.344,0.595,406,4,57.5,0.42,DISPUTED,1,PENDING,1
KAG-LR-101939,SALE_DEED,1966,2.81,2.71,1.43,0.005,0.963,12,2,94.8,0.96,NIL,0,APPROVED,0
KAG-LR-101940,PATTA,1991,2.48,2.54,6.01,0.005,0.94,40,3,83.4,0.94,NIL,0,APPROVED,0
KAG-LR-101941,SALE_DEED,1987,2.21,2.05,7.18,0.094,0.574,135,2,47.8,0.69,NIL,1,PENDING,1
KAG-LR-101942,PATTA,1998,2.2,2.54,15.45,0.208,0.542,61,1,58.8,0.4,ACTIVE_MORTGAGE,1,APPROVED,1
KAG-LR-101943,POWER_OF_ATTORNEY,2003,1.87,1.91,1.88,0.016,0.988,47,2,88.4,1.09,NIL,0,PENDING,0
KAG-LR-101944,PATTA,1974,1.09,1.14,0.95,0.004,0.969,29,2,89.9,0.99,NIL,0,APPROVED,0
KAG-LR-101945,PATTA,1987,1.61,2.18,35.6,0.179,0.577,-378,1,58.5,0.37,DISPUTED,0,APPROVED,1
KAG-LR-101946,PATTA,2016,0.42,0.46,10.28,0.369,0.628,1432,1,69.9,0.41,ACTIVE_MORTGAGE,0,REJECTED,1
KAG-LR-101947,PATTA,2026,0.38,0.38,0.69,0.003,0.924,18,1,89.9,0.91,ACTIVE_MORTGAGE,0,APPROVED,0
KAG-LR-101948,GIFT_DEED,1971,10.9,10.99,3.24,0.026,0.984,54,1,87.5,0.89,ACTIVE_MORTGAGE,0,APPROVED,0
KAG-LR-101949,PATTA,1995,3.61,3.42,4.31,0.006,0.89,34,3,89.9,1.01,NIL,0,APPROVED,0
KAG-LR-101950,GIFT_DEED,1985,7.94,7.97,0.66,0.011,0.936,42,1,90.9,1.05,ACTIVE_MORTGAGE,0,APPROVED,0
KAG-LR-101951,SALE_DEED,2019,2.37,2.42,2.06,0.011,0.97,21,1,93.2,1.03,NIL,0,APPROVED,0
KAG-LR-101952,PATTA,2018,2.85,2.75,5.31,0.002,0.925,41,2,95.4,0.88,NIL,0,APPROVED,0
KAG-LR-101953,POWER_OF_ATTORNEY,2000,5.22,5.31,1.76,0.002,0.948,50,1,98.1,1.04,NIL,0,APPROVED,0
KAG-LR-101954,PATTA,1996,3.85,3.81,2.27,0.001,0.984,51,2,92.5,0.98,NIL,0,APPROVED,0
KAG-LR-101955,SALE_DEED,1998,1.76,2.06,17.28,0.43,0.587,2360,2,56.0,0.58,NIL,1,REJECTED,1
KAG-LR-101956,SALE_DEED,2005,0.65,0.85,30.16,0.106,0.474,-481,2,56.5,0.31,ACTIVE_MORTGAGE,1,PENDING,1
KAG-LR-101957,SALE_DEED,1996,1.83,1.87,3.3,0.006,0.993,32,1,93.5,0.99,NIL,0,PENDING,0
KAG-LR-101958,SALE_DEED,1978,3.22,3.15,4.16,0.004,0.93,20,1,97.2,0.98,NIL,0,PENDING,0
KAG-LR-101959,SALE_DEED,2012,1.54,1.52,2.21,0.018,0.987,137,2,93.1,0.98,NIL,0,PENDING,0
KAG-LR-101960,PATTA,2003,9.63,10.19,1.86,0.004,0.957,51,4,93.1,0.99,ACTIVE_MORTGAGE,0,PENDING,0
KAG-LR-101961,PATTA,2021,3.44,3.44,1.06,0.019,0.93,22,1,89.1,1.08,ACTIVE_MORTGAGE,1,APPROVED,0
KAG-LR-101962,SALE_DEED,1983,1.67,1.63,1.16,0.004,0.98,93,2,98.2,1.04,NIL,0,APPROVED,0
KAG-LR-101963,PATTA,1987,1.77,1.72,2.78,0.019,0.99,33,2,94.1,1.03,NIL,0,APPROVED,0
KAG-LR-101964,SALE_DEED,1973,0.52,0.29,43.8,0.418,0.642,177,2,64.6,0.42,NIL,1,PENDING,1
KAG-LR-101965,PATTA,2001,2.01,1.96,0.71,0.001,0.968,24,2,97.1,1.1,ACTIVE_MORTGAGE,0,APPROVED,0
KAG-LR-101966,POWER_OF_ATTORNEY,2021,0.89,0.87,1.31,0.024,0.978,31,2,94.1,1.01,NIL,0,APPROVED,0
KAG-LR-101967,SALE_DEED,1999,2.79,2.89,1.75,0.002,0.986,14,2,81.6,1.07,NIL,0,APPROVED,0
KAG-LR-101968,GIFT_DEED,1974,1.12,1.08,0.5,0.003,0.978,19,1,96.0,0.94,NIL,0,APPROVED,0
KAG-LR-101969,SALE_DEED,2020,1.49,1.44,6.31,0.001,0.958,18,1,95.5,0.97,NIL,1,APPROVED,0
KAG-LR-101970,SETTLEMENT,2017,0.86,0.78,9.43,0.334,0.513,347,3,61.6,0.27,NIL,0,REJECTED,1
KAG-LR-101971,SALE_DEED,2005,0.49,0.47,1.64,0.001,0.958,27,1,93.1,1.04,NIL,0,APPROVED,0
KAG-LR-101972,SALE_DEED,1965,1.6,1.52,5.04,0.287,0.589,1613,3,70.3,0.57,COURT_STAY,1,APPROVED,1
KAG-LR-101973,SALE_DEED,1973,1.12,0.94,15.88,0.234,0.631,-298,2,74.4,0.45,DISPUTED,1,PENDING,1
KAG-LR-101974,PATTA,1990,0.44,0.42,5.17,0.237,0.563,-151,1,45.9,0.35,COURT_STAY,1,APPROVED,1
KAG-LR-101975,PATTA,2001,6.8,6.41,3.91,0.013,0.983,54,2,97.9,1.08,NIL,0,APPROVED,0
KAG-LR-101976,GIFT_DEED,2020,0.42,0.44,0.98,0.011,0.941,29,1,98.0,1.09,NIL,0,APPROVED,0
KAG-LR-101977,SALE_DEED,2015,4.66,4.52,2.09,0.004,0.983,43,2,94.3,0.93,NIL,0,APPROVED,0
KAG-LR-101978,PATTA,1994,5.61,4.3,23.28,0.242,0.376,-666,1,78.5,0.35,DISPUTED,1,REJECTED,1
KAG-LR-101979,POWER_OF_ATTORNEY,2026,8.65,8.32,3.27,0.001,0.956,39,2,86.3,0.92,NIL,0,APPROVED,0
KAG-LR-101980,PATTA,2009,4.2,4.95,17.78,0.298,0.628,2492,1,64.6,0.45,DISPUTED,1,PENDING,1
KAG-LR-101981,POWER_OF_ATTORNEY,1980,1.02,0.94,7.86,0.277,0.493,229,3,74.0,0.77,ACTIVE_MORTGAGE,0,PENDING,1
KAG-LR-101982,POWER_OF_ATTORNEY,2008,3.44,3.42,3.08,0.03,0.953,10,1,98.9,0.98,NIL,0,APPROVED,0
KAG-LR-101983,PATTA,1978,3.37,3.39,2.4,0.013,0.96,16,2,99.5,0.94,ACTIVE_MORTGAGE,0,APPROVED,0
KAG-LR-101984,SALE_DEED,2011,0.47,0.45,4.19,0.003,0.962,53,3,92.8,0.99,NIL,0,APPROVED,0
KAG-LR-101985,SETTLEMENT,1979,1.03,1.03,1.37,0.013,0.97,75,1,94.2,1.1,DISPUTED,1,APPROVED,0
KAG-LR-101986,SALE_DEED,1967,2.28,1.81,20.45,0.215,0.484,-398,2,80.8,0.55,NIL,1,APPROVED,1
KAG-LR-101987,SALE_DEED,2014,2.25,2.15,0.42,0.003,0.98,20,1,93.2,1.01,NIL,0,APPROVED,0
KAG-LR-101988,PATTA,1965,1.26,1.21,1.49,0.019,0.97,26,2,88.2,0.89,NIL,0,APPROVED,0
KAG-LR-101989,PATTA,2018,2.01,1.98,3.05,0.0,0.942,77,4,96.4,1.06,NIL,0,APPROVED,0
KAG-LR-101990,PATTA,1982,3.46,3.27,3.31,0.007,0.929,22,2,89.8,1.07,NIL,0,APPROVED,0
KAG-LR-101991,PATTA,2015,3.31,3.43,1.87,0.005,0.898,47,4,93.6,0.96,NIL,0,PENDING,0
KAG-LR-101992,SALE_DEED,2003,0.46,0.48,2.16,0.004,0.99,17,3,94.3,0.95,NIL,0,APPROVED,0
KAG-LR-101993,SALE_DEED,2003,3.86,4.04,2.22,0.007,0.915,25,3,99.5,0.9,NIL,0,APPROVED,0
KAG-LR-101994,PATTA,1972,0.72,0.73,5.1,0.003,0.984,38,1,99.5,0.97,NIL,1,PENDING,0
KAG-LR-101995,PATTA,2003,5.49,5.78,2.87,0.003,0.979,28,2,87.2,1.0,NIL,0,APPROVED,0
KAG-LR-101996,SALE_DEED,1994,2.48,2.39,0.98,0.006,0.959,11,1,92.4,0.93,NIL,0,APPROVED,0
KAG-LR-101997,SALE_DEED,2000,1.95,2.14,9.91,0.501,0.625,386,2,85.0,0.51,NIL,0,REJECTED,1
KAG-LR-101998,PATTA,2001,3.17,3.11,5.3,0.038,0.995,43,3,88.1,1.0,NIL,0,APPROVED,0
KAG-LR-101999,SALE_DEED,1979,0.53,0.5,0.56,0.001,0.949,39,2,97.0,0.99,NIL,0,PENDING,0
KAG-LR-102000,SALE_DEED,1978,5.38,5.11,5.1,0.319,0.494,138,1,76.2,0.67,NIL,1,REJECTED,1
KAG-LR-102001,SALE_DEED,1978,0.49,0.47,4.79,0.016,0.941,15,2,92.5,0.98,NIL,0,APPROVED,0
KAG-LR-102002,PATTA,2012,0.35,0.36,5.54,0.003,0.948,35,1,95.7,0.99,NIL,0,APPROVED,0
KAG-LR-102003,PATTA,2003,9.15,8.71,1.4,0.011,0.916,31,2,95.5,0.99,NIL,0,APPROVED,0
KAG-LR-102004,PATTA,2008,0.55,0.56,6.03,0.003,0.945,23,1,90.7,0.98,NIL,0,APPROVED,0
KAG-LR-102005,SALE_DEED,1976,7.6,6.86,9.79,0.28,0.66,1686,2,54.2,0.36,NIL,1,APPROVED,1
KAG-LR-102006,SALE_DEED,1975,3.69,3.67,1.64,0.001,0.979,33,2,94.5,1.0,NIL,0,APPROVED,0
KAG-LR-102007,SETTLEMENT,2026,2.78,2.83,1.68,0.005,0.99,9,1,92.9,0.9,NIL,0,APPROVED,0
KAG-LR-102008,SALE_DEED,1966,2.97,3.0,0.44,0.004,0.972,31,1,92.1,1.06,NIL,0,APPROVED,0
KAG-LR-102009,PATTA,1995,1.12,1.1,0.27,0.011,0.94,48,1,99.5,1.01,NIL,0,APPROVED,0
KAG-LR-102010,PATTA,1965,3.22,3.29,2.7,0.004,0.971,20,2,94.2,0.88,COURT_STAY,0,APPROVED,0
KAG-LR-102011,SALE_DEED,2025,1.71,1.8,1.73,0.012,0.935,20,1,89.2,0.94,NIL,0,APPROVED,0
KAG-LR-102012,PATTA,1982,0.43,0.54,24.53,0.383,0.571,-450,3,54.9,0.62,ACTIVE_MORTGAGE,1,REJECTED,1
KAG-LR-102013,POWER_OF_ATTORNEY,1989,0.33,0.31,1.47,0.001,0.963,16,2,89.3,0.95,NIL,0,APPROVED,0
KAG-LR-102014,POWER_OF_ATTORNEY,2002,8.89,9.3,1.81,0.014,0.935,26,2,86.9,1.06,NIL,0,APPROVED,0
KAG-LR-102015,PATTA,2008,0.7,0.68,0.63,0.003,0.973,29,2,97.0,1.01,NIL,0,APPROVED,0
KAG-LR-102016,POWER_OF_ATTORNEY,2019,4.0,4.1,1.66,0.01,0.97,30,1,94.5,0.89,NIL,0,APPROVED,0
KAG-LR-102017,SALE_DEED,1979,0.98,1.23,25.75,0.306,0.585,-376,4,63.9,0.68,ACTIVE_MORTGAGE,1,APPROVED,1
KAG-LR-102018,SALE_DEED,2011,5.86,5.92,3.95,0.004,0.973,14,3,87.2,0.99,ACTIVE_MORTGAGE,1,APPROVED,0
KAG-LR-102019,GIFT_DEED,1988,5.3,5.92,11.74,0.292,0.573,359,3,47.4,0.53,COURT_STAY,0,REJECTED,1
KAG-LR-102020,PATTA,2017,0.52,0.48,8.29,0.414,0.576,80,3,69.6,0.62,NIL,0,APPROVED,1
KAG-LR-102021,SALE_DEED,1976,2.01,1.79,11.16,0.309,0.582,1370,2,69.2,0.31,DISPUTED,1,REJECTED,1
KAG-LR-102022,POWER_OF_ATTORNEY,2020,7.75,7.88,1.62,0.02,0.967,21,4,92.8,0.97,NIL,0,APPROVED,0
KAG-LR-102023,PATTA,1972,0.63,0.76,21.0,0.198,0.543,236,2,85.2,0.71,DISPUTED,0,PENDING,1
KAG-LR-102024,GIFT_DEED,1983,1.92,1.98,1.65,0.011,0.911,19,2,99.5,1.06,NIL,0,APPROVED,0
KAG-LR-102025,PATTA,1994,0.3,0.32,4.14,0.002,0.991,17,1,96.2,0.95,NIL,0,APPROVED,0
KAG-LR-102026,PATTA,2006,2.31,2.19,2.02,0.001,0.99,27,1,95.7,1.06,NIL,0,APPROVED,0
KAG-LR-102027,PATTA,2013,1.98,1.88,6.5,0.029,0.956,41,1,90.3,1.03,NIL,0,APPROVED,0
KAG-LR-102028,SALE_DEED,1982,1.9,1.82,2.95,0.001,0.967,25,2,91.3,0.99,ACTIVE_MORTGAGE,0,APPROVED,0
KAG-LR-102029,SALE_DEED,1984,3.03,3.28,8.15,0.04,0.635,2437,1,60.3,0.59,NIL,1,PENDING,1
KAG-LR-102030,SALE_DEED,1981,7.3,8.08,10.62,0.532,0.57,145,5,76.4,0.49,ACTIVE_MORTGAGE,1,REJECTED,1
KAG-LR-102031,SETTLEMENT,1967,1.55,1.61,4.04,0.017,0.919,18,2,85.5,1.0,NIL,0,APPROVED,0
KAG-LR-102032,PATTA,1969,0.98,1.03,3.21,0.0,0.936,27,1,88.8,1.09,NIL,0,APPROVED,0
KAG-LR-102033,SALE_DEED,1998,2.63,2.58,4.4,0.006,0.942,29,2,85.9,0.99,NIL,0,APPROVED,0
KAG-LR-102034,PATTA,1975,0.58,0.58,2.6,0.008,0.986,23,4,92.0,0.98,NIL,0,APPROVED,0
KAG-LR-102035,SALE_DEED,1980,2.1,1.77,15.87,0.228,0.623,-188,5,55.6,0.59,DISPUTED,0,PENDING,1
KAG-LR-102036,SALE_DEED,1978,8.4,8.38,1.88,0.006,0.992,31,3,95.3,1.03,NIL,0,APPROVED,0
KAG-LR-102037,SALE_DEED,2014,0.77,0.74,3.88,0.007,0.92,16,2,87.4,1.0,NIL,0,APPROVED,0
KAG-LR-102038,SALE_DEED,1982,0.44,0.46,3.73,0.004,0.983,42,1,84.0,1.0,DISPUTED,0,APPROVED,0
KAG-LR-102039,PATTA,2021,2.44,2.4,1.61,0.036,0.991,31,3,89.4,1.04,NIL,0,APPROVED,0
KAG-LR-102040,SALE_DEED,2008,1.23,1.18,0.95,0.008,0.966,23,3,89.2,0.98,NIL,0,APPROVED,0
KAG-LR-102041,PATTA,2000,3.58,3.44,1.51,0.001,0.986,18,1,87.6,1.09,NIL,0,APPROVED,0
KAG-LR-102042,SALE_DEED,1985,13.89,14.55,1.83,0.017,0.949,35,1,89.5,1.0,ACTIVE_MORTGAGE,0,APPROVED,0
KAG-LR-102043,PATTA,2021,0.68,0.66,2.65,0.007,0.98,55,3,88.7,1.07,NIL,0,APPROVED,0
KAG-LR-102044,SALE_DEED,2007,2.42,2.49,6.5,0.017,0.987,45,2,95.4,1.09,NIL,0,APPROVED,0
KAG-LR-102045,SALE_DEED,1988,4.64,4.67,3.97,0.003,0.959,49,5,83.7,0.96,ACTIVE_MORTGAGE,0,APPROVED,0
KAG-LR-102046,SETTLEMENT,1986,0.36,0.37,3.08,0.045,0.985,40,4,92.6,1.0,NIL,0,APPROVED,0
KAG-LR-102047,POWER_OF_ATTORNEY,2012,2.1,2.25,7.2,0.357,0.427,-77,3,76.3,0.62,ACTIVE_MORTGAGE,0,APPROVED,1
KAG-LR-102048,PATTA,1995,5.73,5.99,5.37,0.002,0.963,24,3,97.3,1.02,ACTIVE_MORTGAGE,0,APPROVED,0
KAG-LR-102049,PATTA,1995,0.82,0.78,4.74,0.431,0.566,65,1,79.7,0.45,ACTIVE_MORTGAGE,1,REJECTED,1
KAG-LR-102050,PATTA,2005,3.92,4.07,6.5,0.0,0.923,21,2,95.7,1.08,ACTIVE_MORTGAGE,0,APPROVED,0
KAG-LR-102051,SETTLEMENT,2022,2.34,2.37,3.35,0.003,0.978,15,1,99.5,1.04,NIL,0,APPROVED,0
KAG-LR-102052,POWER_OF_ATTORNEY,2005,1.18,1.23,1.47,0.015,0.974,51,2,86.7,1.01,NIL,0,REJECTED,0
KAG-LR-102053,SETTLEMENT,1996,5.96,5.67,1.58,0.005,0.948,42,2,94.7,1.0,NIL,0,APPROVED,0
KAG-LR-102054,SALE_DEED,2015,1.09,1.19,8.97,0.355,0.58,168,1,55.2,0.57,NIL,0,APPROVED,1
KAG-LR-102055,SALE_DEED,1989,19.43,18.27,5.96,0.576,0.538,-524,2,73.3,0.77,DISPUTED,0,APPROVED,1
KAG-LR-102056,SETTLEMENT,2010,1.23,1.24,3.39,0.013,0.989,36,1,95.6,0.98,NIL,0,PENDING,0
KAG-LR-102057,PATTA,1999,0.64,0.62,1.9,0.001,0.989,33,3,88.7,1.07,ACTIVE_MORTGAGE,0,APPROVED,0
KAG-LR-102058,SALE_DEED,1997,4.4,4.78,8.75,0.272,0.547,230,2,60.4,0.74,NIL,1,APPROVED,1
KAG-LR-102059,PATTA,1990,6.58,6.6,4.04,0.002,0.979,11,2,93.8,1.05,NIL,0,APPROVED,0
KAG-LR-102060,SALE_DEED,1989,5.34,5.55,1.89,0.009,0.968,31,1,89.8,1.05,NIL,0,APPROVED,0
KAG-LR-102061,SALE_DEED,1973,0.63,0.6,1.63,0.001,0.988,33,3,80.9,0.99,NIL,0,APPROVED,0
KAG-LR-102062,SALE_DEED,1980,8.81,8.92,1.81,0.02,0.936,51,1,92.4,1.19,ACTIVE_MORTGAGE,0,PENDING,0
KAG-LR-102063,PATTA,1987,1.86,1.88,4.15,0.006,0.973,24,1,92.1,1.05,NIL,0,APPROVED,0
KAG-LR-102064,PATTA,2017,0.48,0.51,3.14,0.031,0.963,91,2,93.5,0.94,NIL,0,APPROVED,0
KAG-LR-102065,SALE_DEED,2008,2.57,2.47,3.57,0.004,0.94,47,1,99.5,1.0,NIL,0,APPROVED,0
KAG-LR-102066,GIFT_DEED,1971,4.87,4.89,1.72,0.009,0.984,59,3,88.4,0.97,NIL,0,PENDING,0
KAG-LR-102067,SALE_DEED,1988,10.67,10.19,1.39,0.021,0.956,20,1,90.4,1.01,NIL,0,APPROVED,0
KAG-LR-102068,SALE_DEED,1989,1.6,1.62,0.9,0.01,0.972,33,1,96.7,1.0,NIL,1,APPROVED,0
KAG-LR-102069,PATTA,1978,2.08,2.2,3.05,0.019,0.971,21,3,97.3,0.93,NIL,0,APPROVED,0
KAG-LR-102070,SETTLEMENT,1986,9.58,9.72,1.94,0.009,0.987,33,2,96.5,0.96,NIL,0,APPROVED,0
KAG-LR-102071,PATTA,1980,2.32,2.3,0.88,0.001,0.9,34,5,92.9,0.93,NIL,0,APPROVED,0
KAG-LR-102072,SALE_DEED,2000,0.86,0.85,6.5,0.008,0.985,25,3,91.7,0.95,NIL,0,APPROVED,0
KAG-LR-102073,PATTA,1983,4.82,4.57,3.24,0.0,0.942,25,2,92.1,0.95,ACTIVE_MORTGAGE,0,APPROVED,0
KAG-LR-102074,PATTA,1994,7.58,7.99,1.54,0.007,0.931,44,3,97.3,0.89,NIL,0,APPROVED,0
KAG-LR-102075,PATTA,1981,0.69,0.67,6.5,0.026,0.934,49,2,90.3,1.0,NIL,0,APPROVED,0
KAG-LR-102076,POWER_OF_ATTORNEY,1993,0.57,0.58,6.5,0.001,0.984,68,1,93.3,1.01,NIL,0,APPROVED,0
KAG-LR-102077,SALE_DEED,1967,1.41,1.22,13.53,0.384,0.505,-634,1,70.4,0.58,COURT_STAY,1,APPROVED,1
KAG-LR-102078,SETTLEMENT,1974,7.88,4.84,38.61,0.508,0.475,-260,3,56.2,0.6,COURT_STAY,0,APPROVED,1
KAG-LR-102079,SALE_DEED,1972,1.0,0.8,20.16,0.575,0.586,1745,3,82.3,0.74,DISPUTED,1,REJECTED,1
KAG-LR-102080,SALE_DEED,2005,3.37,3.41,2.07,0.0,0.994,18,2,91.6,0.95,NIL,0,APPROVED,0
KAG-LR-102081,PATTA,1981,0.81,0.82,2.07,0.004,0.996,35,2,90.6,0.99,ACTIVE_MORTGAGE,0,APPROVED,0
KAG-LR-102082,PATTA,1997,4.37,4.27,3.11,0.001,0.968,30,1,93.4,1.07,ACTIVE_MORTGAGE,0,APPROVED,0
KAG-LR-102083,PATTA,2008,2.38,2.32,1.08,0.041,0.905,12,2,93.0,1.03,ACTIVE_MORTGAGE,0,APPROVED,0
KAG-LR-102084,SALE_DEED,1990,8.36,8.41,1.76,0.006,0.98,35,2,99.5,0.95,NIL,0,APPROVED,0
KAG-LR-102085,PATTA,2006,0.63,0.63,1.81,0.006,0.991,32,3,96.6,1.02,ACTIVE_MORTGAGE,0,APPROVED,0
KAG-LR-102086,PATTA,2002,0.93,0.9,4.09,0.002,0.992,34,4,90.5,0.99,NIL,0,APPROVED,0
KAG-LR-102087,PATTA,2008,5.17,5.03,2.72,0.0,0.996,19,1,99.3,0.95,NIL,0,APPROVED,0
KAG-LR-102088,PATTA,1967,0.31,0.3,2.75,0.001,0.995,24,2,97.8,0.97,NIL,0,APPROVED,0
KAG-LR-102089,PATTA,1973,2.24,2.2,1.66,0.01,0.978,23,3,98.4,1.01,NIL,0,APPROVED,0
KAG-LR-102090,GIFT_DEED,1983,5.08,5.08,2.14,0.009,0.958,18,1,94.5,0.88,NIL,0,APPROVED,0
KAG-LR-102091,POWER_OF_ATTORNEY,1982,3.08,2.46,20.01,0.21,0.529,2387,3,62.9,0.34,ACTIVE_MORTGAGE,0,PENDING,1
KAG-LR-102092,SALE_DEED,1976,1.87,1.86,6.5,0.02,0.977,25,2,97.5,1.01,NIL,0,REJECTED,0
KAG-LR-102093,SETTLEMENT,1997,3.51,3.69,3.81,0.015,0.946,51,4,99.5,1.03,NIL,0,APPROVED,0
KAG-LR-102094,SETTLEMENT,1999,1.46,1.41,1.15,0.009,0.948,18,4,95.4,0.95,NIL,0,PENDING,0
KAG-LR-102095,PATTA,1972,10.0,10.54,5.4,0.467,0.722,1326,1,79.7,0.58,NIL,1,PENDING,1
KAG-LR-102096,PATTA,2008,0.63,0.73,16.11,0.477,0.573,-348,1,87.1,0.67,ACTIVE_MORTGAGE,0,PENDING,1
KAG-LR-102097,SALE_DEED,1969,0.33,0.33,0.99,0.018,0.992,21,1,89.5,0.85,NIL,0,APPROVED,0
KAG-LR-102098,PATTA,1969,0.58,0.57,4.44,0.013,0.983,37,2,89.0,1.12,NIL,1,APPROVED,0
KAG-LR-102099,SALE_DEED,1973,0.51,0.5,1.55,0.004,0.942,28,3,97.0,0.93,NIL,0,APPROVED,0
KAG-LR-102100,SETTLEMENT,1985,1.58,1.57,0.37,0.005,0.936,8,5,90.1,0.98,ACTIVE_MORTGAGE,0,APPROVED,0
KAG-LR-102101,GIFT_DEED,2011,6.17,6.37,3.86,0.004,0.904,48,2,91.6,1.08,NIL,0,APPROVED,0
KAG-LR-102102,SALE_DEED,1974,4.88,4.73,2.44,0.001,0.965,121,2,88.8,0.89,NIL,0,APPROVED,0
KAG-LR-102103,SALE_DEED,2022,7.11,7.24,0.97,0.003,0.977,19,1,87.6,0.95,NIL,0,APPROVED,0
KAG-LR-102104,PATTA,1974,3.98,2.83,28.85,0.503,0.556,226,1,66.2,0.69,ACTIVE_MORTGAGE,1,APPROVED,1
KAG-LR-102105,SALE_DEED,1981,0.93,0.97,1.12,0.015,0.996,57,3,92.1,1.02,NIL,0,APPROVED,0
KAG-LR-102106,SETTLEMENT,1984,0.41,0.38,8.51,0.155,0.584,-494,1,71.6,0.72,ACTIVE_MORTGAGE,1,PENDING,1
KAG-LR-102107,SALE_DEED,2024,1.81,1.74,2.36,0.002,0.975,18,2,98.9,1.01,NIL,0,APPROVED,0
KAG-LR-102108,PATTA,1981,2.43,3.1,27.71,0.102,0.494,443,3,66.9,0.28,COURT_STAY,0,REJECTED,1
KAG-LR-102109,SALE_DEED,1994,4.4,4.6,3.18,0.002,0.998,41,1,92.9,0.98,NIL,0,PENDING,0
KAG-LR-102110,SALE_DEED,2024,4.19,3.99,4.35,0.014,0.985,24,4,90.1,1.09,NIL,0,APPROVED,0
KAG-LR-102111,PATTA,2005,5.38,5.24,5.15,0.008,0.95,41,2,92.7,1.0,NIL,0,APPROVED,0
KAG-LR-102112,SALE_DEED,1979,0.32,0.33,0.34,0.001,0.967,56,2,89.1,0.95,NIL,0,APPROVED,0
KAG-LR-102113,POWER_OF_ATTORNEY,2023,5.33,4.76,10.75,0.26,0.7,41,2,56.6,0.37,COURT_STAY,0,PENDING,1
KAG-LR-102114,GIFT_DEED,1986,2.67,2.74,2.03,0.003,0.946,34,3,91.4,0.95,NIL,0,APPROVED,0
KAG-LR-102115,PATTA,2021,1.22,1.2,6.5,0.003,0.96,70,1,94.7,0.98,NIL,0,APPROVED,0
KAG-LR-102116,PATTA,2010,5.55,5.54,1.99,0.008,0.952,38,3,94.1,1.02,NIL,0,APPROVED,0
KAG-LR-102117,POWER_OF_ATTORNEY,1995,1.05,1.01,4.23,0.003,0.961,30,1,90.0,0.99,ACTIVE_MORTGAGE,0,APPROVED,0
KAG-LR-102118,SALE_DEED,1989,3.29,3.15,3.12,0.004,0.975,57,2,93.2,0.94,ACTIVE_MORTGAGE,0,PENDING,0
KAG-LR-102119,SALE_DEED,2011,6.18,6.02,1.61,0.0,0.934,18,2,89.4,0.92,NIL,0,APPROVED,0
KAG-LR-102120,PATTA,1971,7.14,7.56,1.57,0.029,0.957,44,2,92.4,1.14,COURT_STAY,0,APPROVED,0
KAG-LR-102121,POWER_OF_ATTORNEY,2023,8.59,8.9,6.5,0.016,0.98,66,3,95.7,1.03,NIL,1,APPROVED,0
KAG-LR-102122,SETTLEMENT,2025,3.56,3.68,2.46,0.01,0.87,64,4,90.4,0.95,NIL,0,APPROVED,0
KAG-LR-102123,PATTA,1966,4.41,4.27,2.25,0.007,0.976,19,1,93.9,0.97,NIL,0,APPROVED,0
KAG-LR-102124,SETTLEMENT,1982,0.84,0.82,0.77,0.006,0.989,22,4,98.8,0.98,ACTIVE_MORTGAGE,0,APPROVED,0
KAG-LR-102125,SETTLEMENT,1969,0.67,0.71,1.48,0.006,0.966,54,3,99.5,1.05,NIL,0,APPROVED,0
KAG-LR-102126,SETTLEMENT,1982,5.74,5.54,2.04,0.006,0.984,61,1,88.0,1.04,NIL,0,APPROVED,0
KAG-LR-102127,PATTA,1987,9.84,10.2,2.06,0.017,0.968,7,3,99.5,0.93,NIL,0,APPROVED,0
KAG-LR-102128,SALE_DEED,1966,1.58,1.58,2.36,0.003,0.918,22,1,86.6,0.9,NIL,0,APPROVED,0
KAG-LR-102129,PATTA,1985,3.24,3.24,2.17,0.015,0.974,81,4,90.8,0.93,ACTIVE_MORTGAGE,1,APPROVED,0
KAG-LR-102130,PATTA,1968,1.33,1.41,3.88,0.0,0.98,40,2,83.4,1.02,NIL,0,APPROVED,0
KAG-LR-102131,PATTA,1967,6.98,6.9,4.45,0.0,0.922,22,1,90.5,1.12,NIL,0,APPROVED,0
KAG-LR-102132,PATTA,2014,0.51,0.53,1.89,0.001,0.911,36,2,96.1,0.94,NIL,0,APPROVED,0
KAG-LR-102133,PATTA,1992,9.18,13.15,43.27,0.307,0.55,1203,2,43.3,0.35,NIL,0,PENDING,1
KAG-LR-102134,PATTA,1987,0.72,0.68,1.74,0.005,0.919,62,2,91.6,1.01,NIL,0,APPROVED,0
KAG-LR-102135,SETTLEMENT,1979,2.15,2.26,5.17,0.472,0.631,-161,2,62.9,0.43,NIL,1,REJECTED,1
KAG-LR-102136,SETTLEMENT,2010,1.77,1.87,1.52,0.005,0.917,11,4,89.7,1.02,NIL,0,APPROVED,0
KAG-LR-102137,SALE_DEED,2021,0.53,0.55,1.04,0.017,0.992,42,4,97.8,0.99,NIL,0,APPROVED,0
KAG-LR-102138,PATTA,2013,6.48,6.64,6.5,0.007,0.996,24,1,96.3,1.14,NIL,0,APPROVED,0
KAG-LR-102139,SALE_DEED,1983,6.71,6.49,3.3,0.003,0.991,73,4,95.2,1.03,NIL,0,APPROVED,0
KAG-LR-102140,POWER_OF_ATTORNEY,2022,2.0,2.26,13.04,0.099,0.691,1375,4,61.9,0.76,NIL,0,REJECTED,1
KAG-LR-102141,SALE_DEED,2020,3.21,3.07,2.01,0.002,0.974,23,2,95.7,0.93,NIL,0,APPROVED,0
KAG-LR-102142,PATTA,1981,1.18,1.16,4.38,0.002,0.901,30,4,89.0,0.95,ACTIVE_MORTGAGE,0,APPROVED,0
KAG-LR-102143,PATTA,1978,0.33,0.32,1.05,0.003,0.977,33,1,95.9,1.0,NIL,0,APPROVED,0
KAG-LR-102144,SALE_DEED,1992,0.4,0.38,6.5,0.001,0.984,34,1,89.0,1.02,NIL,0,PENDING,0
KAG-LR-102145,SALE_DEED,1975,6.04,6.04,2.7,0.008,0.964,6,4,91.1,1.02,NIL,1,APPROVED,0
KAG-LR-102146,PATTA,1970,2.58,2.6,1.46,0.002,0.996,46,2,96.8,0.98,NIL,0,APPROVED,0
KAG-LR-102147,PATTA,1970,3.48,3.57,5.16,0.003,0.96,58,4,92.5,1.02,DISPUTED,0,APPROVED,0
KAG-LR-102148,SALE_DEED,2024,0.82,0.61,26.15,0.391,0.551,1113,1,49.5,0.71,DISPUTED,0,REJECTED,1
KAG-LR-102149,PATTA,2011,0.54,0.61,12.31,0.421,0.516,34,2,84.5,0.72,ACTIVE_MORTGAGE,1,REJECTED,1
KAG-LR-102150,PATTA,1988,0.75,0.71,5.67,0.011,0.998,24,2,93.9,1.05,ACTIVE_MORTGAGE,0,APPROVED,0
KAG-LR-102151,SETTLEMENT,1972,2.82,2.97,1.14,0.008,0.936,40,3,97.2,0.95,ACTIVE_MORTGAGE,0,APPROVED,0
KAG-LR-102152,POWER_OF_ATTORNEY,1984,6.94,6.98,3.45,0.028,0.922,42,3,93.6,1.01,NIL,0,APPROVED,0
KAG-LR-102153,PATTA,1995,3.41,3.44,0.86,0.004,0.953,15,2,93.2,0.98,NIL,0,PENDING,0
KAG-LR-102154,POWER_OF_ATTORNEY,1971,0.41,0.4,0.31,0.001,0.987,42,1,90.7,1.03,NIL,0,PENDING,0
KAG-LR-102155,PATTA,2005,5.22,5.15,3.56,0.004,0.959,32,3,91.7,1.03,NIL,0,APPROVED,0
KAG-LR-102156,PATTA,1980,1.38,1.38,1.68,0.005,0.987,50,2,99.5,1.01,NIL,0,APPROVED,0
KAG-LR-102157,SALE_DEED,1965,0.58,0.65,11.87,0.391,0.612,-334,4,72.9,0.44,ACTIVE_MORTGAGE,1,PENDING,1
KAG-LR-102158,PATTA,1969,0.48,0.5,2.54,0.001,0.982,16,2,90.5,1.04,NIL,0,PENDING,0
KAG-LR-102159,PATTA,2000,0.53,0.56,2.68,0.026,0.979,25,2,99.5,0.97,NIL,0,APPROVED,0
KAG-LR-102160,PATTA,2023,0.56,0.53,0.37,0.002,0.969,21,1,89.0,1.02,ACTIVE_MORTGAGE,0,APPROVED,0
KAG-LR-102161,SALE_DEED,2008,0.96,0.96,4.04,0.022,0.916,24,2,94.6,1.08,NIL,0,APPROVED,0
KAG-LR-102162,GIFT_DEED,2002,17.15,24.52,42.95,0.315,0.386,1841,1,62.3,0.37,ACTIVE_MORTGAGE,0,PENDING,1
KAG-LR-102163,PATTA,1972,4.81,4.77,0.51,0.001,0.97,50,1,94.6,1.01,NIL,0,PENDING,0
KAG-LR-102164,GIFT_DEED,2008,6.99,6.97,1.71,0.001,0.993,21,2,90.8,1.03,NIL,0,APPROVED,0
KAG-LR-102165,SALE_DEED,1977,0.47,0.46,6.5,0.001,0.991,40,1,98.5,0.98,NIL,0,APPROVED,0
KAG-LR-102166,SALE_DEED,2008,0.78,0.7,10.72,0.175,0.559,609,2,77.1,0.72,COURT_STAY,1,REJECTED,1
KAG-LR-102167,SALE_DEED,1999,5.01,4.99,4.78,0.01,0.963,21,1,87.8,1.0,ACTIVE_MORTGAGE,1,APPROVED,0
KAG-LR-102168,SALE_DEED,1988,1.96,1.94,1.21,0.007,0.973,34,3,94.2,1.12,NIL,0,REJECTED,0
KAG-LR-102169,PATTA,2004,2.01,2.05,4.82,0.007,0.963,12,5,88.9,1.07,NIL,0,APPROVED,0
KAG-LR-102170,PATTA,2012,5.78,5.18,10.41,0.15,0.415,-190,1,88.1,0.33,NIL,0,PENDING,1
KAG-LR-102171,SETTLEMENT,1987,3.39,3.35,1.4,0.001,0.971,70,1,87.3,1.05,NIL,0,APPROVED,0
KAG-LR-102172,PATTA,2005,2.07,2.17,4.65,0.467,0.645,987,2,80.7,0.77,ACTIVE_MORTGAGE,0,REJECTED,1
KAG-LR-102173,SETTLEMENT,2016,0.57,0.55,1.24,0.001,0.993,9,1,90.1,1.11,ACTIVE_MORTGAGE,0,APPROVED,0
KAG-LR-102174,GIFT_DEED,2022,1.72,1.7,4.94,0.034,0.969,22,2,89.3,0.99,ACTIVE_MORTGAGE,0,APPROVED,0
KAG-LR-102175,PATTA,1980,5.03,4.89,1.76,0.005,0.968,45,1,96.5,0.97,NIL,0,APPROVED,0
KAG-LR-102176,PATTA,2010,10.57,11.09,2.29,0.012,0.917,16,2,93.1,1.06,ACTIVE_MORTGAGE,0,APPROVED,0
KAG-LR-102177,SALE_DEED,2022,2.17,2.79,28.42,0.399,0.481,1367,1,71.8,0.5,ACTIVE_MORTGAGE,1,PENDING,1
KAG-LR-102178,PATTA,1972,0.51,0.51,2.91,0.003,0.941,28,2,93.3,0.93,NIL,0,APPROVED,0
KAG-LR-102179,SETTLEMENT,1985,5.07,4.93,2.72,0.003,0.975,25,2,90.8,1.01,NIL,0,APPROVED,0
KAG-LR-102180,SALE_DEED,2007,2.23,2.15,4.9,0.005,0.963,26,1,94.6,0.9,NIL,0,APPROVED,0
KAG-LR-102181,POWER_OF_ATTORNEY,2018,1.02,1.09,7.28,0.467,0.557,2310,1,80.0,0.4,ACTIVE_MORTGAGE,1,APPROVED,1
KAG-LR-102182,PATTA,1981,1.6,1.69,1.13,0.0,0.961,47,1,99.5,1.05,NIL,0,APPROVED,0
KAG-LR-102183,PATTA,2016,0.55,0.52,2.98,0.004,0.972,19,1,93.9,0.95,ACTIVE_MORTGAGE,0,APPROVED,0
KAG-LR-102184,PATTA,1980,1.38,1.37,1.15,0.004,0.972,46,1,89.7,0.94,NIL,0,APPROVED,0
KAG-LR-102185,PATTA,1972,0.42,0.41,1.51,0.002,0.963,26,4,99.5,1.07,DISPUTED,0,APPROVED,0
KAG-LR-102186,POWER_OF_ATTORNEY,1995,1.25,1.23,1.22,0.005,0.991,46,4,96.3,0.94,DISPUTED,0,APPROVED,0
KAG-LR-102187,GIFT_DEED,2025,1.56,1.36,12.73,0.211,0.464,1088,5,77.4,0.61,NIL,1,PENDING,1
KAG-LR-102188,SALE_DEED,1991,4.08,4.07,2.82,0.015,0.975,19,1,94.0,0.93,NIL,0,APPROVED,0
KAG-LR-102189,SALE_DEED,2011,4.4,4.65,1.87,0.014,0.994,24,1,92.4,0.99,NIL,0,APPROVED,0
KAG-LR-102190,PATTA,1987,2.08,2.06,6.5,0.002,0.965,15,1,88.8,0.84,NIL,0,APPROVED,0
KAG-LR-102191,SALE_DEED,2011,2.57,2.56,3.79,0.033,0.966,50,3,96.4,0.91,NIL,0,APPROVED,0
KAG-LR-102192,SALE_DEED,2005,4.11,4.22,1.76,0.004,0.956,24,2,96.9,0.89,NIL,0,REJECTED,0
KAG-LR-102193,SETTLEMENT,1979,7.87,7.93,2.01,0.003,0.983,8,3,87.0,1.0,ACTIVE_MORTGAGE,0,APPROVED,0
KAG-LR-102194,PATTA,2026,4.7,4.72,0.31,0.002,0.967,66,3,95.4,0.97,NIL,0,APPROVED,0
KAG-LR-102195,SETTLEMENT,2022,5.23,5.43,3.5,0.004,0.974,22,2,89.9,1.04,DISPUTED,0,PENDING,0
KAG-LR-102196,POWER_OF_ATTORNEY,1994,0.59,0.59,1.95,0.0,0.999,20,2,94.0,1.0,NIL,0,APPROVED,0
KAG-LR-102197,SALE_DEED,1975,5.19,5.27,0.94,0.004,0.923,28,4,85.4,0.98,NIL,0,APPROVED,0
KAG-LR-102198,POWER_OF_ATTORNEY,1985,0.46,0.45,1.56,0.037,0.92,47,4,91.3,1.04,ACTIVE_MORTGAGE,0,APPROVED,0
KAG-LR-102199,PATTA,1981,1.93,1.88,1.59,0.002,0.938,10,4,96.4,0.94,NIL,0,PENDING,0
KAG-LR-102200,SALE_DEED,2005,1.16,1.1,1.46,0.016,0.948,29,1,93.4,0.98,ACTIVE_MORTGAGE,0,PENDING,0
KAG-LR-102201,PATTA,2025,1.6,1.52,6.01,0.003,0.909,21,3,97.3,1.0,NIL,0,APPROVED,0
KAG-LR-102202,POWER_OF_ATTORNEY,2012,0.73,0.71,5.45,0.002,0.977,42,1,93.2,1.01,NIL,0,APPROVED,0
KAG-LR-102203,PATTA,2007,3.38,3.31,0.52,0.005,0.982,13,3,98.3,1.02,NIL,0,PENDING,0
KAG-LR-102204,PATTA,2008,2.26,2.21,1.15,0.004,0.956,38,1,85.9,1.01,NIL,0,APPROVED,0
KAG-LR-102205,PATTA,2017,4.06,3.94,1.93,0.029,0.995,44,1,94.0,0.98,NIL,0,APPROVED,0
KAG-LR-102206,PATTA,2012,8.62,8.77,5.35,0.002,0.97,25,2,92.5,1.01,ACTIVE_MORTGAGE,0,APPROVED,0
KAG-LR-102207,SALE_DEED,2022,1.98,2.02,1.82,0.012,0.968,41,3,92.1,1.02,NIL,0,APPROVED,0
KAG-LR-102208,GIFT_DEED,2021,4.71,4.62,1.66,0.011,0.985,23,2,91.6,1.0,NIL,0,APPROVED,0
KAG-LR-102209,PATTA,1969,1.11,1.13,0.53,0.007,0.964,27,2,99.5,0.8,ACTIVE_MORTGAGE,1,APPROVED,0
KAG-LR-102210,SALE_DEED,2007,0.8,0.81,2.73,0.007,0.963,12,3,92.0,0.9,NIL,0,PENDING,0
KAG-LR-102211,POWER_OF_ATTORNEY,2013,4.76,4.65,3.21,0.0,0.969,31,2,90.5,1.06,NIL,1,APPROVED,0
KAG-LR-102212,SALE_DEED,2010,3.99,3.85,6.5,0.003,0.995,55,1,93.2,0.92,NIL,0,APPROVED,0
KAG-LR-102213,POWER_OF_ATTORNEY,1965,1.59,1.65,1.74,0.001,0.968,31,3,98.4,1.07,NIL,0,PENDING,0
KAG-LR-102214,PATTA,1976,0.53,0.57,8.03,0.251,0.645,1658,2,84.8,0.26,NIL,0,REJECTED,1
KAG-LR-102215,SALE_DEED,1981,0.48,0.65,36.06,0.199,0.641,1104,2,54.9,0.49,NIL,0,PENDING,1
KAG-LR-102216,SALE_DEED,1980,1.05,1.1,2.46,0.001,0.985,22,1,86.3,1.03,NIL,1,PENDING,0
KAG-LR-102217,SETTLEMENT,1986,7.62,7.56,6.5,0.001,0.995,17,1,95.4,0.96,NIL,0,APPROVED,0
KAG-LR-102218,PATTA,2012,2.76,2.77,2.2,0.005,0.894,11,1,93.3,0.96,NIL,0,APPROVED,0
KAG-LR-102219,SALE_DEED,1998,0.67,0.65,2.91,0.017,0.941,16,2,91.4,1.09,NIL,0,APPROVED,0
KAG-LR-102220,SALE_DEED,1997,2.76,2.68,2.0,0.002,0.993,33,2,92.0,0.99,NIL,0,APPROVED,0
KAG-LR-102221,SETTLEMENT,2007,4.07,4.04,6.5,0.003,0.981,21,2,86.1,0.96,NIL,0,APPROVED,0
KAG-LR-102222,PATTA,2018,0.36,0.36,1.75,0.023,0.969,14,3,86.3,0.95,NIL,0,APPROVED,0
KAG-LR-102223,PATTA,2023,2.47,2.42,2.52,0.009,0.983,24,3,91.5,1.0,NIL,0,APPROVED,0
KAG-LR-102224,SETTLEMENT,1965,5.86,4.43,24.46,0.156,0.574,612,5,74.9,0.75,ACTIVE_MORTGAGE,0,REJECTED,1
KAG-LR-102225,PATTA,1998,1.08,1.02,5.0,0.002,0.993,53,2,92.9,1.06,NIL,0,APPROVED,0
KAG-LR-102226,PATTA,1972,0.98,1.16,18.11,0.251,0.657,2310,1,55.0,0.44,NIL,0,APPROVED,1
KAG-LR-102227,POWER_OF_ATTORNEY,2008,0.92,0.94,2.45,0.001,0.97,76,3,93.2,0.95,NIL,1,REJECTED,0
KAG-LR-102228,PATTA,1984,3.93,3.52,10.53,0.279,0.594,2210,2,77.5,0.34,ACTIVE_MORTGAGE,1,APPROVED,1
KAG-LR-102229,PATTA,2020,2.1,2.17,1.61,0.008,0.993,14,2,92.3,0.99,NIL,0,APPROVED,0
KAG-LR-102230,SALE_DEED,1990,5.81,6.04,3.4,0.011,0.954,50,1,97.4,0.94,NIL,0,APPROVED,0
KAG-LR-102231,PATTA,1994,1.01,1.07,2.13,0.001,0.989,20,1,89.4,1.03,NIL,0,APPROVED,0
KAG-LR-102232,PATTA,2024,2.85,2.68,0.71,0.003,0.982,28,1,92.4,1.03,NIL,0,APPROVED,0
KAG-LR-102233,GIFT_DEED,2007,5.66,5.81,1.14,0.001,0.987,45,2,98.6,1.08,NIL,0,APPROVED,0
KAG-LR-102234,PATTA,2021,2.01,2.06,1.86,0.012,0.963,19,2,90.6,0.98,NIL,0,APPROVED,0
KAG-LR-102235,PATTA,1969,2.42,2.57,6.2,0.161,0.458,1001,1,97.0,0.36,ACTIVE_MORTGAGE,0,APPROVED,1
KAG-LR-102236,POWER_OF_ATTORNEY,1999,1.47,1.39,6.5,0.001,0.993,25,2,94.1,1.11,ACTIVE_MORTGAGE,0,PENDING,0
KAG-LR-102237,SALE_DEED,1965,2.42,2.46,3.61,0.009,0.996,20,4,92.7,0.88,NIL,0,APPROVED,0
KAG-LR-102238,PATTA,2023,2.08,1.97,1.63,0.015,0.99,25,2,87.8,0.91,NIL,0,APPROVED,0
KAG-LR-102239,PATTA,2015,2.53,2.6,3.83,0.006,0.981,65,1,92.6,1.02,NIL,0,APPROVED,0
KAG-LR-102240,SALE_DEED,1990,1.09,1.15,5.32,0.156,0.729,1997,2,78.9,0.62,ACTIVE_MORTGAGE,0,APPROVED,1
KAG-LR-102241,PATTA,1994,4.75,4.66,1.15,0.012,0.971,41,3,94.8,1.0,NIL,0,APPROVED,0
KAG-LR-102242,PATTA,1967,4.09,4.1,3.66,0.016,0.949,43,1,96.5,0.98,NIL,0,APPROVED,0
KAG-LR-102243,SETTLEMENT,1993,2.45,2.42,4.52,0.031,0.977,15,2,96.7,1.14,NIL,0,APPROVED,0
KAG-LR-102244,PATTA,1990,0.9,0.86,1.41,0.045,0.97,21,1,95.0,0.98,NIL,0,APPROVED,0
KAG-LR-102245,SALE_DEED,1993,4.11,3.93,1.19,0.004,0.993,16,1,83.4,0.96,NIL,0,APPROVED,0
KAG-LR-102246,POWER_OF_ATTORNEY,1974,4.48,4.59,3.46,0.001,0.974,31,2,87.4,1.06,ACTIVE_MORTGAGE,0,APPROVED,0
KAG-LR-102247,PATTA,1981,11.44,11.51,3.07,0.003,0.997,42,5,92.7,0.97,NIL,0,APPROVED,0
KAG-LR-102248,PATTA,1967,2.41,1.61,33.36,0.371,0.446,-657,2,85.7,0.65,ACTIVE_MORTGAGE,1,REJECTED,1
KAG-LR-102249,PATTA,1988,3.31,3.24,5.9,0.001,0.954,29,4,97.0,1.16,ACTIVE_MORTGAGE,0,PENDING,0
KAG-LR-102250,PATTA,2002,0.33,0.35,4.02,0.007,0.975,30,2,98.4,0.93,NIL,0,APPROVED,0
KAG-LR-102251,SALE_DEED,1984,1.05,1.05,1.17,0.004,0.956,41,1,90.9,1.01,NIL,0,APPROVED,0
KAG-LR-102252,SALE_DEED,2021,1.46,1.42,1.58,0.001,0.954,74,1,93.1,0.93,NIL,0,APPROVED,0
KAG-LR-102253,SALE_DEED,2004,0.42,0.43,6.5,0.004,0.996,47,5,98.1,0.92,ACTIVE_MORTGAGE,0,APPROVED,0
KAG-LR-102254,SALE_DEED,1979,1.32,1.31,6.18,0.011,0.972,22,1,99.5,1.02,NIL,0,APPROVED,0
KAG-LR-102255,PATTA,1974,9.8,10.32,5.93,0.007,0.983,45,2,95.1,0.95,NIL,0,PENDING,0
KAG-LR-102256,PATTA,1997,1.81,1.86,2.48,0.007,0.962,31,3,91.5,1.06,NIL,0,APPROVED,0
KAG-LR-102257,PATTA,1998,7.51,7.26,1.21,0.018,0.966,16,3,91.2,0.91,NIL,0,PENDING,0
KAG-LR-102258,PATTA,2017,2.44,2.56,1.33,0.007,0.974,28,2,84.3,0.99,NIL,0,APPROVED,0
KAG-LR-102259,SALE_DEED,1996,1.97,1.89,6.08,0.003,0.978,19,2,92.0,0.97,DISPUTED,0,APPROVED,0
KAG-LR-102260,SALE_DEED,1976,0.88,0.61,30.48,0.248,0.467,263,1,75.0,0.67,ACTIVE_MORTGAGE,1,REJECTED,1
KAG-LR-102261,PATTA,1979,0.89,0.79,10.88,0.177,0.556,426,2,63.0,0.49,ACTIVE_MORTGAGE,1,REJECTED,1
KAG-LR-102262,SALE_DEED,1990,5.84,5.98,3.32,0.002,0.998,34,3,93.3,0.91,NIL,0,PENDING,0
KAG-LR-102263,PATTA,2012,2.29,2.31,6.5,0.004,0.924,49,5,89.0,1.08,NIL,0,APPROVED,0
KAG-LR-102264,PATTA,2010,1.95,1.96,1.5,0.005,0.953,42,1,96.3,1.09,NIL,0,APPROVED,0
KAG-LR-102265,PATTA,2023,0.61,0.76,25.08,0.33,0.764,776,2,72.2,0.73,NIL,0,REJECTED,1
KAG-LR-102266,PATTA,1995,4.74,4.79,0.81,0.006,0.987,33,1,93.5,1.11,NIL,0,APPROVED,0
KAG-LR-102267,SETTLEMENT,1980,0.45,0.45,0.75,0.009,0.998,39,3,91.6,1.07,ACTIVE_MORTGAGE,0,APPROVED,0
KAG-LR-102268,PATTA,2019,0.58,0.55,6.47,0.011,0.989,35,1,96.9,1.01,NIL,0,APPROVED,0
KAG-LR-102269,SETTLEMENT,2009,1.51,1.39,7.76,0.091,0.429,1555,3,61.3,0.42,ACTIVE_MORTGAGE,1,PENDING,1
KAG-LR-102270,SALE_DEED,1968,3.99,5.46,36.87,0.152,0.415,-291,1,61.7,0.48,DISPUTED,0,REJECTED,1
KAG-LR-102271,SETTLEMENT,1984,0.75,0.78,3.11,0.001,0.995,54,1,95.0,1.0,NIL,0,APPROVED,0
KAG-LR-102272,PATTA,2009,1.59,1.51,5.63,0.034,0.979,21,1,96.6,1.0,NIL,1,APPROVED,0
KAG-LR-102273,PATTA,1996,1.85,1.94,5.05,0.464,0.755,772,1,88.0,0.66,NIL,1,APPROVED,1
KAG-LR-102274,SALE_DEED,1966,0.73,0.6,17.39,0.459,0.551,-249,3,75.3,0.76,ACTIVE_MORTGAGE,0,PENDING,1
KAG-LR-102275,PATTA,2023,7.12,7.45,3.34,0.004,0.965,34,3,87.8,0.96,NIL,0,APPROVED,0
KAG-LR-102276,SETTLEMENT,1995,19.94,19.53,0.43,0.018,0.982,27,2,91.1,1.12,DISPUTED,0,APPROVED,0
KAG-LR-102277,SALE_DEED,1985,7.25,7.19,4.25,0.007,0.917,28,5,93.6,0.99,ACTIVE_MORTGAGE,0,APPROVED,0
KAG-LR-102278,PATTA,1972,2.08,1.96,2.8,0.005,0.945,9,2,95.2,1.01,NIL,0,APPROVED,0
KAG-LR-102279,SALE_DEED,1966,1.74,1.81,2.45,0.03,0.991,23,1,87.8,0.89,ACTIVE_MORTGAGE,0,APPROVED,0
KAG-LR-102280,PATTA,1996,7.38,7.76,3.22,0.018,0.939,55,3,91.3,0.96,NIL,1,APPROVED,0
KAG-LR-102281,PATTA,2025,0.92,1.05,13.67,0.32,0.674,467,2,86.5,0.72,NIL,1,PENDING,1
KAG-LR-102282,POWER_OF_ATTORNEY,2012,5.76,5.74,4.3,0.002,0.997,54,1,95.2,1.04,NIL,0,PENDING,0
KAG-LR-102283,PATTA,2015,1.21,1.14,5.51,0.246,0.575,912,1,64.0,0.31,DISPUTED,1,PENDING,1
KAG-LR-102284,POWER_OF_ATTORNEY,1970,3.95,3.6,8.86,0.255,0.61,-258,3,81.6,0.34,DISPUTED,1,REJECTED,1
KAG-LR-102285,SETTLEMENT,2009,3.01,3.47,15.36,0.153,0.495,133,1,78.2,0.25,NIL,1,PENDING,1
KAG-LR-102286,PATTA,1988,1.93,1.82,1.64,0.004,0.961,25,1,90.6,1.05,ACTIVE_MORTGAGE,0,APPROVED,0
KAG-LR-102287,PATTA,2010,2.35,2.42,3.16,0.018,0.983,25,1,91.9,1.01,ACTIVE_MORTGAGE,1,APPROVED,0
KAG-LR-102288,PATTA,1989,0.32,0.32,0.85,0.001,0.981,16,1,98.1,1.04,NIL,0,APPROVED,0
KAG-LR-102289,SALE_DEED,1997,0.84,0.85,1.09,0.0,0.956,10,1,92.9,1.02,NIL,0,APPROVED,0
KAG-LR-102290,PATTA,1990,1.9,1.96,5.05,0.002,0.99,11,1,99.5,0.94,NIL,0,PENDING,0
KAG-LR-102291,PATTA,1990,0.69,0.71,1.08,0.001,0.987,25,3,85.4,0.99,NIL,0,APPROVED,0
KAG-LR-102292,GIFT_DEED,2003,3.24,3.25,2.46,0.028,0.972,25,1,95.9,0.94,NIL,0,APPROVED,0
KAG-LR-102293,PATTA,1978,5.28,5.36,0.87,0.002,0.956,11,3,91.4,1.08,ACTIVE_MORTGAGE,0,APPROVED,0
KAG-LR-102294,SALE_DEED,1993,0.87,0.86,1.97,0.001,0.949,75,3,94.9,1.01,NIL,0,APPROVED,0
KAG-LR-102295,PATTA,1984,1.95,2.06,3.56,0.006,0.959,12,1,97.4,1.01,ACTIVE_MORTGAGE,0,APPROVED,0
KAG-LR-102296,SETTLEMENT,2026,0.36,0.34,1.7,0.003,0.934,29,2,96.3,0.93,NIL,0,APPROVED,0
KAG-LR-102297,SALE_DEED,1988,0.36,0.31,12.75,0.261,0.623,166,1,77.8,0.28,NIL,1,REJECTED,1
KAG-LR-102298,PATTA,1995,1.39,1.32,0.88,0.008,0.951,54,2,98.6,1.05,NIL,1,APPROVED,0
KAG-LR-102299,SALE_DEED,2006,3.1,3.26,0.9,0.017,0.919,22,3,97.3,1.05,NIL,0,APPROVED,0
KAG-LR-102300,SETTLEMENT,2009,4.01,3.84,1.33,0.006,0.97,30,2,86.1,1.03,COURT_STAY,0,APPROVED,0
KAG-LR-102301,SETTLEMENT,1996,4.63,4.77,3.16,0.017,0.993,41,2,92.5,1.0,NIL,0,APPROVED,0
KAG-LR-102302,PATTA,1965,7.52,7.7,3.93,0.001,0.997,38,1,93.0,0.93,NIL,0,APPROVED,0
KAG-LR-102303,PATTA,2003,2.89,2.92,0.57,0.003,0.959,13,4,93.2,0.96,NIL,1,APPROVED,0
KAG-LR-102304,PATTA,1973,1.67,1.69,3.88,0.011,0.927,72,2,91.5,0.91,NIL,0,APPROVED,0
KAG-LR-102305,PATTA,1968,2.33,2.25,1.88,0.004,0.988,30,2,91.7,0.97,NIL,0,PENDING,0
KAG-LR-102306,SALE_DEED,2026,22.65,21.76,1.39,0.001,0.955,29,1,86.5,0.91,NIL,0,PENDING,0
KAG-LR-102307,SETTLEMENT,2021,0.59,0.57,4.35,0.005,0.941,19,3,94.2,0.96,DISPUTED,0,APPROVED,0
KAG-LR-102308,PATTA,1992,1.64,1.76,7.1,0.267,0.69,319,4,69.1,0.28,ACTIVE_MORTGAGE,0,PENDING,1
KAG-LR-102309,SALE_DEED,1983,1.31,1.36,3.22,0.001,0.992,17,4,96.3,0.96,NIL,0,APPROVED,0
KAG-LR-102310,SALE_DEED,1995,1.41,1.21,14.08,0.516,0.598,117,4,76.2,0.71,DISPUTED,1,REJECTED,1
KAG-LR-102311,SALE_DEED,2003,2.73,2.77,6.5,0.013,0.963,52,4,83.5,1.05,NIL,0,APPROVED,0
KAG-LR-102312,SALE_DEED,1971,0.82,0.8,5.46,0.007,0.945,13,1,95.0,1.07,NIL,0,APPROVED,0
KAG-LR-102313,SALE_DEED,1992,2.58,2.62,0.74,0.01,0.922,41,4,88.0,0.97,NIL,0,APPROVED,0
KAG-LR-102314,PATTA,2000,6.84,6.73,1.54,0.009,0.972,26,3,92.9,1.1,NIL,0,PENDING,0
KAG-LR-102315,PATTA,1988,1.37,1.39,1.29,0.004,0.972,26,1,93.6,1.06,NIL,0,APPROVED,0
KAG-LR-102316,SETTLEMENT,2019,1.05,1.06,4.32,0.01,0.969,64,2,94.5,0.89,NIL,0,APPROVED,0
KAG-LR-102317,SALE_DEED,1994,2.34,2.23,2.62,0.0,0.937,30,3,91.0,0.94,NIL,0,APPROVED,0
KAG-LR-102318,PATTA,1988,8.03,7.95,0.5,0.023,0.952,111,5,99.5,1.0,NIL,0,APPROVED,0
KAG-LR-102319,SETTLEMENT,1975,4.09,4.15,2.79,0.005,0.962,51,1,89.2,1.01,NIL,0,APPROVED,0
KAG-LR-102320,PATTA,1988,2.58,2.57,0.78,0.014,0.996,18,1,96.5,1.02,NIL,0,APPROVED,0
KAG-LR-102321,SETTLEMENT,2022,2.58,2.7,2.11,0.001,0.949,50,1,90.3,1.04,NIL,0,APPROVED,0
KAG-LR-102322,POWER_OF_ATTORNEY,1995,3.09,3.22,1.24,0.005,0.994,26,4,91.1,1.05,NIL,0,APPROVED,0
KAG-LR-102323,PATTA,1995,6.58,7.07,7.51,0.173,0.439,-58,1,90.9,0.43,NIL,0,PENDING,1
KAG-LR-102324,PATTA,2020,0.31,0.31,1.92,0.002,0.985,52,5,95.7,0.9,NIL,0,APPROVED,0
KAG-LR-102325,PATTA,1977,8.38,9.63,14.94,0.167,0.747,1793,2,69.1,0.7,DISPUTED,0,PENDING,1
KAG-LR-102326,SALE_DEED,1995,1.64,1.56,2.21,0.003,0.937,22,1,91.3,0.97,NIL,0,REJECTED,0
KAG-LR-102327,SALE_DEED,1968,0.53,0.5,2.14,0.003,0.944,15,1,92.0,1.04,ACTIVE_MORTGAGE,0,APPROVED,0
KAG-LR-102328,PATTA,2003,5.09,5.05,2.16,0.0,0.942,18,1,86.4,0.98,NIL,0,APPROVED,0
KAG-LR-102329,SALE_DEED,1974,1.28,1.92,50.21,0.288,0.532,886,3,66.7,0.68,ACTIVE_MORTGAGE,1,PENDING,1
KAG-LR-102330,POWER_OF_ATTORNEY,2022,5.81,6.16,4.76,0.002,0.993,38,1,82.8,1.02,NIL,0,APPROVED,0
KAG-LR-102331,SETTLEMENT,1992,1.27,1.21,1.07,0.0,0.946,62,1,93.4,1.01,NIL,0,APPROVED,0
KAG-LR-102332,PATTA,1993,2.38,2.32,2.1,0.006,0.971,45,1,89.9,1.03,ACTIVE_MORTGAGE,0,APPROVED,0
KAG-LR-102333,PATTA,1987,0.93,0.96,2.69,0.022,0.955,41,1,89.5,1.05,NIL,1,APPROVED,0
KAG-LR-102334,PATTA,1975,1.31,1.23,1.54,0.011,0.961,23,1,85.4,1.03,NIL,0,APPROVED,0
KAG-LR-102335,POWER_OF_ATTORNEY,2013,1.49,1.51,0.63,0.005,0.966,17,1,91.1,0.94,NIL,0,APPROVED,0
KAG-LR-102336,PATTA,2007,11.03,11.55,1.16,0.002,0.982,37,1,86.3,1.04,NIL,0,APPROVED,0
KAG-LR-102337,SALE_DEED,2017,0.67,0.65,1.8,0.001,0.927,31,2,87.5,0.96,NIL,0,APPROVED,0
KAG-LR-102338,SETTLEMENT,2021,4.92,4.99,4.22,0.002,0.995,81,1,81.0,1.0,NIL,0,APPROVED,0
KAG-LR-102339,SALE_DEED,2023,0.48,0.5,1.48,0.011,0.963,15,1,90.5,0.99,NIL,0,APPROVED,0
KAG-LR-102340,PATTA,1975,1.61,1.52,0.7,0.008,0.978,34,1,95.7,1.0,NIL,0,APPROVED,0
KAG-LR-102341,SETTLEMENT,2015,7.94,8.25,2.38,0.015,0.977,13,2,88.5,0.93,ACTIVE_MORTGAGE,0,APPROVED,0
KAG-LR-102342,SETTLEMENT,2001,0.86,0.88,4.17,0.012,0.951,18,2,90.5,1.03,NIL,0,APPROVED,0
KAG-LR-102343,PATTA,2021,0.99,0.94,2.9,0.009,0.938,44,1,89.4,0.93,NIL,0,APPROVED,0
KAG-LR-102344,PATTA,1995,3.53,3.59,2.19,0.0,0.954,13,1,93.4,0.99,ACTIVE_MORTGAGE,0,APPROVED,0
KAG-LR-102345,PATTA,1979,1.58,1.64,6.5,0.005,0.971,15,1,91.5,0.95,NIL,0,PENDING,0
KAG-LR-102346,SALE_DEED,1970,6.69,6.91,2.07,0.014,0.966,20,2,94.2,1.06,NIL,0,APPROVED,0
KAG-LR-102347,SALE_DEED,2025,1.05,1.11,3.17,0.001,0.956,15,2,90.5,0.96,NIL,0,APPROVED,0
KAG-LR-102348,SETTLEMENT,1997,6.15,6.48,5.62,0.007,0.957,25,2,90.0,1.0,NIL,0,PENDING,0
KAG-LR-102349,PATTA,1984,15.58,15.43,3.39,0.006,0.967,10,2,85.9,1.0,ACTIVE_MORTGAGE,0,APPROVED,0
KAG-LR-102350,PATTA,1996,7.71,11.09,43.85,0.253,0.549,2019,1,74.2,0.51,NIL,1,REJECTED,1
KAG-LR-102351,POWER_OF_ATTORNEY,2024,1.39,1.44,2.6,0.006,0.979,22,4,91.6,1.08,NIL,0,APPROVED,0
KAG-LR-102352,PATTA,1996,1.42,1.41,5.67,0.004,0.957,17,2,84.3,0.94,NIL,0,APPROVED,0
KAG-LR-102353,PATTA,2009,1.47,1.46,1.84,0.023,0.987,27,4,92.5,0.86,NIL,0,APPROVED,0
KAG-LR-102354,SALE_DEED,1971,7.48,7.58,1.56,0.003,0.97,33,2,90.6,1.03,NIL,0,APPROVED,0
KAG-LR-102355,GIFT_DEED,1990,4.09,4.01,1.47,0.009,0.955,19,2,97.0,0.94,NIL,0,APPROVED,0
KAG-LR-102356,PATTA,2007,0.87,0.98,12.71,0.362,0.448,2089,1,62.5,0.48,ACTIVE_MORTGAGE,1,PENDING,1
KAG-LR-102357,POWER_OF_ATTORNEY,2002,3.69,3.62,4.61,0.002,0.988,15,3,87.5,1.04,NIL,0,APPROVED,0
KAG-LR-102358,PATTA,1992,4.22,4.17,3.05,0.004,0.861,12,3,83.3,0.99,NIL,0,APPROVED,0
KAG-LR-102359,PATTA,2003,3.7,3.6,5.4,0.0,0.949,8,1,87.9,1.01,NIL,0,PENDING,0
KAG-LR-102360,PATTA,2011,5.28,4.85,8.19,0.088,0.704,1136,1,81.4,0.72,NIL,0,PENDING,1
KAG-LR-102361,SALE_DEED,1983,6.45,5.01,22.38,0.139,0.509,2077,2,66.3,0.53,NIL,1,REJECTED,1
KAG-LR-102362,PATTA,2021,0.81,0.78,1.96,0.006,0.961,26,5,92.3,1.09,NIL,0,APPROVED,0
KAG-LR-102363,SALE_DEED,2000,3.82,3.06,19.81,0.146,0.603,-137,2,93.4,0.26,ACTIVE_MORTGAGE,1,PENDING,1
KAG-LR-102364,PATTA,2025,2.49,2.39,3.36,0.005,0.989,36,1,92.0,1.05,COURT_STAY,0,APPROVED,0
KAG-LR-102365,SALE_DEED,1983,1.1,1.1,1.34,0.045,0.988,44,2,86.2,1.06,NIL,0,APPROVED,0
KAG-LR-102366,PATTA,1971,1.92,1.86,1.31,0.005,0.982,28,2,91.5,1.01,NIL,0,APPROVED,0
KAG-LR-102367,SALE_DEED,2001,2.89,2.84,1.3,0.013,0.956,26,3,92.8,1.05,NIL,0,APPROVED,0
KAG-LR-102368,SALE_DEED,1991,0.77,0.89,16.12,0.4,0.685,114,3,75.8,0.28,ACTIVE_MORTGAGE,1,REJECTED,1
KAG-LR-102369,SALE_DEED,1993,1.18,1.2,2.5,0.015,0.976,30,1,93.9,1.04,NIL,0,APPROVED,0
KAG-LR-102370,PATTA,2000,2.51,2.37,2.09,0.003,0.955,10,3,91.7,1.06,ACTIVE_MORTGAGE,0,APPROVED,0
KAG-LR-102371,PATTA,2004,1.85,1.89,2.97,0.004,0.954,62,1,89.1,0.98,NIL,0,APPROVED,0
KAG-LR-102372,PATTA,1986,3.15,3.32,3.7,0.003,0.923,57,2,99.5,1.05,ACTIVE_MORTGAGE,0,APPROVED,0
KAG-LR-102373,PATTA,2002,2.31,2.29,1.55,0.012,0.957,26,1,92.5,1.01,NIL,0,PENDING,0
KAG-LR-102374,PATTA,2025,5.92,5.8,2.07,0.004,0.962,29,1,87.7,1.05,NIL,0,APPROVED,0
KAG-LR-102375,SETTLEMENT,2011,0.47,0.49,3.37,0.007,0.98,34,1,88.9,1.02,NIL,0,APPROVED,0
KAG-LR-102376,SALE_DEED,2005,1.77,1.85,2.02,0.009,0.948,27,2,94.6,1.05,NIL,0,APPROVED,0
KAG-LR-102377,SETTLEMENT,1980,6.98,7.38,3.56,0.004,0.948,28,3,96.2,1.08,DISPUTED,0,PENDING,0
KAG-LR-102378,SALE_DEED,1977,4.21,4.3,0.71,0.0,0.973,34,1,93.4,0.96,NIL,0,APPROVED,0
KAG-LR-102379,SALE_DEED,2000,7.49,7.9,1.74,0.01,0.981,23,1,97.4,0.98,DISPUTED,0,APPROVED,0
KAG-LR-102380,PATTA,2010,0.3,0.32,2.69,0.001,0.912,41,2,89.3,0.91,ACTIVE_MORTGAGE,0,APPROVED,0
KAG-LR-102381,POWER_OF_ATTORNEY,2026,2.4,2.3,1.96,0.004,0.993,25,1,96.4,0.99,NIL,0,APPROVED,0
KAG-LR-102382,PATTA,2024,9.3,9.13,1.44,0.009,0.985,13,1,89.6,0.91,DISPUTED,0,APPROVED,0
KAG-LR-102383,SALE_DEED,2015,1.71,2.15,25.94,0.16,0.552,-539,2,60.4,0.74,NIL,1,REJECTED,1
KAG-LR-102384,SALE_DEED,1996,6.81,7.09,2.07,0.004,0.947,32,4,95.8,1.01,ACTIVE_MORTGAGE,0,APPROVED,0
KAG-LR-102385,PATTA,1970,1.71,1.8,4.56,0.003,0.988,14,3,90.8,0.97,NIL,0,PENDING,0
KAG-LR-102386,PATTA,1993,2.83,2.76,0.87,0.015,0.956,20,1,84.1,1.0,NIL,0,APPROVED,0
KAG-LR-102387,SALE_DEED,2020,3.46,3.16,8.66,0.251,0.574,1283,2,71.5,0.44,DISPUTED,0,REJECTED,1
KAG-LR-102388,SETTLEMENT,1971,4.13,3.9,0.44,0.006,0.965,14,2,92.6,0.94,NIL,0,APPROVED,0
KAG-LR-102389,PATTA,1994,2.44,2.44,1.06,0.01,0.993,29,1,91.2,1.02,NIL,0,APPROVED,0
KAG-LR-102390,POWER_OF_ATTORNEY,2006,3.34,3.41,1.4,0.001,0.98,24,4,89.1,1.02,NIL,0,APPROVED,0
KAG-LR-102391,POWER_OF_ATTORNEY,2023,14.22,13.82,5.13,0.012,0.956,21,1,95.3,0.96,NIL,0,APPROVED,0
KAG-LR-102392,SALE_DEED,1998,1.72,1.66,2.23,0.028,0.905,20,1,92.3,0.94,NIL,0,APPROVED,0
KAG-LR-102393,PATTA,2000,1.19,1.03,13.55,0.59,0.733,130,2,74.8,0.77,DISPUTED,1,APPROVED,1
KAG-LR-102394,POWER_OF_ATTORNEY,2003,0.64,0.66,4.47,0.024,0.87,36,2,93.8,0.94,NIL,0,APPROVED,0
KAG-LR-102395,PATTA,1987,0.56,0.56,3.83,0.004,0.956,12,1,89.7,1.03,NIL,0,APPROVED,0
KAG-LR-102396,SALE_DEED,1984,4.46,4.47,1.75,0.005,0.937,51,1,93.8,1.0,NIL,0,APPROVED,0
KAG-LR-102397,SETTLEMENT,2012,10.87,10.29,1.9,0.003,0.992,19,1,93.5,0.97,NIL,0,PENDING,0
KAG-LR-102398,PATTA,1992,0.74,0.7,1.72,0.013,0.946,53,1,91.2,1.05,NIL,0,APPROVED,0
KAG-LR-102399,SALE_DEED,2005,0.39,0.39,1.3,0.003,0.976,42,3,87.1,0.86,NIL,0,APPROVED,0
KAG-LR-102400,POWER_OF_ATTORNEY,2022,5.19,5.07,1.72,0.005,0.971,44,1,92.3,1.03,NIL,0,APPROVED,0
KAG-LR-102401,PATTA,1967,0.59,0.61,1.73,0.015,0.974,42,1,90.3,0.92,NIL,0,APPROVED,0
KAG-LR-102402,PATTA,2005,3.19,3.21,6.5,0.003,0.997,15,1,96.7,0.99,NIL,0,APPROVED,0
KAG-LR-102403,POWER_OF_ATTORNEY,1987,2.71,2.63,2.74,0.003,0.959,38,1,95.4,1.02,NIL,0,APPROVED,0
KAG-LR-102404,SETTLEMENT,2010,4.4,3.72,15.41,0.491,0.493,1382,3,71.4,0.44,ACTIVE_MORTGAGE,0,APPROVED,1
KAG-LR-102405,GIFT_DEED,1999,12.75,12.37,2.8,0.004,0.989,63,4,95.6,0.96,NIL,0,APPROVED,0
KAG-LR-102406,SALE_DEED,1966,2.74,2.8,3.07,0.013,0.992,51,2,96.9,1.02,NIL,0,APPROVED,0
KAG-LR-102407,PATTA,1974,16.91,17.07,2.16,0.026,0.94,51,1,92.4,1.04,NIL,0,APPROVED,0
KAG-LR-102408,SALE_DEED,2004,2.5,2.53,1.35,0.002,0.979,24,2,93.5,0.97,NIL,0,APPROVED,0
KAG-LR-102409,GIFT_DEED,1989,0.66,0.65,1.69,0.014,0.951,13,4,91.5,1.07,NIL,0,APPROVED,0
KAG-LR-102410,PATTA,1998,1.26,1.28,2.53,0.003,0.895,56,1,94.1,1.09,NIL,0,APPROVED,0
KAG-LR-102411,SALE_DEED,1996,2.08,2.92,40.25,0.418,0.741,1005,1,80.3,0.38,COURT_STAY,1,PENDING,1
KAG-LR-102412,PATTA,2010,5.09,4.27,16.18,0.233,0.544,75,4,73.7,0.35,COURT_STAY,0,PENDING,1
KAG-LR-102413,PATTA,2005,5.53,5.21,2.93,0.011,0.979,24,4,91.3,1.01,ACTIVE_MORTGAGE,0,APPROVED,0
KAG-LR-102414,SALE_DEED,2020,6.41,6.6,4.36,0.0,0.943,25,2,94.4,1.1,NIL,0,APPROVED,0
KAG-LR-102415,SALE_DEED,1990,5.61,5.56,1.4,0.008,0.925,52,1,90.8,0.97,NIL,0,APPROVED,0
KAG-LR-102416,SETTLEMENT,1993,8.59,8.39,3.74,0.008,0.94,32,1,99.5,0.96,NIL,0,APPROVED,0
KAG-LR-102417,PATTA,1970,3.19,3.24,4.53,0.0,0.942,97,2,97.7,0.92,ACTIVE_MORTGAGE,0,APPROVED,0
KAG-LR-102418,SALE_DEED,1998,0.39,0.4,2.05,0.002,0.993,38,2,94.8,0.86,ACTIVE_MORTGAGE,1,APPROVED,0
KAG-LR-102419,SALE_DEED,1990,4.41,4.42,3.53,0.021,0.975,30,1,99.5,0.99,NIL,0,APPROVED,0
KAG-LR-102420,POWER_OF_ATTORNEY,1998,1.89,2.12,12.4,0.435,0.601,90,1,90.2,0.55,ACTIVE_MORTGAGE,0,REJECTED,1
KAG-LR-102421,POWER_OF_ATTORNEY,1998,0.35,0.36,3.14,0.011,0.92,38,1,93.9,0.98,NIL,0,APPROVED,0
KAG-LR-102422,GIFT_DEED,2005,5.77,5.76,1.51,0.01,0.97,34,1,96.2,0.96,COURT_STAY,0,APPROVED,0
KAG-LR-102423,PATTA,2007,1.08,1.07,0.77,0.001,0.975,42,3,84.6,0.98,NIL,0,APPROVED,0
KAG-LR-102424,POWER_OF_ATTORNEY,1991,5.13,5.23,6.43,0.003,0.918,46,4,99.5,0.98,NIL,0,APPROVED,0
KAG-LR-102425,POWER_OF_ATTORNEY,2009,3.45,3.48,1.98,0.011,0.992,31,1,93.4,1.01,NIL,0,APPROVED,0
KAG-LR-102426,PATTA,1998,4.92,4.78,2.87,0.023,0.949,53,2,89.6,1.02,NIL,0,PENDING,0
KAG-LR-102427,PATTA,1999,0.9,0.89,1.96,0.007,0.95,29,5,89.4,0.94,ACTIVE_MORTGAGE,0,APPROVED,0
KAG-LR-102428,PATTA,2014,0.64,0.62,5.07,0.017,0.991,16,2,94.7,0.99,NIL,0,APPROVED,0
KAG-LR-102429,PATTA,1984,1.76,1.75,0.55,0.006,0.971,30,1,96.2,0.97,NIL,0,REJECTED,0
KAG-LR-102430,SALE_DEED,1967,3.97,3.78,1.13,0.019,0.981,18,1,96.0,0.99,NIL,0,PENDING,0
KAG-LR-102431,PATTA,1997,0.9,0.96,6.4,0.53,0.473,-83,3,59.1,0.71,NIL,1,APPROVED,1
KAG-LR-102432,POWER_OF_ATTORNEY,1977,1.98,1.94,3.02,0.028,0.991,33,2,89.2,0.9,ACTIVE_MORTGAGE,0,APPROVED,0
KAG-LR-102433,PATTA,2011,4.34,4.1,0.96,0.021,0.917,37,2,89.6,1.04,NIL,0,APPROVED,0
KAG-LR-102434,PATTA,2008,1.41,1.39,5.81,0.007,0.992,16,3,90.7,1.04,NIL,0,APPROVED,0
KAG-LR-102435,SALE_DEED,2014,1.29,1.29,1.9,0.002,0.985,56,1,95.4,0.98,NIL,0,APPROVED,0
KAG-LR-102436,PATTA,1982,9.5,9.03,2.26,0.014,0.984,45,1,90.0,1.09,NIL,0,APPROVED,0
KAG-LR-102437,SALE_DEED,1983,6.6,6.82,5.04,0.008,0.966,9,4,92.7,0.99,NIL,0,APPROVED,0
KAG-LR-102438,SALE_DEED,2024,5.74,4.46,22.37,0.202,0.51,1677,3,72.3,0.27,ACTIVE_MORTGAGE,1,REJECTED,1
KAG-LR-102439,PATTA,1966,0.72,0.71,1.18,0.0,0.987,12,2,92.0,1.16,NIL,0,APPROVED,0
KAG-LR-102440,SALE_DEED,1978,5.63,5.45,2.83,0.003,0.948,54,2,88.7,0.88,NIL,0,APPROVED,0
KAG-LR-102441,SALE_DEED,2006,5.26,5.38,1.97,0.0,0.894,40,4,93.8,0.99,NIL,0,APPROVED,0
KAG-LR-102442,SALE_DEED,1969,7.69,8.04,4.7,0.005,0.967,62,3,91.5,1.04,ACTIVE_MORTGAGE,0,APPROVED,0
KAG-LR-102443,POWER_OF_ATTORNEY,1990,9.25,9.58,4.25,0.001,0.975,36,3,90.9,0.99,ACTIVE_MORTGAGE,0,PENDING,0
KAG-LR-102444,SETTLEMENT,2004,4.88,4.53,7.14,0.289,0.575,2402,3,92.3,0.27,NIL,1,PENDING,1
KAG-LR-102445,SETTLEMENT,2012,3.4,4.05,19.01,0.326,0.699,-369,1,88.3,0.76,ACTIVE_MORTGAGE,1,REJECTED,1
KAG-LR-102446,SALE_DEED,2005,4.97,4.78,3.84,0.002,0.928,21,1,96.0,0.93,NIL,0,APPROVED,0
KAG-LR-102447,GIFT_DEED,2018,4.03,4.02,1.1,0.03,0.997,9,4,89.7,1.02,NIL,0,APPROVED,0
KAG-LR-102448,SALE_DEED,2000,3.25,3.17,3.4,0.025,0.987,48,2,92.6,1.01,NIL,0,PENDING,0
KAG-LR-102449,PATTA,2006,6.33,6.35,4.03,0.012,0.957,26,1,93.4,1.05,NIL,0,APPROVED,0
KAG-LR-102450,PATTA,1998,1.46,1.38,4.84,0.017,0.966,50,2,92.3,1.02,NIL,0,APPROVED,0
KAG-LR-102451,PATTA,2025,7.84,7.76,2.4,0.003,0.993,44,1,99.5,1.02,NIL,0,APPROVED,0
KAG-LR-102452,POWER_OF_ATTORNEY,1982,7.65,5.94,22.31,0.283,0.536,-413,2,66.7,0.74,DISPUTED,1,PENDING,1
KAG-LR-102453,SALE_DEED,2008,9.73,10.07,2.65,0.004,0.962,13,2,91.0,0.88,ACTIVE_MORTGAGE,0,APPROVED,0
KAG-LR-102454,POWER_OF_ATTORNEY,1971,1.35,1.37,0.45,0.002,0.969,21,4,93.0,0.93,NIL,0,APPROVED,0
KAG-LR-102455,PATTA,2011,1.36,1.29,4.33,0.0,0.98,9,1,97.3,0.98,NIL,0,APPROVED,0
KAG-LR-102456,PATTA,1990,2.13,2.24,3.51,0.015,0.978,25,1,88.7,0.95,NIL,0,APPROVED,0
KAG-LR-102457,PATTA,2021,0.41,0.42,3.01,0.003,0.955,23,3,99.5,1.04,NIL,0,APPROVED,0
KAG-LR-102458,SALE_DEED,1981,1.04,1.0,0.48,0.008,0.941,29,2,93.3,0.92,NIL,0,APPROVED,0
KAG-LR-102459,SALE_DEED,1999,6.26,6.2,2.63,0.001,0.999,121,1,91.4,1.06,ACTIVE_MORTGAGE,0,APPROVED,0
KAG-LR-102460,SALE_DEED,2011,2.16,2.09,1.47,0.007,0.954,18,1,93.9,0.94,NIL,0,APPROVED,0
KAG-LR-102461,PATTA,1977,4.19,5.01,19.58,0.523,0.65,721,1,64.4,0.72,NIL,0,REJECTED,1
KAG-LR-102462,SALE_DEED,1975,0.66,0.65,2.0,0.008,0.926,34,2,96.6,1.12,NIL,0,APPROVED,0
KAG-LR-102463,SALE_DEED,1973,0.94,0.95,6.5,0.014,0.996,97,4,95.1,1.07,NIL,0,APPROVED,0
KAG-LR-102464,PATTA,1970,0.5,0.5,6.5,0.011,0.989,56,4,96.2,0.98,ACTIVE_MORTGAGE,0,APPROVED,0
KAG-LR-102465,POWER_OF_ATTORNEY,1982,1.27,1.22,0.88,0.008,0.994,19,3,93.8,1.08,NIL,0,APPROVED,0
KAG-LR-102466,PATTA,1992,1.15,1.19,1.21,0.012,0.962,29,3,86.2,0.95,NIL,0,REJECTED,0
KAG-LR-102467,POWER_OF_ATTORNEY,1966,0.82,0.86,2.92,0.011,0.999,12,1,92.4,1.0,NIL,1,APPROVED,0
KAG-LR-102468,PATTA,1985,5.87,6.11,2.08,0.012,0.98,20,1,97.2,0.96,NIL,0,APPROVED,0
KAG-LR-102469,SALE_DEED,1976,6.43,5.52,14.1,0.535,0.635,2114,3,58.6,0.3,COURT_STAY,0,PENDING,1
KAG-LR-102470,PATTA,2022,3.95,3.9,1.95,0.013,0.952,51,2,93.2,0.95,ACTIVE_MORTGAGE,0,PENDING,0
KAG-LR-102471,SALE_DEED,1982,0.59,0.56,1.59,0.008,0.964,13,1,88.5,0.84,NIL,0,APPROVED,0
KAG-LR-102472,POWER_OF_ATTORNEY,1979,2.3,2.25,1.46,0.009,0.959,37,1,90.6,0.99,NIL,0,APPROVED,0
KAG-LR-102473,PATTA,2006,7.63,7.59,3.41,0.005,0.929,17,1,90.3,1.06,NIL,0,APPROVED,0
KAG-LR-102474,SALE_DEED,1966,2.26,2.21,1.14,0.041,0.936,38,2,97.4,1.03,NIL,0,APPROVED,0
KAG-LR-102475,PATTA,2010,5.37,4.88,9.15,0.425,0.503,2080,2,50.7,0.51,DISPUTED,0,REJECTED,1
KAG-LR-102476,SETTLEMENT,2026,9.44,9.14,6.5,0.007,0.916,19,1,92.1,1.02,ACTIVE_MORTGAGE,0,APPROVED,0
KAG-LR-102477,PATTA,1969,4.1,4.9,19.53,0.298,0.656,-268,2,87.3,0.66,NIL,1,APPROVED,1
KAG-LR-102478,SETTLEMENT,2002,1.13,1.16,3.09,0.008,0.984,61,4,90.0,0.93,NIL,0,PENDING,0
KAG-LR-102479,PATTA,1976,2.69,2.76,1.46,0.012,0.972,26,2,93.0,1.02,NIL,1,APPROVED,0
KAG-LR-102480,SALE_DEED,2007,0.95,0.93,2.48,0.009,0.974,86,1,89.2,0.92,NIL,0,REJECTED,0
KAG-LR-102481,SALE_DEED,2019,5.86,6.09,3.17,0.003,0.907,54,1,90.2,0.95,NIL,0,APPROVED,0
KAG-LR-102482,PATTA,1971,6.65,6.99,6.06,0.01,0.927,24,4,88.3,0.95,NIL,0,APPROVED,0
KAG-LR-102483,PATTA,1976,1.41,1.43,4.84,0.0,0.952,14,1,93.0,0.96,ACTIVE_MORTGAGE,0,APPROVED,0
KAG-LR-102484,PATTA,1970,1.02,1.07,1.54,0.003,0.997,19,1,87.3,0.96,NIL,1,APPROVED,0
KAG-LR-102485,POWER_OF_ATTORNEY,1975,1.35,1.27,0.38,0.016,0.985,25,4,98.2,1.03,NIL,0,APPROVED,0
KAG-LR-102486,GIFT_DEED,2002,3.96,4.63,17.01,0.282,0.562,1277,2,83.2,0.77,ACTIVE_MORTGAGE,1,REJECTED,1
KAG-LR-102487,PATTA,2024,8.24,9.24,12.09,0.296,0.593,2485,3,86.8,0.5,ACTIVE_MORTGAGE,0,REJECTED,1
KAG-LR-102488,SETTLEMENT,1974,6.7,6.43,0.7,0.004,0.981,21,1,96.1,0.93,NIL,0,APPROVED,0
KAG-LR-102489,SALE_DEED,2005,7.53,7.78,4.13,0.005,0.984,17,1,91.7,0.99,NIL,0,APPROVED,0
KAG-LR-102490,PATTA,2013,0.39,0.37,6.04,0.147,0.688,646,2,87.4,0.72,ACTIVE_MORTGAGE,1,REJECTED,1
KAG-LR-102491,SALE_DEED,1969,5.22,5.43,3.7,0.002,0.995,18,3,90.9,1.11,NIL,0,PENDING,0
KAG-LR-102492,SALE_DEED,1977,4.08,3.53,13.39,0.145,0.685,928,4,67.6,0.58,DISPUTED,0,APPROVED,1
KAG-LR-102493,SALE_DEED,1975,1.15,1.15,2.16,0.019,0.981,20,1,87.7,0.95,NIL,1,PENDING,0
KAG-LR-102494,GIFT_DEED,2000,4.17,4.25,3.29,0.001,0.967,21,2,90.6,1.05,NIL,0,APPROVED,0
KAG-LR-102495,PATTA,2005,2.63,2.49,2.88,0.019,0.975,35,3,88.3,0.99,NIL,0,APPROVED,0
KAG-LR-102496,PATTA,2023,2.37,2.36,4.95,0.013,0.983,27,2,98.9,1.03,NIL,0,APPROVED,0
KAG-LR-102497,POWER_OF_ATTORNEY,1971,5.7,5.89,3.9,0.015,0.985,27,2,87.6,0.96,NIL,0,APPROVED,0
KAG-LR-102498,PATTA,2012,1.51,1.73,14.68,0.309,0.642,866,1,53.5,0.48,COURT_STAY,1,PENDING,1
KAG-LR-102499,PATTA,2026,0.35,0.34,1.53,0.0,0.992,30,1,84.7,0.99,NIL,0,APPROVED,0
KAG-LR-102500,PATTA,2006,0.53,0.51,1.89,0.005,0.945,38,1,96.7,1.01,NIL,0,APPROVED,0
KAG-LR-102501,PATTA,2016,5.52,7.17,29.89,0.303,0.552,1193,2,82.6,0.61,NIL,1,REJECTED,1
KAG-LR-102502,GIFT_DEED,1969,6.71,6.35,1.06,0.022,0.986,26,1,91.4,0.86,NIL,0,APPROVED,0
KAG-LR-102503,SALE_DEED,1966,6.33,6.3,2.59,0.0,0.966,23,2,93.7,1.03,NIL,0,APPROVED,0
KAG-LR-102504,PATTA,1988,1.53,1.6,0.88,0.01,0.949,59,1,89.2,1.04,NIL,0,APPROVED,0
KAG-LR-102505,SALE_DEED,2010,2.69,3.04,12.98,0.541,0.502,2035,2,80.3,0.39,NIL,0,PENDING,1
KAG-LR-102506,PATTA,1983,0.51,0.52,6.5,0.001,0.963,10,2,99.5,0.95,NIL,1,APPROVED,0
KAG-LR-102507,PATTA,1987,12.18,12.08,1.9,0.001,0.973,23,2,91.8,1.04,ACTIVE_MORTGAGE,1,APPROVED,0
KAG-LR-102508,GIFT_DEED,1974,0.51,0.5,1.51,0.002,0.983,34,1,88.2,1.05,NIL,0,APPROVED,0
KAG-LR-102509,PATTA,2006,1.95,1.89,1.95,0.002,0.922,40,1,94.0,1.08,NIL,0,APPROVED,0
KAG-LR-102510,PATTA,1994,3.58,3.53,2.58,0.015,0.995,60,2,93.8,1.12,NIL,0,APPROVED,0
KAG-LR-102511,PATTA,1983,20.54,20.33,2.85,0.009,0.956,26,1,93.7,1.06,NIL,0,APPROVED,0
KAG-LR-102512,PATTA,2008,5.56,5.38,1.57,0.001,0.994,44,2,92.2,1.03,NIL,0,APPROVED,0
KAG-LR-102513,GIFT_DEED,1968,6.05,5.83,1.71,0.002,0.968,31,3,84.6,0.92,ACTIVE_MORTGAGE,0,APPROVED,0
KAG-LR-102514,SALE_DEED,1989,3.07,2.45,20.13,0.244,0.546,2370,3,77.9,0.72,ACTIVE_MORTGAGE,1,REJECTED,1
KAG-LR-102515,PATTA,1975,5.17,5.14,2.8,0.023,0.97,63,3,87.5,0.99,ACTIVE_MORTGAGE,0,APPROVED,0
KAG-LR-102516,POWER_OF_ATTORNEY,1979,0.44,0.33,25.37,0.372,0.611,1898,2,46.7,0.37,ACTIVE_MORTGAGE,0,APPROVED,1
KAG-LR-102517,GIFT_DEED,2024,2.58,2.57,2.92,0.015,0.969,15,3,93.5,1.04,NIL,0,APPROVED,0
KAG-LR-102518,GIFT_DEED,1981,8.97,8.61,1.81,0.012,0.955,21,2,83.9,0.95,NIL,0,APPROVED,0
KAG-LR-102519,PATTA,2012,3.26,3.25,4.07,0.006,0.976,32,1,91.5,1.03,DISPUTED,0,APPROVED,0
KAG-LR-102520,SALE_DEED,1976,0.34,0.36,2.57,0.006,0.998,28,3,96.1,0.97,ACTIVE_MORTGAGE,0,APPROVED,0
KAG-LR-102521,PATTA,2025,4.67,4.93,1.27,0.004,0.976,68,5,92.9,0.93,NIL,0,APPROVED,0
KAG-LR-102522,PATTA,2016,5.47,5.62,1.58,0.008,0.902,36,1,93.1,1.0,NIL,0,APPROVED,0
KAG-LR-102523,POWER_OF_ATTORNEY,2007,1.0,1.05,1.53,0.011,0.966,34,2,87.0,1.02,NIL,0,APPROVED,0
KAG-LR-102524,PATTA,2020,0.57,0.58,1.44,0.001,0.997,64,4,84.6,1.06,ACTIVE_MORTGAGE,0,APPROVED,0
KAG-LR-102525,SETTLEMENT,2000,5.27,5.55,5.39,0.318,0.591,368,2,71.9,0.7,NIL,1,PENDING,1
KAG-LR-102526,SALE_DEED,1989,1.33,1.39,1.17,0.005,0.985,20,1,91.7,0.94,NIL,0,APPROVED,0
KAG-LR-102527,PATTA,1978,0.8,0.79,2.5,0.0,0.951,31,5,95.4,1.0,NIL,0,APPROVED,0
KAG-LR-102528,SALE_DEED,2005,0.31,0.32,1.46,0.0,0.957,34,1,98.6,0.98,NIL,0,APPROVED,0
KAG-LR-102529,SALE_DEED,2015,1.84,2.04,11.12,0.176,0.597,2179,2,83.8,0.55,ACTIVE_MORTGAGE,1,REJECTED,1
KAG-LR-102530,SALE_DEED,2008,3.65,3.55,6.5,0.003,0.957,42,1,92.2,0.89,NIL,0,APPROVED,0
KAG-LR-102531,SALE_DEED,1974,0.75,0.79,3.22,0.004,0.961,38,2,91.5,1.1,NIL,0,APPROVED,0
KAG-LR-102532,PATTA,1971,9.28,9.47,2.11,0.018,0.99,53,2,90.1,0.93,NIL,0,APPROVED,0
KAG-LR-102533,PATTA,1997,4.56,4.45,1.83,0.001,0.934,31,2,99.5,1.0,NIL,0,APPROVED,0
KAG-LR-102534,POWER_OF_ATTORNEY,2021,3.47,3.34,1.44,0.034,0.995,31,3,94.1,0.99,NIL,0,APPROVED,0
KAG-LR-102535,PATTA,1967,1.65,1.7,3.92,0.005,0.974,38,1,89.4,0.96,NIL,0,APPROVED,0
KAG-LR-102536,POWER_OF_ATTORNEY,1993,1.01,1.06,2.29,0.011,0.963,42,1,86.9,1.09,NIL,0,APPROVED,0
KAG-LR-102537,SETTLEMENT,2002,1.46,1.39,2.06,0.002,0.962,41,1,94.8,0.91,DISPUTED,0,APPROVED,0
KAG-LR-102538,SALE_DEED,2017,0.8,0.75,2.02,0.015,0.981,43,3,87.1,1.03,NIL,0,PENDING,0
KAG-LR-102539,PATTA,1974,5.71,5.85,0.75,0.002,0.981,17,1,99.5,0.98,NIL,0,APPROVED,0
KAG-LR-102540,SALE_DEED,1974,0.84,0.87,2.87,0.0,0.97,36,4,94.0,0.95,DISPUTED,0,APPROVED,0
KAG-LR-102541,SALE_DEED,1983,1.71,1.69,2.47,0.008,0.964,42,1,99.4,0.95,NIL,0,APPROVED,0
KAG-LR-102542,SETTLEMENT,1979,3.95,3.85,2.27,0.004,0.99,30,3,92.4,0.94,NIL,0,APPROVED,0
KAG-LR-102543,GIFT_DEED,2019,1.29,1.33,4.28,0.001,0.978,26,2,99.5,0.98,NIL,0,APPROVED,0
KAG-LR-102544,PATTA,2024,1.35,1.29,6.5,0.014,0.977,38,1,98.6,0.97,ACTIVE_MORTGAGE,1,PENDING,0
KAG-LR-102545,SETTLEMENT,2012,1.78,1.68,1.34,0.04,0.966,33,3,97.5,1.11,NIL,0,APPROVED,0
KAG-LR-102546,PATTA,1989,1.3,1.25,0.78,0.007,0.912,62,2,90.1,1.0,NIL,0,APPROVED,0
KAG-LR-102547,GIFT_DEED,2012,4.68,4.69,1.5,0.001,0.939,24,1,85.3,0.98,DISPUTED,0,APPROVED,0
KAG-LR-102548,PATTA,1974,2.28,2.4,4.87,0.005,0.966,18,3,98.3,1.03,NIL,0,APPROVED,0
KAG-LR-102549,PATTA,2002,1.97,2.09,0.94,0.007,0.978,65,2,92.7,1.04,ACTIVE_MORTGAGE,0,APPROVED,0
KAG-LR-102550,PATTA,1989,4.3,4.14,2.25,0.017,0.973,12,1,98.4,0.99,NIL,0,APPROVED,0
KAG-LR-102551,PATTA,2002,1.33,1.41,3.35,0.003,0.963,68,3,93.5,0.96,ACTIVE_MORTGAGE,0,REJECTED,0
KAG-LR-102552,POWER_OF_ATTORNEY,2018,1.08,0.88,18.53,0.251,0.624,1744,3,66.1,0.62,DISPUTED,1,REJECTED,1
KAG-LR-102553,PATTA,1983,1.59,1.64,1.62,0.005,0.987,9,2,92.3,0.98,NIL,0,APPROVED,0
KAG-LR-102554,SETTLEMENT,2025,5.18,4.97,2.79,0.006,0.977,79,2,97.0,1.0,NIL,0,APPROVED,0
KAG-LR-102555,PATTA,2000,0.98,1.15,17.19,0.234,0.51,-327,1,75.3,0.57,DISPUTED,1,REJECTED,1
KAG-LR-102556,SALE_DEED,1996,1.29,1.34,1.39,0.002,0.926,66,4,94.1,1.21,NIL,0,APPROVED,0
KAG-LR-102557,PATTA,2015,0.65,0.64,0.65,0.013,0.966,27,1,95.8,0.96,NIL,0,APPROVED,0
KAG-LR-102558,SALE_DEED,1990,20.45,22.5,10.01,0.451,0.494,1535,1,60.7,0.37,DISPUTED,1,PENDING,1
KAG-LR-102559,PATTA,1987,8.55,8.04,3.15,0.003,0.902,66,2,90.2,1.04,ACTIVE_MORTGAGE,0,APPROVED,0
KAG-LR-102560,POWER_OF_ATTORNEY,1992,0.94,0.93,2.21,0.019,0.948,45,1,89.2,1.04,DISPUTED,0,APPROVED,0
KAG-LR-102561,SALE_DEED,1968,0.36,0.37,6.5,0.007,0.984,27,1,99.5,1.06,NIL,0,APPROVED,0
KAG-LR-102562,SALE_DEED,1969,0.58,0.6,0.91,0.0,0.951,31,3,92.0,0.95,NIL,0,APPROVED,0
KAG-LR-102563,PATTA,1967,0.82,0.85,2.48,0.012,0.98,47,2,84.9,0.95,NIL,0,APPROVED,0
KAG-LR-102564,GIFT_DEED,1984,4.56,4.67,1.19,0.007,0.903,26,1,95.4,0.94,NIL,0,APPROVED,0
KAG-LR-102565,PATTA,1978,7.46,7.8,1.27,0.0,0.997,81,1,96.3,1.0,NIL,0,PENDING,0
KAG-LR-102566,PATTA,1982,1.71,1.7,2.08,0.004,0.969,13,1,90.6,0.92,NIL,0,APPROVED,0
KAG-LR-102567,POWER_OF_ATTORNEY,1985,7.86,8.14,0.87,0.0,0.991,41,2,98.7,1.09,NIL,0,APPROVED,0
KAG-LR-102568,GIFT_DEED,1981,1.19,1.21,3.77,0.013,0.992,78,4,89.2,0.93,NIL,0,APPROVED,0
KAG-LR-102569,SETTLEMENT,1971,15.3,15.36,1.99,0.01,0.978,20,4,91.9,0.96,NIL,0,APPROVED,0
KAG-LR-102570,SALE_DEED,2010,10.74,12.03,12.01,0.546,0.617,52,2,70.1,0.29,DISPUTED,1,PENDING,1
KAG-LR-102571,SETTLEMENT,2014,6.62,6.87,1.14,0.003,0.973,27,5,93.6,1.08,NIL,0,PENDING,0
KAG-LR-102572,PATTA,2026,5.61,5.71,0.77,0.002,0.98,35,1,90.4,0.98,NIL,1,APPROVED,0
KAG-LR-102573,PATTA,1973,0.81,0.72,10.72,0.566,0.563,1416,1,92.1,0.49,COURT_STAY,1,APPROVED,1
KAG-LR-102574,PATTA,1985,1.4,1.37,6.5,0.004,0.929,30,1,96.7,1.0,NIL,0,APPROVED,0
KAG-LR-102575,GIFT_DEED,2001,5.26,5.17,3.46,0.002,0.925,17,3,95.9,0.89,NIL,0,PENDING,0
KAG-LR-102576,PATTA,2015,0.35,0.34,0.99,0.01,0.952,25,2,94.2,0.99,NIL,0,APPROVED,0
KAG-LR-102577,SETTLEMENT,1993,6.96,7.1,2.09,0.012,0.981,28,2,99.1,1.09,NIL,0,APPROVED,0
KAG-LR-102578,PATTA,2004,0.72,0.74,1.28,0.004,0.9,100,2,99.4,1.06,NIL,1,APPROVED,0
KAG-LR-102579,PATTA,1983,2.15,2.05,6.5,0.005,0.939,23,3,89.3,0.98,NIL,0,APPROVED,0
KAG-LR-102580,SALE_DEED,2005,4.85,4.99,2.01,0.004,0.998,25,1,85.5,1.07,NIL,0,APPROVED,0
KAG-LR-102581,SETTLEMENT,2014,2.04,2.1,1.8,0.001,0.986,45,2,96.7,1.08,ACTIVE_MORTGAGE,0,APPROVED,0
KAG-LR-102582,PATTA,2004,0.49,0.49,2.8,0.008,0.998,37,3,91.2,0.98,NIL,0,PENDING,0
KAG-LR-102583,SALE_DEED,1984,1.72,1.8,4.2,0.005,0.993,16,3,88.3,1.04,NIL,0,APPROVED,0
KAG-LR-102584,PATTA,2020,3.61,3.71,1.74,0.015,0.994,10,5,93.4,0.98,NIL,0,APPROVED,0
KAG-LR-102585,SALE_DEED,1997,1.18,1.39,17.57,0.144,0.557,1594,1,84.0,0.58,ACTIVE_MORTGAGE,1,PENDING,1
KAG-LR-102586,SALE_DEED,1997,4.12,3.91,1.44,0.003,0.992,29,1,93.2,0.93,NIL,0,APPROVED,0
KAG-LR-102587,POWER_OF_ATTORNEY,1994,2.86,2.99,0.45,0.007,0.96,15,1,94.7,1.03,NIL,0,APPROVED,0
KAG-LR-102588,POWER_OF_ATTORNEY,2006,1.71,1.65,2.24,0.002,0.996,42,1,94.1,1.05,NIL,0,APPROVED,0
KAG-LR-102589,POWER_OF_ATTORNEY,2023,2.38,1.86,21.93,0.341,0.534,86,1,71.8,0.63,NIL,1,PENDING,1
KAG-LR-102590,PATTA,1971,2.53,2.47,1.76,0.008,0.945,48,4,99.5,0.97,ACTIVE_MORTGAGE,0,APPROVED,0
KAG-LR-102591,PATTA,2020,3.8,3.94,6.5,0.001,0.944,16,2,90.1,1.04,NIL,0,APPROVED,0
KAG-LR-102592,SALE_DEED,2006,2.06,1.99,6.5,0.009,0.992,50,1,94.0,1.0,NIL,0,PENDING,0
KAG-LR-102593,SALE_DEED,2021,3.45,3.29,1.39,0.002,0.997,59,2,95.5,1.04,ACTIVE_MORTGAGE,0,APPROVED,0
KAG-LR-102594,PATTA,1970,4.82,3.53,26.86,0.477,0.524,542,2,75.1,0.38,ACTIVE_MORTGAGE,1,PENDING,1
KAG-LR-102595,SETTLEMENT,2005,1.83,1.89,6.5,0.006,0.974,25,4,90.6,1.07,NIL,0,APPROVED,0
KAG-LR-102596,SETTLEMENT,2018,0.52,0.51,0.95,0.001,0.962,23,1,97.0,1.0,NIL,0,APPROVED,0
KAG-LR-102597,SALE_DEED,1981,3.74,3.89,0.68,0.006,0.978,10,2,91.8,0.96,NIL,0,APPROVED,0
KAG-LR-102598,PATTA,2016,2.65,2.68,4.86,0.014,0.98,44,4,99.5,0.87,NIL,0,PENDING,0
KAG-LR-102599,SETTLEMENT,1983,5.45,5.2,3.57,0.0,0.971,43,1,87.2,1.0,NIL,0,APPROVED,0
KAG-LR-102600,GIFT_DEED,1977,0.78,0.74,5.53,0.21,0.716,-585,3,63.8,0.77,DISPUTED,0,REJECTED,1
KAG-LR-102601,GIFT_DEED,1970,0.45,0.46,0.82,0.013,0.991,59,2,95.2,0.96,NIL,0,APPROVED,0
KAG-LR-102602,SALE_DEED,1990,2.9,2.93,0.65,0.003,0.994,52,1,96.1,1.01,NIL,0,PENDING,0
KAG-LR-102603,SALE_DEED,1999,3.24,3.1,6.5,0.021,0.912,9,1,92.7,1.18,NIL,0,APPROVED,0
KAG-LR-102604,SALE_DEED,1979,2.51,2.46,2.77,0.004,0.952,56,4,97.0,1.07,NIL,0,APPROVED,0
KAG-LR-102605,PATTA,2024,4.23,4.18,6.5,0.001,0.988,54,2,90.4,0.91,NIL,0,APPROVED,0
KAG-LR-102606,PATTA,1989,1.52,1.6,3.29,0.019,0.992,52,3,89.5,0.93,NIL,0,APPROVED,0
KAG-LR-102607,POWER_OF_ATTORNEY,1975,1.9,1.86,4.44,0.005,0.985,13,1,99.5,1.02,NIL,0,APPROVED,0
KAG-LR-102608,PATTA,1986,4.65,4.89,0.99,0.001,0.974,67,3,91.0,1.08,NIL,0,APPROVED,0
KAG-LR-102609,PATTA,2005,6.53,6.2,4.48,0.02,0.992,38,1,93.4,1.08,NIL,0,APPROVED,0
KAG-LR-102610,POWER_OF_ATTORNEY,1974,0.98,1.0,6.5,0.0,0.978,20,2,99.5,0.92,NIL,0,APPROVED,0
KAG-LR-102611,SALE_DEED,2015,3.16,3.15,0.31,0.008,0.981,8,2,91.6,0.89,NIL,0,APPROVED,0
KAG-LR-102612,POWER_OF_ATTORNEY,1989,2.11,2.22,1.78,0.002,0.938,28,3,96.2,1.01,ACTIVE_MORTGAGE,0,PENDING,0
KAG-LR-102613,PATTA,1977,2.53,4.44,75.44,0.397,0.631,-332,2,72.2,0.59,ACTIVE_MORTGAGE,1,REJECTED,1
KAG-LR-102614,PATTA,1988,7.32,8.71,19.05,0.533,0.439,2452,2,62.0,0.28,NIL,0,PENDING,1
KAG-LR-102615,SALE_DEED,1991,5.55,5.38,0.81,0.0,0.983,67,1,92.8,0.99,ACTIVE_MORTGAGE,0,APPROVED,0
KAG-LR-102616,PATTA,1978,2.65,2.74,6.11,0.0,0.971,26,2,90.6,0.99,NIL,0,APPROVED,0
KAG-LR-102617,POWER_OF_ATTORNEY,2024,1.72,1.72,6.5,0.01,0.955,95,2,95.8,0.99,NIL,0,APPROVED,0
KAG-LR-102618,PATTA,1965,1.22,1.23,3.01,0.006,0.981,55,1,96.2,0.98,ACTIVE_MORTGAGE,0,APPROVED,0
KAG-LR-102619,PATTA,1976,1.61,1.68,2.34,0.008,0.945,18,2,85.7,0.99,ACTIVE_MORTGAGE,0,APPROVED,0
KAG-LR-102620,PATTA,1996,2.32,2.29,2.71,0.006,0.985,37,1,87.3,1.04,NIL,0,APPROVED,0
KAG-LR-102621,GIFT_DEED,2001,2.96,3.05,2.85,0.005,0.998,99,2,89.5,1.0,NIL,0,APPROVED,0
KAG-LR-102622,PATTA,1975,2.87,2.81,1.73,0.002,0.954,25,3,96.2,0.92,NIL,0,APPROVED,0
KAG-LR-102623,PATTA,1980,5.93,6.1,2.8,0.009,0.924,12,2,99.5,0.98,NIL,0,APPROVED,0
KAG-LR-102624,SALE_DEED,2021,3.02,3.04,2.45,0.004,0.944,30,2,97.2,1.1,ACTIVE_MORTGAGE,0,APPROVED,0
KAG-LR-102625,SALE_DEED,2011,3.32,3.31,0.61,0.007,0.914,66,1,89.0,1.07,NIL,0,APPROVED,0
KAG-LR-102626,SALE_DEED,1988,0.73,0.72,1.82,0.014,0.958,46,1,88.8,1.03,NIL,0,APPROVED,0
KAG-LR-102627,SALE_DEED,1980,1.34,1.3,4.71,0.007,0.988,23,4,92.1,1.14,ACTIVE_MORTGAGE,0,APPROVED,0
KAG-LR-102628,SALE_DEED,1985,7.26,6.17,15.08,0.491,0.706,749,1,73.4,0.68,NIL,0,APPROVED,1
KAG-LR-102629,PATTA,1994,2.79,2.53,9.21,0.391,0.584,797,1,67.9,0.73,ACTIVE_MORTGAGE,1,APPROVED,1
KAG-LR-102630,SETTLEMENT,1982,1.4,1.34,4.96,0.002,0.971,31,2,98.1,1.08,NIL,0,APPROVED,0
KAG-LR-102631,PATTA,1985,3.51,3.48,2.93,0.003,0.95,15,1,84.6,0.91,NIL,0,APPROVED,0
KAG-LR-102632,GIFT_DEED,1996,5.46,5.5,2.89,0.006,0.979,16,1,83.4,0.9,NIL,0,APPROVED,0
KAG-LR-102633,SALE_DEED,1979,1.52,1.59,2.25,0.006,0.955,13,2,89.4,1.01,NIL,1,APPROVED,0
KAG-LR-102634,PATTA,1994,2.51,2.21,11.78,0.171,0.54,107,3,53.8,0.75,NIL,1,PENDING,1
KAG-LR-102635,PATTA,2008,0.53,0.52,2.05,0.028,0.959,23,2,97.9,1.07,ACTIVE_MORTGAGE,0,APPROVED,0
KAG-LR-102636,POWER_OF_ATTORNEY,2023,10.97,10.79,2.55,0.0,0.956,38,2,93.1,0.94,ACTIVE_MORTGAGE,0,APPROVED,0
KAG-LR-102637,PATTA,1994,3.88,4.03,2.19,0.001,0.969,31,3,90.7,0.9,NIL,0,APPROVED,0
KAG-LR-102638,SALE_DEED,1992,5.73,5.72,2.73,0.004,0.94,47,1,89.4,0.98,NIL,0,PENDING,0
KAG-LR-102639,PATTA,1980,3.45,3.33,1.78,0.003,0.977,12,1,95.7,0.98,NIL,0,APPROVED,0
KAG-LR-102640,SALE_DEED,2004,2.52,2.4,0.77,0.005,0.918,8,3,88.5,1.15,NIL,0,APPROVED,0
KAG-LR-102641,PATTA,2005,9.1,9.17,1.63,0.005,0.984,61,1,90.8,0.97,NIL,0,APPROVED,0
KAG-LR-102642,PATTA,2026,3.21,2.99,6.91,0.31,0.664,2231,1,64.2,0.57,DISPUTED,0,REJECTED,1
KAG-LR-102643,PATTA,2013,1.18,1.24,1.42,0.004,0.995,74,1,91.8,1.1,NIL,0,APPROVED,0
KAG-LR-102644,SALE_DEED,2011,5.6,5.63,0.4,0.023,0.997,48,3,94.1,1.06,NIL,0,APPROVED,0
KAG-LR-102645,SALE_DEED,1998,3.84,3.66,1.38,0.01,0.982,36,2,95.0,1.12,NIL,0,APPROVED,0
KAG-LR-102646,SETTLEMENT,1990,0.3,0.3,1.62,0.003,0.968,46,4,98.9,1.08,NIL,0,PENDING,0
KAG-LR-102647,PATTA,1990,5.45,5.55,1.31,0.009,0.993,9,2,90.0,0.98,NIL,0,APPROVED,0
KAG-LR-102648,SETTLEMENT,2023,1.93,1.97,3.32,0.001,0.983,31,1,93.0,1.06,NIL,0,APPROVED,0
KAG-LR-102649,PATTA,2007,5.1,4.91,4.75,0.002,0.951,92,1,98.3,0.99,NIL,1,APPROVED,0
KAG-LR-102650,PATTA,2000,7.61,7.98,3.01,0.011,0.954,61,1,97.4,1.01,NIL,0,PENDING,0
KAG-LR-102651,PATTA,2000,20.79,21.32,3.06,0.033,0.985,36,1,91.5,1.04,NIL,0,APPROVED,0
KAG-LR-102652,SETTLEMENT,1983,2.84,3.0,1.87,0.002,0.995,16,2,95.2,1.18,NIL,0,APPROVED,0
KAG-LR-102653,SALE_DEED,1995,0.98,0.94,1.83,0.003,0.983,36,3,89.8,1.03,ACTIVE_MORTGAGE,1,APPROVED,0
KAG-LR-102654,PATTA,2006,3.25,3.15,1.06,0.003,0.978,30,2,93.3,1.02,NIL,0,APPROVED,0
KAG-LR-102655,PATTA,2026,5.04,5.0,1.79,0.004,0.987,22,4,92.5,1.04,NIL,0,APPROVED,0
KAG-LR-102656,POWER_OF_ATTORNEY,1978,5.36,5.6,0.71,0.004,0.961,47,2,91.0,0.95,NIL,1,PENDING,0
KAG-LR-102657,POWER_OF_ATTORNEY,1996,13.1,13.42,0.78,0.0,0.999,38,1,89.2,0.94,NIL,0,APPROVED,0
KAG-LR-102658,SALE_DEED,1980,3.18,3.22,2.29,0.008,0.993,37,1,89.5,1.0,NIL,0,APPROVED,0
KAG-LR-102659,SALE_DEED,2009,9.61,10.02,0.92,0.005,0.935,39,3,89.2,1.01,NIL,1,APPROVED,0
KAG-LR-102660,PATTA,2026,1.06,0.63,40.19,0.215,0.477,1515,2,41.5,0.35,DISPUTED,1,PENDING,1
KAG-LR-102661,PATTA,2018,1.93,1.84,2.58,0.026,0.996,26,1,94.1,0.95,NIL,0,APPROVED,0
KAG-LR-102662,PATTA,1981,11.72,11.57,4.35,0.007,0.968,26,2,95.4,0.95,DISPUTED,0,APPROVED,0
KAG-LR-102663,PATTA,2020,5.27,5.19,0.83,0.006,0.984,65,2,84.8,1.13,NIL,0,APPROVED,0
KAG-LR-102664,PATTA,1966,1.4,1.42,2.57,0.017,0.983,20,2,90.4,1.09,NIL,0,APPROVED,0
KAG-LR-102665,GIFT_DEED,1995,2.88,3.01,0.92,0.0,0.966,40,1,98.8,0.89,ACTIVE_MORTGAGE,1,APPROVED,0
KAG-LR-102666,PATTA,2005,5.91,5.93,1.95,0.002,0.952,56,2,89.6,1.03,NIL,0,APPROVED,0
KAG-LR-102667,PATTA,1977,4.91,5.05,5.11,0.002,0.983,13,1,87.7,0.99,NIL,0,APPROVED,0
KAG-LR-102668,SETTLEMENT,2014,1.3,1.42,9.48,0.541,0.515,245,1,86.8,0.35,ACTIVE_MORTGAGE,0,REJECTED,1
KAG-LR-102669,SALE_DEED,1996,1.91,2.01,3.6,0.006,0.989,21,1,97.3,1.03,NIL,0,APPROVED,0
KAG-LR-102670,PATTA,1971,5.63,5.64,1.62,0.008,0.996,34,4,92.3,0.92,DISPUTED,0,APPROVED,0
KAG-LR-102671,POWER_OF_ATTORNEY,2001,2.69,2.76,4.21,0.001,0.986,57,1,88.3,1.03,NIL,0,APPROVED,0
KAG-LR-102672,SETTLEMENT,1968,4.95,5.13,0.83,0.017,0.963,12,4,91.6,0.82,NIL,0,APPROVED,0
KAG-LR-102673,PATTA,2020,1.33,1.41,4.1,0.004,0.983,27,3,94.1,1.06,NIL,0,APPROVED,0
KAG-LR-102674,SETTLEMENT,2011,4.67,4.61,6.44,0.005,0.975,59,3,88.4,1.04,NIL,0,PENDING,0
KAG-LR-102675,SALE_DEED,2009,3.38,3.57,5.68,0.247,0.609,1422,1,73.8,0.54,ACTIVE_MORTGAGE,1,APPROVED,1
KAG-LR-102676,PATTA,2023,5.08,5.01,6.35,0.0,0.988,58,3,97.1,0.93,ACTIVE_MORTGAGE,0,APPROVED,0
KAG-LR-102677,SALE_DEED,1972,9.76,9.37,2.4,0.002,0.967,17,2,94.8,1.02,NIL,0,APPROVED,0
KAG-LR-102678,SETTLEMENT,2003,4.08,4.12,4.69,0.0,0.942,57,3,92.7,0.91,ACTIVE_MORTGAGE,0,APPROVED,0
KAG-LR-102679,PATTA,2000,2.71,2.8,1.7,0.0,0.977,43,1,99.2,0.99,NIL,0,APPROVED,0
KAG-LR-102680,SALE_DEED,1992,3.3,2.24,32.11,0.538,0.594,173,2,69.0,0.62,NIL,0,APPROVED,1
KAG-LR-102681,SALE_DEED,2017,3.82,3.85,4.08,0.003,0.96,34,1,89.4,1.02,NIL,0,REJECTED,0
KAG-LR-102682,PATTA,2001,15.61,16.2,1.36,0.004,0.951,63,2,91.7,1.0,NIL,0,APPROVED,0
KAG-LR-102683,SALE_DEED,2004,1.21,1.22,1.98,0.01,0.958,9,1,85.8,0.98,NIL,0,APPROVED,0
KAG-LR-102684,SALE_DEED,2013,6.35,6.17,6.5,0.002,0.992,44,2,96.0,1.05,NIL,0,APPROVED,0
KAG-LR-102685,SALE_DEED,1975,1.41,1.33,1.17,0.006,0.976,28,2,99.5,1.05,NIL,0,APPROVED,0
KAG-LR-102686,PATTA,2013,0.75,0.79,3.95,0.001,0.944,27,4,93.2,0.93,NIL,0,APPROVED,0
KAG-LR-102687,SALE_DEED,1992,1.61,1.63,3.52,0.001,0.962,68,2,89.5,1.0,NIL,0,APPROVED,0
KAG-LR-102688,GIFT_DEED,1966,4.69,4.43,4.68,0.018,0.946,30,1,97.3,0.96,COURT_STAY,0,APPROVED,0
KAG-LR-102689,PATTA,2017,5.13,5.43,4.27,0.011,0.954,52,1,94.4,1.03,NIL,0,APPROVED,0
KAG-LR-102690,SALE_DEED,1978,5.66,5.52,0.26,0.004,0.953,47,2,91.6,1.09,NIL,0,APPROVED,0
KAG-LR-102691,SETTLEMENT,1982,3.11,3.75,20.42,0.281,0.506,179,1,80.8,0.53,ACTIVE_MORTGAGE,1,APPROVED,1
KAG-LR-102692,PATTA,1986,4.86,5.0,0.72,0.013,0.978,26,1,90.5,0.98,NIL,0,APPROVED,0
KAG-LR-102693,PATTA,2004,2.87,2.94,2.94,0.02,0.985,38,1,93.4,0.98,NIL,0,APPROVED,0
KAG-LR-102694,SALE_DEED,2025,3.62,3.81,1.62,0.02,0.972,16,2,90.2,1.07,NIL,0,APPROVED,0
KAG-LR-102695,GIFT_DEED,1980,6.41,6.3,3.11,0.0,0.955,31,3,97.1,1.0,NIL,0,APPROVED,0
KAG-LR-102696,SALE_DEED,1996,3.99,4.03,1.63,0.005,0.971,27,3,83.8,1.01,NIL,0,APPROVED,0
KAG-LR-102697,PATTA,2002,7.94,7.08,10.81,0.246,0.559,490,3,85.6,0.52,NIL,1,APPROVED,1
KAG-LR-102698,SETTLEMENT,2015,0.56,0.55,2.79,0.019,0.953,14,1,89.0,1.02,NIL,0,APPROVED,0
KAG-LR-102699,POWER_OF_ATTORNEY,2022,0.81,0.82,1.04,0.008,0.995,66,1,94.8,1.08,NIL,0,APPROVED,0
KAG-LR-102700,SALE_DEED,1977,3.65,3.7,3.16,0.001,0.996,43,1,97.1,1.0,NIL,0,APPROVED,0
KAG-LR-102701,PATTA,1981,3.81,4.02,2.86,0.043,0.984,39,1,94.7,1.04,NIL,0,APPROVED,0
KAG-LR-102702,GIFT_DEED,2022,0.68,0.68,0.54,0.006,0.953,25,4,92.9,1.13,NIL,0,APPROVED,0
KAG-LR-102703,GIFT_DEED,1965,1.75,1.79,1.37,0.006,0.963,96,2,91.5,1.0,NIL,0,APPROVED,0
KAG-LR-102704,PATTA,1988,2.76,2.67,1.4,0.001,0.94,72,2,88.7,1.06,NIL,0,APPROVED,0
KAG-LR-102705,PATTA,1966,2.28,2.31,1.49,0.036,0.986,93,2,87.2,0.85,NIL,0,APPROVED,0
KAG-LR-102706,SALE_DEED,1978,0.8,0.81,6.5,0.007,0.987,11,1,88.0,0.83,NIL,0,APPROVED,0
KAG-LR-102707,POWER_OF_ATTORNEY,2011,5.56,5.4,1.85,0.01,0.978,31,2,92.9,1.04,NIL,0,APPROVED,0
KAG-LR-102708,PATTA,2009,3.17,3.22,2.64,0.004,0.988,23,1,96.4,1.06,NIL,0,APPROVED,0
KAG-LR-102709,PATTA,2008,0.78,0.78,3.06,0.018,0.995,15,2,94.0,0.96,NIL,0,APPROVED,0
KAG-LR-102710,PATTA,2018,3.12,3.27,1.23,0.0,0.976,11,1,88.6,1.1,NIL,0,APPROVED,0
KAG-LR-102711,SALE_DEED,1973,2.88,3.2,10.99,0.042,0.633,753,1,69.8,0.61,ACTIVE_MORTGAGE,1,REJECTED,1
KAG-LR-102712,SETTLEMENT,2011,0.6,0.55,8.36,0.572,0.517,93,3,46.0,0.76,COURT_STAY,1,PENDING,1
KAG-LR-102713,SETTLEMENT,2020,0.86,0.8,7.34,0.328,0.539,198,2,70.7,0.6,COURT_STAY,1,APPROVED,1
KAG-LR-102714,PATTA,2012,6.4,6.43,1.95,0.001,0.975,54,2,92.9,0.97,NIL,0,APPROVED,0
KAG-LR-102715,SALE_DEED,2016,1.04,1.06,1.94,0.003,0.981,7,2,91.9,1.0,NIL,0,APPROVED,0
KAG-LR-102716,SETTLEMENT,2005,0.63,0.64,4.22,0.001,0.965,35,2,93.4,0.91,NIL,1,APPROVED,0
KAG-LR-102717,POWER_OF_ATTORNEY,2010,2.79,2.85,2.47,0.014,0.986,9,2,87.5,1.14,NIL,0,APPROVED,0
KAG-LR-102718,SETTLEMENT,2014,6.95,6.93,1.61,0.002,0.952,7,3,96.1,1.04,NIL,0,APPROVED,0
KAG-LR-102719,SALE_DEED,1980,8.88,9.05,4.83,0.013,0.988,21,2,99.5,1.01,NIL,0,APPROVED,0
KAG-LR-102720,POWER_OF_ATTORNEY,1995,17.06,16.27,2.42,0.012,0.994,7,3,88.9,1.12,DISPUTED,0,APPROVED,0
KAG-LR-102721,SALE_DEED,2012,0.53,0.51,2.43,0.012,0.91,26,4,89.5,1.02,NIL,0,APPROVED,0
KAG-LR-102722,PATTA,2005,4.89,4.92,2.4,0.008,0.955,15,2,94.2,1.0,NIL,0,APPROVED,0
KAG-LR-102723,PATTA,2024,0.48,0.45,1.89,0.003,0.989,23,1,90.7,0.98,ACTIVE_MORTGAGE,0,APPROVED,0
KAG-LR-102724,PATTA,2009,1.64,2.03,23.54,0.174,0.482,-200,1,47.6,0.47,NIL,1,APPROVED,1
KAG-LR-102725,SALE_DEED,1977,6.55,5.87,10.38,0.413,0.756,-45,3,54.9,0.46,DISPUTED,0,PENDING,1
KAG-LR-102726,PATTA,1992,1.5,1.58,2.85,0.012,0.981,35,3,87.2,1.01,NIL,0,APPROVED,0
KAG-LR-102727,PATTA,1975,0.54,0.56,3.26,0.009,0.976,52,2,93.4,1.02,NIL,0,APPROVED,0
KAG-LR-102728,PATTA,2004,7.77,8.23,5.93,0.405,0.644,-284,2,97.0,0.34,NIL,1,PENDING,1
KAG-LR-102729,SALE_DEED,2022,9.31,9.78,0.79,0.006,0.964,49,3,92.2,1.02,NIL,0,APPROVED,0
KAG-LR-102730,SALE_DEED,1980,1.24,1.18,3.07,0.021,0.983,35,2,87.2,0.96,NIL,0,APPROVED,0
KAG-LR-102731,SETTLEMENT,1982,1.12,1.22,8.6,0.074,0.625,1926,4,97.0,0.73,DISPUTED,0,APPROVED,1
KAG-LR-102732,PATTA,1969,3.92,3.71,6.5,0.002,0.982,14,3,97.0,1.0,NIL,0,APPROVED,0
KAG-LR-102733,SALE_DEED,2003,1.5,1.56,2.86,0.009,0.891,13,2,95.5,0.99,NIL,0,APPROVED,0
KAG-LR-102734,SETTLEMENT,1973,7.69,7.39,0.74,0.0,0.92,34,2,87.7,1.02,NIL,0,PENDING,0
KAG-LR-102735,PATTA,2008,4.35,4.16,1.45,0.001,0.979,25,3,97.3,0.96,ACTIVE_MORTGAGE,0,APPROVED,0
KAG-LR-102736,SETTLEMENT,1984,4.56,4.68,2.78,0.0,0.98,38,3,98.7,0.9,NIL,0,APPROVED,0
KAG-LR-102737,SALE_DEED,1967,4.57,4.55,1.57,0.012,0.98,38,5,99.3,1.0,NIL,0,APPROVED,0
KAG-LR-102738,GIFT_DEED,2022,1.21,1.09,9.59,0.295,0.65,35,1,85.8,0.3,NIL,0,APPROVED,1
KAG-LR-102739,SALE_DEED,2007,1.18,1.19,2.59,0.006,0.976,36,1,88.5,0.86,NIL,0,APPROVED,0
KAG-LR-102740,PATTA,2012,0.67,0.64,1.73,0.005,0.96,38,4,99.5,1.05,NIL,0,APPROVED,0
KAG-LR-102741,SALE_DEED,1968,2.37,2.89,22.04,0.361,0.428,1871,4,52.5,0.7,ACTIVE_MORTGAGE,0,APPROVED,1
KAG-LR-102742,SETTLEMENT,2010,4.33,4.2,4.55,0.003,0.969,41,3,93.8,0.97,NIL,0,APPROVED,0
KAG-LR-102743,SETTLEMENT,1967,4.04,4.56,12.87,0.084,0.576,118,2,72.2,0.34,COURT_STAY,0,APPROVED,1
KAG-LR-102744,SALE_DEED,2005,0.32,0.28,12.61,0.475,0.589,414,2,67.2,0.55,NIL,0,PENDING,1
KAG-LR-102745,PATTA,2026,1.31,1.24,1.62,0.011,0.975,17,1,95.7,0.98,NIL,0,APPROVED,0
KAG-LR-102746,POWER_OF_ATTORNEY,2007,2.23,2.1,0.64,0.004,0.995,41,4,82.6,0.97,NIL,0,APPROVED,0
KAG-LR-102747,GIFT_DEED,2007,3.01,3.16,2.52,0.01,0.99,68,2,92.3,0.91,ACTIVE_MORTGAGE,0,APPROVED,0
KAG-LR-102748,SALE_DEED,1969,1.92,2.2,14.56,0.278,0.548,-155,3,70.3,0.39,ACTIVE_MORTGAGE,0,PENDING,1
KAG-LR-102749,SALE_DEED,2010,2.14,1.86,13.03,0.157,0.564,-75,2,77.3,0.75,ACTIVE_MORTGAGE,1,REJECTED,1
KAG-LR-102750,SALE_DEED,2017,2.96,3.12,3.68,0.002,0.984,16,2,90.7,1.04,NIL,0,APPROVED,0
KAG-LR-102751,POWER_OF_ATTORNEY,1999,1.65,1.67,1.25,0.009,0.912,39,2,93.8,1.04,ACTIVE_MORTGAGE,0,APPROVED,0
KAG-LR-102752,PATTA,2022,2.08,2.01,3.47,0.008,0.934,19,1,80.2,1.03,NIL,0,APPROVED,0
KAG-LR-102753,POWER_OF_ATTORNEY,2000,4.52,4.6,5.98,0.017,0.982,15,1,86.6,1.04,ACTIVE_MORTGAGE,0,APPROVED,0
KAG-LR-102754,POWER_OF_ATTORNEY,1967,3.91,1.51,61.26,0.443,0.447,532,2,53.9,0.32,NIL,0,APPROVED,1
KAG-LR-102755,SALE_DEED,1971,3.4,3.31,1.31,0.002,0.981,12,2,92.0,0.98,NIL,0,APPROVED,0
KAG-LR-102756,SALE_DEED,1996,1.04,1.07,1.5,0.013,0.976,16,1,90.7,0.92,NIL,0,APPROVED,0
KAG-LR-102757,POWER_OF_ATTORNEY,2008,0.58,0.53,8.5,0.424,0.571,127,1,42.2,0.74,DISPUTED,1,PENDING,1
KAG-LR-102758,POWER_OF_ATTORNEY,1965,5.38,5.24,3.25,0.005,0.966,23,2,99.3,1.01,NIL,0,APPROVED,0
KAG-LR-102759,SETTLEMENT,2017,3.4,3.44,2.39,0.012,0.962,24,2,93.4,0.92,NIL,0,APPROVED,0
KAG-LR-102760,SALE_DEED,1977,0.79,0.83,1.46,0.014,0.974,43,1,91.5,1.13,NIL,0,APPROVED,0
KAG-LR-102761,SALE_DEED,2002,8.45,8.79,1.23,0.002,0.983,71,4,90.2,1.0,NIL,0,APPROVED,0
KAG-LR-102762,PATTA,1982,1.12,1.11,3.5,0.002,0.982,38,3,87.5,0.98,NIL,0,APPROVED,0
KAG-LR-102763,PATTA,2021,8.25,10.06,21.9,0.121,0.618,64,3,49.9,0.46,ACTIVE_MORTGAGE,1,PENDING,1
KAG-LR-102764,PATTA,1986,1.71,1.7,0.29,0.0,0.99,44,3,94.0,0.99,NIL,0,APPROVED,0
KAG-LR-102765,SETTLEMENT,2017,8.78,8.5,1.5,0.006,0.91,39,2,86.5,1.01,NIL,0,APPROVED,0
KAG-LR-102766,SALE_DEED,1988,1.44,1.41,1.06,0.011,0.994,25,1,93.7,1.09,ACTIVE_MORTGAGE,0,PENDING,0
KAG-LR-102767,PATTA,2003,4.92,4.83,1.21,0.004,0.908,13,1,92.1,0.97,NIL,0,APPROVED,0
KAG-LR-102768,SALE_DEED,1976,8.51,8.05,2.16,0.001,0.977,32,1,96.6,0.92,NIL,0,APPROVED,0
KAG-LR-102769,PATTA,1967,0.77,0.74,0.91,0.003,0.987,27,1,98.0,1.12,NIL,0,APPROVED,0
KAG-LR-102770,SETTLEMENT,2015,2.67,2.59,1.41,0.029,0.984,69,2,94.1,0.93,NIL,0,APPROVED,0
KAG-LR-102771,SALE_DEED,1998,4.86,5.07,6.5,0.003,0.984,55,2,91.9,1.01,NIL,0,APPROVED,0
KAG-LR-102772,POWER_OF_ATTORNEY,1991,6.34,8.64,36.2,0.336,0.679,166,2,73.1,0.42,NIL,1,APPROVED,1
KAG-LR-102773,PATTA,2004,6.6,6.22,5.78,0.199,0.55,73,2,69.7,0.32,NIL,0,PENDING,1
KAG-LR-102774,SALE_DEED,2024,0.66,0.68,0.99,0.003,0.986,38,4,92.2,0.92,NIL,0,APPROVED,0
KAG-LR-102775,PATTA,1969,1.01,0.96,1.07,0.004,0.96,35,1,90.9,1.08,NIL,0,APPROVED,0
KAG-LR-102776,POWER_OF_ATTORNEY,2000,0.95,0.94,6.5,0.001,0.991,26,3,96.9,0.95,NIL,0,APPROVED,0
KAG-LR-102777,PATTA,1993,1.83,1.74,3.12,0.032,0.998,51,3,89.5,0.92,NIL,0,APPROVED,0
KAG-LR-102778,PATTA,2000,0.42,0.31,27.33,0.138,0.41,2163,3,94.1,0.76,ACTIVE_MORTGAGE,0,PENDING,1
KAG-LR-102779,POWER_OF_ATTORNEY,1990,4.38,4.64,1.61,0.045,0.982,44,1,89.2,0.96,ACTIVE_MORTGAGE,0,APPROVED,0
KAG-LR-102780,PATTA,2001,2.15,2.07,1.84,0.002,0.959,9,2,86.5,1.05,NIL,0,PENDING,0
KAG-LR-102781,SETTLEMENT,2016,0.83,0.87,5.94,0.002,0.932,20,3,94.7,1.04,DISPUTED,0,APPROVED,0
KAG-LR-102782,SETTLEMENT,2001,2.59,2.57,1.73,0.009,0.926,16,5,88.7,1.0,NIL,0,PENDING,0
KAG-LR-102783,SALE_DEED,2005,3.03,3.11,1.36,0.009,0.979,13,2,97.8,0.94,NIL,0,PENDING,0
KAG-LR-102784,PATTA,2015,3.57,3.44,0.69,0.019,0.966,31,2,94.0,0.87,ACTIVE_MORTGAGE,0,APPROVED,0
KAG-LR-102785,PATTA,1981,3.78,3.91,1.82,0.005,0.933,85,1,90.4,1.06,NIL,0,APPROVED,0
KAG-LR-102786,PATTA,1993,14.07,13.4,2.4,0.007,0.987,37,2,96.5,1.07,NIL,0,APPROVED,0
KAG-LR-102787,POWER_OF_ATTORNEY,1981,2.27,2.14,3.04,0.023,0.994,60,4,97.8,0.95,NIL,0,APPROVED,0
KAG-LR-102788,SETTLEMENT,2013,3.13,3.08,1.66,0.002,0.964,45,1,87.9,0.94,NIL,0,APPROVED,0
KAG-LR-102789,SALE_DEED,2019,6.39,6.04,1.33,0.013,0.978,11,3,92.8,1.06,NIL,0,APPROVED,0
KAG-LR-102790,PATTA,1985,1.34,1.28,3.43,0.005,0.99,51,5,95.7,1.0,NIL,0,APPROVED,0
KAG-LR-102791,POWER_OF_ATTORNEY,1969,0.77,0.42,45.7,0.359,0.695,-567,2,73.3,0.58,DISPUTED,0,REJECTED,1
KAG-LR-102792,PATTA,1984,0.97,1.02,1.37,0.004,0.898,47,1,92.9,1.08,DISPUTED,1,APPROVED,0
KAG-LR-102793,PATTA,1966,3.55,3.38,4.14,0.008,0.959,22,3,89.9,1.02,NIL,0,APPROVED,0
KAG-LR-102794,PATTA,1965,6.28,5.7,9.23,0.296,0.75,109,3,57.4,0.69,ACTIVE_MORTGAGE,0,PENDING,1
KAG-LR-102795,PATTA,2001,1.71,1.76,3.76,0.0,0.944,68,2,90.6,1.06,NIL,0,APPROVED,0
KAG-LR-102796,PATTA,1996,3.43,3.31,3.72,0.0,0.989,64,1,94.4,1.09,NIL,0,APPROVED,0
KAG-LR-102797,PATTA,2026,1.49,1.55,1.14,0.002,0.975,42,1,84.4,1.0,NIL,0,APPROVED,0
KAG-LR-102798,SALE_DEED,2019,0.57,0.54,1.08,0.001,0.975,42,1,92.7,0.93,NIL,0,APPROVED,0
KAG-LR-102799,SALE_DEED,1979,0.79,0.76,1.74,0.01,0.959,57,3,89.5,0.97,ACTIVE_MORTGAGE,0,APPROVED,0
KAG-LR-102800,SALE_DEED,2009,0.85,0.89,3.5,0.002,0.975,47,1,92.8,0.94,NIL,0,APPROVED,0
KAG-LR-102801,POWER_OF_ATTORNEY,1988,4.12,3.99,3.63,0.001,0.992,31,3,92.7,1.01,NIL,0,APPROVED,0
KAG-LR-102802,GIFT_DEED,1977,1.53,1.58,6.5,0.001,0.982,47,2,95.5,1.0,NIL,1,APPROVED,0
KAG-LR-102803,SALE_DEED,1977,0.42,0.47,12.36,0.368,0.67,-637,2,60.2,0.34,COURT_STAY,1,PENDING,1
KAG-LR-102804,SALE_DEED,2014,0.63,0.62,2.1,0.019,0.936,19,1,88.1,0.99,NIL,0,APPROVED,0
KAG-LR-102805,PATTA,1997,7.68,8.06,1.23,0.006,0.968,45,1,89.6,0.96,NIL,0,APPROVED,0
KAG-LR-102806,POWER_OF_ATTORNEY,2000,7.44,7.58,5.19,0.014,0.965,29,2,92.6,1.1,ACTIVE_MORTGAGE,0,APPROVED,0
KAG-LR-102807,POWER_OF_ATTORNEY,1965,2.67,2.58,3.11,0.003,0.945,46,1,93.0,1.01,NIL,0,APPROVED,0
KAG-LR-102808,SALE_DEED,1978,8.48,8.35,0.72,0.017,0.947,42,2,94.0,0.97,NIL,0,REJECTED,0
KAG-LR-102809,SALE_DEED,2015,0.82,0.85,1.32,0.015,0.977,77,2,95.2,0.97,NIL,0,APPROVED,0
KAG-LR-102810,PATTA,2011,5.65,5.98,3.42,0.04,0.987,43,3,94.9,1.11,NIL,0,APPROVED,0
KAG-LR-102811,SALE_DEED,1979,1.45,1.44,1.37,0.004,0.99,62,2,91.2,0.96,NIL,0,APPROVED,0
KAG-LR-102812,PATTA,2004,7.91,7.78,2.4,0.001,0.968,32,1,90.3,1.06,NIL,0,APPROVED,0
KAG-LR-102813,POWER_OF_ATTORNEY,1971,2.28,2.22,4.09,0.001,0.927,45,4,90.0,1.02,NIL,1,APPROVED,0
KAG-LR-102814,PATTA,2017,5.5,5.49,1.93,0.004,0.962,16,2,90.9,1.05,NIL,0,APPROVED,0
KAG-LR-102815,SALE_DEED,1981,5.03,5.32,1.56,0.001,0.967,20,3,99.5,0.89,NIL,0,APPROVED,0
KAG-LR-102816,SALE_DEED,2009,3.19,3.05,1.04,0.002,0.941,29,2,88.2,1.01,ACTIVE_MORTGAGE,0,APPROVED,0
KAG-LR-102817,PATTA,2021,5.32,5.47,1.49,0.006,0.969,36,2,99.5,1.09,NIL,0,APPROVED,0
KAG-LR-102818,PATTA,1977,4.43,4.36,4.25,0.002,0.956,38,2,89.9,1.02,ACTIVE_MORTGAGE,0,APPROVED,0
KAG-LR-102819,PATTA,1999,7.25,6.97,5.33,0.003,0.916,66,2,97.5,1.05,NIL,0,APPROVED,0
KAG-LR-102820,SETTLEMENT,2012,1.33,1.38,1.84,0.018,0.949,47,4,93.8,1.09,NIL,0,APPROVED,0
KAG-LR-102821,PATTA,2020,4.31,4.21,1.32,0.004,0.983,17,2,87.8,1.02,NIL,0,APPROVED,0
KAG-LR-102822,GIFT_DEED,2014,1.32,1.31,1.63,0.004,0.912,33,4,93.4,0.98,ACTIVE_MORTGAGE,0,APPROVED,0
KAG-LR-102823,SALE_DEED,2023,1.91,1.9,3.67,0.006,0.988,73,1,94.6,0.88,NIL,0,APPROVED,0
KAG-LR-102824,PATTA,1966,1.37,1.4,2.19,0.002,0.969,12,2,97.4,0.98,NIL,0,PENDING,0
KAG-LR-102825,PATTA,1978,9.65,10.42,8.02,0.363,0.573,889,1,53.6,0.48,ACTIVE_MORTGAGE,0,PENDING,1
KAG-LR-102826,SALE_DEED,1971,2.71,2.74,2.03,0.01,0.912,29,3,93.0,0.97,NIL,0,PENDING,0
KAG-LR-102827,SALE_DEED,1967,1.73,1.75,5.98,0.006,0.993,22,3,87.9,0.96,NIL,0,APPROVED,0
KAG-LR-102828,POWER_OF_ATTORNEY,2009,3.32,3.48,6.5,0.011,0.986,38,2,92.6,1.01,NIL,1,PENDING,0
KAG-LR-102829,SALE_DEED,1996,3.79,3.96,3.54,0.004,0.96,29,2,88.6,0.94,NIL,0,APPROVED,0
KAG-LR-102830,POWER_OF_ATTORNEY,1995,1.92,1.9,1.69,0.007,0.966,23,2,99.5,0.98,NIL,0,APPROVED,0
KAG-LR-102831,SALE_DEED,1977,2.73,2.83,5.0,0.018,0.977,49,3,95.3,1.0,ACTIVE_MORTGAGE,0,APPROVED,0
KAG-LR-102832,PATTA,1978,1.96,1.88,1.65,0.008,0.95,16,3,90.1,0.94,NIL,0,APPROVED,0
KAG-LR-102833,PATTA,1979,8.97,8.49,1.85,0.002,0.991,9,2,90.6,0.93,NIL,0,APPROVED,0
KAG-LR-102834,SALE_DEED,1996,1.51,1.52,0.4,0.006,0.96,51,2,97.8,1.12,NIL,0,APPROVED,0
KAG-LR-102835,POWER_OF_ATTORNEY,1979,2.83,2.83,0.71,0.006,0.972,32,2,93.4,1.07,NIL,0,APPROVED,0
KAG-LR-102836,PATTA,1993,0.78,0.79,2.85,0.017,0.935,61,2,97.1,0.99,NIL,1,APPROVED,0
KAG-LR-102837,SETTLEMENT,1980,3.58,4.74,32.53,0.119,0.727,2021,1,97.0,0.33,DISPUTED,1,PENDING,1
KAG-LR-102838,SALE_DEED,1976,2.26,2.33,0.55,0.004,0.966,41,1,98.0,0.92,NIL,0,APPROVED,0
KAG-LR-102839,PATTA,2021,0.31,0.31,2.58,0.013,0.872,11,5,88.8,1.08,NIL,0,APPROVED,0
KAG-LR-102840,SALE_DEED,2014,2.13,2.12,2.92,0.006,0.971,57,1,91.7,0.91,ACTIVE_MORTGAGE,0,APPROVED,0
KAG-LR-102841,SETTLEMENT,1974,6.59,6.84,1.21,0.007,0.972,40,1,94.3,1.03,NIL,0,PENDING,0
KAG-LR-102842,PATTA,1989,0.8,0.83,2.8,0.003,0.996,23,1,94.6,0.97,NIL,0,APPROVED,0
KAG-LR-102843,SALE_DEED,1980,5.47,5.12,6.42,0.13,0.587,1088,4,73.6,0.72,ACTIVE_MORTGAGE,1,PENDING,1
KAG-LR-102844,PATTA,1975,6.06,5.85,3.39,0.013,0.985,29,1,92.6,0.98,NIL,1,APPROVED,0
KAG-LR-102845,GIFT_DEED,1967,2.52,2.4,1.87,0.029,0.979,10,3,95.6,1.08,NIL,0,APPROVED,0
KAG-LR-102846,SALE_DEED,2003,3.61,3.72,0.77,0.015,0.966,31,1,88.0,1.02,NIL,0,PENDING,0
KAG-LR-102847,PATTA,2007,1.75,1.84,4.95,0.021,0.949,18,4,99.5,1.04,NIL,0,PENDING,0
KAG-LR-102848,SETTLEMENT,1965,4.11,4.35,2.61,0.002,0.992,112,2,97.8,1.06,NIL,1,APPROVED,0
KAG-LR-102849,PATTA,2025,2.35,2.41,4.74,0.009,0.906,32,2,88.7,1.08,NIL,0,APPROVED,0
KAG-LR-102850,SALE_DEED,2008,1.65,1.67,3.97,0.002,0.976,64,3,94.2,1.08,NIL,0,APPROVED,0
KAG-LR-102851,GIFT_DEED,2013,5.12,6.06,18.34,0.308,0.418,62,1,65.6,0.66,ACTIVE_MORTGAGE,0,REJECTED,1
KAG-LR-102852,SALE_DEED,2003,2.5,2.59,1.18,0.001,0.983,16,3,99.5,0.95,ACTIVE_MORTGAGE,0,APPROVED,0
KAG-LR-102853,PATTA,1981,4.81,5.27,9.6,0.302,0.565,-600,1,66.5,0.57,NIL,1,PENDING,1
KAG-LR-102854,PATTA,1968,10.76,11.09,1.93,0.005,0.945,15,2,90.7,1.0,ACTIVE_MORTGAGE,0,APPROVED,0
KAG-LR-102855,SALE_DEED,1974,5.19,5.12,0.47,0.003,0.974,31,2,97.5,0.99,NIL,0,PENDING,0
KAG-LR-102856,SETTLEMENT,1980,3.68,4.86,32.1,0.31,0.537,-573,1,54.4,0.64,DISPUTED,1,REJECTED,1
KAG-LR-102857,GIFT_DEED,2009,12.88,13.07,5.08,0.017,0.969,23,1,88.1,1.02,NIL,0,APPROVED,0
KAG-LR-102858,PATTA,2017,0.86,0.82,0.92,0.019,0.943,19,3,95.6,0.92,NIL,0,APPROVED,0
KAG-LR-102859,PATTA,2003,1.33,1.4,1.88,0.001,0.961,60,2,94.0,1.05,DISPUTED,0,PENDING,0
KAG-LR-102860,POWER_OF_ATTORNEY,1987,1.41,1.47,1.54,0.001,0.944,43,1,97.9,0.99,NIL,0,APPROVED,0
KAG-LR-102861,PATTA,1986,8.0,7.68,3.18,0.003,0.949,48,3,92.2,0.93,DISPUTED,0,APPROVED,0
KAG-LR-102862,PATTA,2001,1.02,0.92,9.45,0.381,0.563,718,3,39.0,0.54,NIL,1,PENDING,1
KAG-LR-102863,POWER_OF_ATTORNEY,2025,7.62,8.04,2.07,0.006,0.975,26,1,85.2,0.95,NIL,0,APPROVED,0
KAG-LR-102864,SALE_DEED,2022,1.62,1.82,12.36,0.269,0.602,1854,1,88.9,0.64,DISPUTED,0,PENDING,1
KAG-LR-102865,SALE_DEED,1991,3.13,3.14,4.28,0.003,0.958,25,4,93.4,0.93,NIL,0,APPROVED,0
KAG-LR-102866,PATTA,1994,14.75,14.53,0.68,0.02,0.981,33,3,90.9,1.08,NIL,0,APPROVED,0
KAG-LR-102867,POWER_OF_ATTORNEY,2019,6.89,6.73,2.13,0.017,0.965,22,3,92.6,1.03,NIL,0,REJECTED,0
KAG-LR-102868,POWER_OF_ATTORNEY,2012,3.51,3.69,6.5,0.006,0.942,30,1,93.3,1.06,NIL,0,APPROVED,0
KAG-LR-102869,SALE_DEED,1967,1.65,1.58,1.43,0.006,0.986,72,1,92.7,1.01,NIL,0,APPROVED,0
KAG-LR-102870,PATTA,1973,2.0,1.99,0.95,0.014,0.968,32,1,99.5,1.05,NIL,0,APPROVED,0
KAG-LR-102871,PATTA,1987,3.3,3.19,0.22,0.009,0.982,38,3,87.1,0.91,NIL,0,APPROVED,0
KAG-LR-102872,SALE_DEED,1996,9.14,9.44,1.66,0.018,0.977,10,2,83.9,0.98,NIL,0,APPROVED,0
KAG-LR-102873,SETTLEMENT,2013,2.91,3.08,5.92,0.305,0.534,1105,3,67.6,0.39,NIL,0,PENDING,1
KAG-LR-102874,SALE_DEED,2018,0.39,0.38,2.9,0.0,0.95,35,5,96.5,1.1,NIL,0,APPROVED,0
KAG-LR-102875,PATTA,1966,0.82,0.85,5.53,0.001,0.964,34,1,88.2,0.95,NIL,0,APPROVED,0
KAG-LR-102876,SALE_DEED,2012,0.59,0.6,3.52,0.008,0.996,32,1,97.4,1.01,NIL,0,APPROVED,0
KAG-LR-102877,SALE_DEED,2000,6.1,6.13,2.63,0.009,0.99,13,2,89.7,0.95,DISPUTED,0,APPROVED,0
KAG-LR-102878,POWER_OF_ATTORNEY,2022,6.16,6.47,5.09,0.175,0.576,-648,2,93.2,0.54,DISPUTED,0,PENDING,1
KAG-LR-102879,SALE_DEED,2002,0.95,0.97,2.17,0.013,0.986,27,1,93.4,1.02,NIL,0,APPROVED,0
KAG-LR-102880,PATTA,1969,1.41,1.39,2.94,0.004,0.925,14,4,99.0,0.92,NIL,0,APPROVED,0
KAG-LR-102881,SALE_DEED,1993,1.83,1.73,1.95,0.013,0.988,94,3,99.5,1.01,NIL,0,APPROVED,0
KAG-LR-102882,PATTA,1969,2.51,2.46,4.22,0.001,0.954,47,2,97.9,0.99,ACTIVE_MORTGAGE,1,APPROVED,0
KAG-LR-102883,PATTA,1974,9.49,9.99,2.21,0.001,0.963,35,2,94.0,1.06,NIL,0,APPROVED,0
KAG-LR-102884,SALE_DEED,1990,1.04,1.02,0.47,0.009,0.975,19,4,96.6,0.95,NIL,0,APPROVED,0
KAG-LR-102885,SALE_DEED,2014,1.44,1.41,1.83,0.012,0.979,20,1,93.5,0.99,ACTIVE_MORTGAGE,1,APPROVED,0
KAG-LR-102886,GIFT_DEED,1994,0.72,0.71,1.45,0.009,0.933,51,1,94.9,1.03,NIL,0,APPROVED,0
KAG-LR-102887,SETTLEMENT,1977,0.9,0.85,2.59,0.002,0.925,29,1,88.4,1.06,NIL,0,APPROVED,0
KAG-LR-102888,PATTA,2011,1.72,1.75,1.33,0.001,0.97,36,1,91.6,0.94,DISPUTED,0,APPROVED,0
KAG-LR-102889,POWER_OF_ATTORNEY,1977,1.03,1.05,0.57,0.003,0.978,18,4,86.5,1.06,NIL,0,APPROVED,0
KAG-LR-102890,SETTLEMENT,1965,2.2,2.13,1.32,0.014,0.988,26,1,83.8,0.9,NIL,0,APPROVED,0
KAG-LR-102891,PATTA,1981,9.57,9.11,3.65,0.002,0.947,11,1,88.5,0.89,NIL,0,APPROVED,0
KAG-LR-102892,SALE_DEED,2012,1.4,1.33,5.05,0.372,0.485,-565,3,70.7,0.37,NIL,1,APPROVED,1
KAG-LR-102893,SALE_DEED,1990,5.88,5.6,1.69,0.019,0.993,29,2,87.4,1.03,NIL,0,APPROVED,0
KAG-LR-102894,PATTA,2006,1.29,1.28,3.2,0.006,0.948,24,4,81.6,1.01,NIL,0,APPROVED,0
KAG-LR-102895,SALE_DEED,1994,2.76,2.62,3.66,0.011,0.967,23,2,93.1,0.99,NIL,0,APPROVED,0
KAG-LR-102896,PATTA,1990,2.47,2.46,1.61,0.012,0.964,34,1,92.3,1.01,COURT_STAY,1,APPROVED,0
KAG-LR-102897,SALE_DEED,2023,1.24,1.25,2.55,0.014,0.999,46,4,96.5,0.93,NIL,0,APPROVED,0
KAG-LR-102898,SALE_DEED,1988,0.78,0.82,1.46,0.015,0.971,21,3,93.2,1.04,NIL,0,APPROVED,0
KAG-LR-102899,PATTA,1998,2.02,2.08,6.44,0.007,0.984,24,4,92.6,1.04,DISPUTED,0,APPROVED,0
KAG-LR-102900,PATTA,1977,1.27,1.36,6.84,0.183,0.598,299,1,84.1,0.67,ACTIVE_MORTGAGE,1,REJECTED,1
KAG-LR-102901,POWER_OF_ATTORNEY,1988,6.39,6.12,1.6,0.008,0.93,32,1,96.2,1.04,NIL,0,APPROVED,0
KAG-LR-102902,POWER_OF_ATTORNEY,1983,2.95,3.12,5.69,0.224,0.675,1497,4,74.8,0.56,DISPUTED,1,PENDING,1
KAG-LR-102903,SALE_DEED,1987,8.95,8.62,0.96,0.001,0.964,22,1,96.7,0.99,NIL,0,APPROVED,0
KAG-LR-102904,PATTA,1980,5.17,5.07,2.88,0.001,0.974,21,2,87.1,1.07,NIL,0,APPROVED,0
KAG-LR-102905,PATTA,2017,0.79,0.78,3.36,0.0,0.989,31,1,93.2,0.97,NIL,0,APPROVED,0
KAG-LR-102906,PATTA,2023,1.38,1.36,2.35,0.0,0.971,19,1,97.1,0.93,NIL,0,APPROVED,0
KAG-LR-102907,PATTA,1995,1.08,1.16,7.44,0.278,0.494,164,3,77.2,0.38,NIL,1,REJECTED,1
KAG-LR-102908,PATTA,1981,2.67,2.21,17.38,0.392,0.554,2376,2,74.8,0.48,NIL,1,REJECTED,1
KAG-LR-102909,SALE_DEED,1989,0.67,0.63,1.73,0.012,0.972,43,1,92.2,1.0,NIL,0,APPROVED,0
KAG-LR-102910,SALE_DEED,2012,1.88,1.87,2.33,0.015,0.987,45,2,96.4,0.96,NIL,0,APPROVED,0
KAG-LR-102911,SALE_DEED,1972,0.61,0.61,3.69,0.006,0.965,23,2,91.9,0.89,NIL,0,APPROVED,0
KAG-LR-102912,PATTA,2025,2.33,2.38,2.45,0.005,0.987,48,2,89.9,0.99,NIL,0,APPROVED,0
KAG-LR-102913,SALE_DEED,1978,6.81,6.82,1.21,0.034,0.992,56,4,85.2,1.04,COURT_STAY,0,APPROVED,0
KAG-LR-102914,POWER_OF_ATTORNEY,1983,0.53,0.55,6.2,0.002,0.919,71,1,88.5,0.99,NIL,0,APPROVED,0
KAG-LR-102915,PATTA,2019,1.6,1.45,9.26,0.122,0.57,-658,3,65.7,0.44,DISPUTED,0,APPROVED,1
KAG-LR-102916,SALE_DEED,1970,7.02,6.89,6.5,0.014,0.963,74,2,91.9,1.07,NIL,0,APPROVED,0
KAG-LR-102917,PATTA,1995,3.48,3.67,1.58,0.019,0.991,31,1,98.1,0.98,NIL,0,APPROVED,0
KAG-LR-102918,SALE_DEED,2012,0.72,0.76,6.21,0.012,0.947,53,3,90.3,1.03,NIL,0,APPROVED,0
KAG-LR-102919,PATTA,1986,4.02,4.23,1.78,0.002,0.95,45,2,85.1,0.99,NIL,0,APPROVED,0
KAG-LR-102920,GIFT_DEED,2010,0.92,0.8,13.49,0.302,0.532,507,2,66.7,0.29,ACTIVE_MORTGAGE,0,APPROVED,1
KAG-LR-102921,SALE_DEED,1980,3.53,3.49,0.95,0.004,0.996,9,3,97.1,0.92,NIL,0,APPROVED,0
KAG-LR-102922,SALE_DEED,2016,4.23,4.47,1.94,0.003,0.938,24,2,83.1,1.01,NIL,0,APPROVED,0
KAG-LR-102923,POWER_OF_ATTORNEY,2026,1.48,1.47,2.15,0.005,0.949,42,1,83.5,1.02,NIL,0,APPROVED,0
KAG-LR-102924,PATTA,2008,8.23,8.75,6.27,0.351,0.44,1548,4,80.2,0.31,ACTIVE_MORTGAGE,1,PENDING,1
KAG-LR-102925,PATTA,1996,2.85,2.74,4.8,0.006,0.955,7,1,91.3,1.01,DISPUTED,0,APPROVED,0
KAG-LR-102926,POWER_OF_ATTORNEY,2025,1.48,1.45,2.46,0.02,0.962,14,1,95.6,0.97,ACTIVE_MORTGAGE,0,APPROVED,0
KAG-LR-102927,PATTA,1999,5.29,5.06,4.63,0.009,0.981,72,2,98.0,1.1,NIL,0,APPROVED,0
KAG-LR-102928,SALE_DEED,1975,3.97,3.97,5.58,0.006,0.976,29,1,93.8,0.97,NIL,0,APPROVED,0
KAG-LR-102929,PATTA,2006,8.03,7.75,0.62,0.01,0.961,36,1,94.9,1.01,NIL,0,APPROVED,0
KAG-LR-102930,SALE_DEED,1981,2.2,2.18,5.09,0.001,0.973,59,1,95.0,1.03,NIL,0,APPROVED,0
KAG-LR-102931,PATTA,1971,6.76,7.1,4.48,0.005,0.952,49,2,97.2,1.13,NIL,0,PENDING,0
KAG-LR-102932,SALE_DEED,1998,7.31,7.21,1.38,0.004,0.975,20,4,88.8,1.0,NIL,0,APPROVED,0
KAG-LR-102933,SETTLEMENT,1970,0.82,0.97,18.75,0.223,0.569,754,1,68.8,0.4,DISPUTED,1,APPROVED,1
KAG-LR-102934,PATTA,2014,13.21,13.12,2.58,0.01,0.966,53,1,92.7,0.86,NIL,0,APPROVED,0
KAG-LR-102935,SALE_DEED,2008,1.22,1.22,1.4,0.0,0.986,33,4,95.3,0.93,NIL,0,APPROVED,0
KAG-LR-102936,PATTA,1977,1.7,1.67,6.5,0.003,0.985,52,3,99.5,0.97,NIL,1,APPROVED,0
KAG-LR-102937,SETTLEMENT,2023,4.03,4.07,2.39,0.001,0.983,35,4,96.0,0.93,DISPUTED,0,APPROVED,0
KAG-LR-102938,PATTA,1972,0.69,0.69,2.83,0.003,0.925,33,2,88.6,1.12,NIL,0,APPROVED,0
KAG-LR-102939,PATTA,2010,5.58,5.57,1.57,0.003,0.975,64,1,88.4,1.04,NIL,0,APPROVED,0
KAG-LR-102940,PATTA,2024,1.39,1.32,1.51,0.004,0.967,44,2,86.2,0.95,NIL,0,APPROVED,0
KAG-LR-102941,SETTLEMENT,1978,0.76,0.83,8.99,0.168,0.547,82,1,68.9,0.77,ACTIVE_MORTGAGE,1,PENDING,1
KAG-LR-102942,SALE_DEED,2008,1.42,1.41,3.29,0.001,0.951,23,3,94.2,0.96,NIL,0,APPROVED,0
KAG-LR-102943,PATTA,2018,4.51,4.26,3.54,0.035,0.984,51,2,86.1,1.04,ACTIVE_MORTGAGE,0,APPROVED,0
KAG-LR-102944,PATTA,2022,0.94,0.68,27.15,0.343,0.703,2020,1,86.1,0.49,DISPUTED,0,REJECTED,1
KAG-LR-102945,PATTA,1977,1.28,1.22,0.27,0.009,0.997,29,2,90.0,0.98,NIL,0,APPROVED,0
KAG-LR-102946,SETTLEMENT,2016,2.56,2.44,2.37,0.003,0.972,28,2,92.1,0.92,NIL,0,APPROVED,0
KAG-LR-102947,PATTA,2002,7.92,7.46,2.8,0.017,0.996,18,1,94.9,1.01,NIL,0,APPROVED,0
KAG-LR-102948,SALE_DEED,2022,2.14,2.48,15.82,0.348,0.675,113,5,55.9,0.29,NIL,1,PENDING,1
KAG-LR-102949,PATTA,1971,2.38,2.28,0.34,0.011,0.985,71,4,98.3,1.0,ACTIVE_MORTGAGE,1,APPROVED,0
KAG-LR-102950,SALE_DEED,2001,0.49,0.42,14.47,0.275,0.539,639,3,97.0,0.28,DISPUTED,1,PENDING,1
KAG-LR-102951,POWER_OF_ATTORNEY,1978,4.63,4.28,7.6,0.277,0.519,-542,2,61.1,0.43,NIL,0,REJECTED,1
KAG-LR-102952,PATTA,1981,0.84,0.87,1.2,0.005,0.951,17,3,92.5,0.95,COURT_STAY,0,PENDING,0
KAG-LR-102953,SETTLEMENT,2011,0.7,0.73,6.5,0.006,0.946,22,2,96.2,1.06,NIL,0,APPROVED,0
KAG-LR-102954,SALE_DEED,1969,0.96,0.82,14.07,0.213,0.449,380,1,88.8,0.3,COURT_STAY,1,REJECTED,1
KAG-LR-102955,SETTLEMENT,2005,3.1,2.93,2.39,0.029,0.963,31,3,94.7,1.04,NIL,0,PENDING,0
KAG-LR-102956,PATTA,1986,3.53,3.73,1.16,0.004,0.945,24,4,95.3,1.02,NIL,0,PENDING,0
KAG-LR-102957,SALE_DEED,1973,2.28,2.28,1.57,0.001,0.978,56,3,96.7,0.99,ACTIVE_MORTGAGE,0,APPROVED,0
KAG-LR-102958,SALE_DEED,2022,2.87,2.86,4.23,0.015,0.982,72,2,91.0,0.98,NIL,0,APPROVED,0
KAG-LR-102959,PATTA,1999,5.83,6.18,1.08,0.034,0.975,55,1,98.2,0.92,NIL,0,APPROVED,0
KAG-LR-102960,POWER_OF_ATTORNEY,2021,1.67,1.58,4.07,0.008,0.95,12,2,93.7,0.98,ACTIVE_MORTGAGE,0,APPROVED,0
KAG-LR-102961,PATTA,1977,10.2,10.31,3.43,0.008,0.989,19,1,81.5,0.92,NIL,0,APPROVED,0
KAG-LR-102962,PATTA,1971,3.68,3.77,1.47,0.009,0.964,34,3,96.1,1.03,NIL,0,APPROVED,0
KAG-LR-102963,SALE_DEED,2006,1.99,2.24,12.36,0.467,0.411,-29,3,77.5,0.36,DISPUTED,0,PENDING,1
KAG-LR-102964,GIFT_DEED,1975,0.93,1.11,18.87,0.538,0.718,1872,1,57.4,0.77,ACTIVE_MORTGAGE,1,APPROVED,1
KAG-LR-102965,SETTLEMENT,1981,6.21,6.36,1.12,0.002,0.93,44,1,96.5,1.04,NIL,0,APPROVED,0
KAG-LR-102966,PATTA,2025,1.32,1.29,0.53,0.014,0.995,23,1,88.6,0.97,NIL,0,APPROVED,0
KAG-LR-102967,PATTA,1974,1.04,1.02,6.5,0.007,0.967,39,2,86.8,1.06,NIL,0,APPROVED,0
KAG-LR-102968,SALE_DEED,1969,1.55,1.89,21.71,0.122,0.422,121,2,89.5,0.54,COURT_STAY,1,APPROVED,1
KAG-LR-102969,PATTA,2005,5.12,5.22,5.66,0.008,0.952,51,2,89.3,0.88,ACTIVE_MORTGAGE,0,APPROVED,0
KAG-LR-102970,SALE_DEED,1971,0.52,0.52,3.94,0.003,0.924,18,2,96.2,0.97,NIL,0,APPROVED,0
KAG-LR-102971,SETTLEMENT,1977,2.51,2.62,6.09,0.002,0.987,27,1,96.9,0.96,NIL,0,APPROVED,0
KAG-LR-102972,SETTLEMENT,1977,0.38,0.36,2.49,0.002,0.966,26,2,96.4,0.98,NIL,0,APPROVED,0
KAG-LR-102973,PATTA,2004,15.78,15.72,1.05,0.017,0.947,43,3,89.3,1.03,NIL,0,APPROVED,0
KAG-LR-102974,SALE_DEED,1983,0.58,0.61,3.83,0.007,0.964,31,2,92.5,1.05,NIL,0,APPROVED,0
KAG-LR-102975,PATTA,1997,4.82,4.87,2.49,0.007,0.979,27,4,97.1,1.13,NIL,0,APPROVED,0
KAG-LR-102976,GIFT_DEED,1983,3.16,3.25,0.84,0.012,0.983,15,1,90.7,1.0,NIL,0,PENDING,0
KAG-LR-102977,POWER_OF_ATTORNEY,1981,3.54,4.52,27.65,0.323,0.592,149,2,94.4,0.67,DISPUTED,0,PENDING,1
KAG-LR-102978,PATTA,2018,0.36,0.38,2.52,0.0,0.956,48,2,98.4,1.04,NIL,0,APPROVED,0
KAG-LR-102979,SALE_DEED,1998,12.37,12.09,0.69,0.032,0.935,22,4,93.8,1.06,NIL,0,APPROVED,0
KAG-LR-102980,POWER_OF_ATTORNEY,2015,0.53,0.51,0.88,0.0,0.979,19,1,90.1,0.98,NIL,0,APPROVED,0
KAG-LR-102981,SALE_DEED,1995,2.56,2.5,4.59,0.009,0.938,51,2,92.8,1.01,NIL,0,APPROVED,0
KAG-LR-102982,PATTA,1977,3.41,3.3,2.99,0.003,0.979,39,2,95.7,1.05,NIL,1,APPROVED,0
KAG-LR-102983,PATTA,1993,9.2,9.45,0.97,0.004,0.974,22,3,92.3,0.95,NIL,0,APPROVED,0
KAG-LR-102984,PATTA,2018,0.65,0.78,19.71,0.294,0.622,1455,1,95.2,0.32,ACTIVE_MORTGAGE,1,PENDING,1
KAG-LR-102985,POWER_OF_ATTORNEY,2026,5.49,5.24,2.32,0.01,0.952,26,1,92.1,1.03,NIL,0,PENDING,0
KAG-LR-102986,SETTLEMENT,2015,4.41,4.63,1.58,0.012,0.973,28,2,93.3,0.96,NIL,0,APPROVED,0
KAG-LR-102987,SALE_DEED,2020,0.85,0.84,3.41,0.003,0.911,9,1,95.1,0.95,NIL,0,APPROVED,0
KAG-LR-102988,SALE_DEED,2002,12.63,12.98,2.18,0.035,0.936,36,2,92.2,1.18,DISPUTED,0,APPROVED,0
KAG-LR-102989,SALE_DEED,1970,2.36,2.41,2.48,0.0,0.967,70,3,92.8,1.07,NIL,0,APPROVED,0
KAG-LR-102990,PATTA,1989,2.09,2.1,6.5,0.001,0.966,33,1,98.6,1.0,NIL,1,APPROVED,0
KAG-LR-102991,SALE_DEED,2022,4.9,4.69,1.81,0.001,0.991,51,3,91.4,0.92,NIL,0,APPROVED,0
KAG-LR-102992,POWER_OF_ATTORNEY,2000,9.77,10.16,2.99,0.006,0.965,23,2,85.9,0.98,NIL,0,APPROVED,0
KAG-LR-102993,POWER_OF_ATTORNEY,2009,4.51,4.06,10.06,0.172,0.528,1276,1,97.0,0.63,NIL,1,PENDING,1
KAG-LR-102994,SALE_DEED,1991,1.45,1.42,3.36,0.002,0.992,14,3,99.4,1.0,NIL,0,APPROVED,0
KAG-LR-102995,SALE_DEED,1989,7.94,8.13,3.6,0.016,0.924,27,2,90.6,1.09,NIL,0,APPROVED,0
KAG-LR-102996,PATTA,1979,0.54,0.64,17.63,0.372,0.598,-403,2,81.8,0.36,ACTIVE_MORTGAGE,1,APPROVED,1
KAG-LR-102997,PATTA,1986,3.25,3.01,7.33,0.196,0.592,1573,2,61.1,0.42,NIL,0,REJECTED,1
KAG-LR-102998,SALE_DEED,2025,1.88,1.59,15.59,0.223,0.516,347,1,57.1,0.34,ACTIVE_MORTGAGE,1,PENDING,1
KAG-LR-102999,SALE_DEED,2014,4.23,3.99,4.67,0.001,0.95,79,1,99.4,0.94,NIL,0,APPROVED,0
KAG-LR-103000,SALE_DEED,1989,0.69,0.71,1.21,0.004,0.986,29,1,86.2,0.94,NIL,0,APPROVED,0
KAG-LR-103001,SALE_DEED,2000,0.73,0.76,6.5,0.005,0.92,28,2,91.0,0.95,NIL,0,APPROVED,0
KAG-LR-103002,PATTA,2002,1.35,1.29,4.37,0.016,0.989,32,1,95.3,0.97,NIL,0,APPROVED,0
KAG-LR-103003,SETTLEMENT,1992,8.48,8.8,1.37,0.004,0.969,26,1,94.7,0.95,NIL,0,APPROVED,0
KAG-LR-103004,SALE_DEED,2004,1.57,1.64,2.33,0.014,0.991,13,1,96.0,1.01,ACTIVE_MORTGAGE,0,PENDING,0
KAG-LR-103005,SALE_DEED,2009,5.38,5.17,1.57,0.006,0.948,34,1,85.8,1.1,NIL,0,PENDING,0
KAG-LR-103006,PATTA,1997,1.79,1.83,1.5,0.007,0.985,40,5,95.1,1.04,NIL,0,APPROVED,0
KAG-LR-103007,SALE_DEED,1970,12.33,12.47,2.97,0.012,0.936,27,1,94.1,0.88,NIL,0,APPROVED,0
KAG-LR-103008,PATTA,1988,5.53,5.86,2.07,0.01,0.99,64,1,88.2,1.04,NIL,0,APPROVED,0
KAG-LR-103009,PATTA,2002,1.91,1.91,0.22,0.01,0.974,18,1,89.3,1.05,NIL,0,APPROVED,0
KAG-LR-103010,PATTA,1989,1.62,1.59,4.34,0.002,0.956,44,2,96.3,1.07,NIL,0,APPROVED,0
KAG-LR-103011,SALE_DEED,1985,0.86,0.88,4.07,0.008,0.988,26,2,99.5,0.99,NIL,0,APPROVED,0
KAG-LR-103012,PATTA,2024,3.43,3.45,3.22,0.003,0.979,42,3,90.4,1.11,NIL,0,PENDING,0
KAG-LR-103013,SALE_DEED,2010,2.55,2.49,1.9,0.002,0.948,26,1,92.1,1.04,ACTIVE_MORTGAGE,0,APPROVED,0
KAG-LR-103014,SETTLEMENT,1980,1.23,1.19,1.16,0.002,0.979,48,2,93.5,0.96,NIL,0,APPROVED,0
KAG-LR-103015,PATTA,2024,6.03,5.87,4.08,0.017,0.941,26,2,95.6,0.88,NIL,0,APPROVED,0
KAG-LR-103016,PATTA,1977,5.27,5.52,2.5,0.001,0.986,10,1,92.5,1.09,NIL,0,APPROVED,0
KAG-LR-103017,SALE_DEED,1985,3.61,3.81,2.19,0.003,0.984,32,3,90.4,0.97,NIL,0,APPROVED,0
KAG-LR-103018,SALE_DEED,2009,0.87,0.83,2.4,0.003,0.927,52,3,99.1,1.06,ACTIVE_MORTGAGE,0,APPROVED,0
KAG-LR-103019,SALE_DEED,2002,4.9,5.39,10.1,0.154,0.507,750,1,75.7,0.62,ACTIVE_MORTGAGE,1,APPROVED,1
KAG-LR-103020,POWER_OF_ATTORNEY,2006,2.89,2.84,1.7,0.002,0.941,30,1,95.0,1.01,NIL,1,APPROVED,0
KAG-LR-103021,GIFT_DEED,2016,4.06,4.21,2.82,0.002,0.951,58,1,96.4,0.98,NIL,0,APPROVED,0
KAG-LR-103022,POWER_OF_ATTORNEY,1982,0.53,0.5,0.97,0.007,0.992,42,1,92.8,1.02,ACTIVE_MORTGAGE,0,APPROVED,0
KAG-LR-103023,PATTA,1982,1.92,1.98,5.43,0.003,0.888,31,2,89.8,0.95,DISPUTED,0,APPROVED,0
KAG-LR-103024,SETTLEMENT,2012,5.37,5.49,6.5,0.018,0.947,28,3,99.1,0.99,NIL,1,APPROVED,0
KAG-LR-103025,PATTA,2026,2.42,2.47,6.5,0.002,0.978,17,2,93.3,0.95,NIL,0,PENDING,0
KAG-LR-103026,PATTA,2023,1.74,1.7,3.63,0.005,0.997,15,2,91.0,0.96,NIL,0,APPROVED,0
KAG-LR-103027,PATTA,2015,2.01,2.08,6.5,0.001,0.944,50,2,89.2,0.91,NIL,0,APPROVED,0
KAG-LR-103028,PATTA,2026,2.87,2.91,2.57,0.024,0.998,28,1,95.0,1.05,ACTIVE_MORTGAGE,0,APPROVED,0
KAG-LR-103029,PATTA,2021,0.54,0.55,0.66,0.012,0.943,39,2,99.5,0.95,NIL,0,APPROVED,0
KAG-LR-103030,SALE_DEED,2011,1.04,1.02,2.4,0.001,0.987,73,1,96.9,1.01,NIL,0,APPROVED,0
KAG-LR-103031,SALE_DEED,1977,2.01,1.92,3.26,0.004,0.983,30,3,96.4,0.91,NIL,0,PENDING,0
KAG-LR-103032,SALE_DEED,1988,10.67,10.71,1.5,0.012,0.975,22,1,88.3,1.03,NIL,0,PENDING,0
KAG-LR-103033,PATTA,1965,1.89,1.84,3.56,0.0,0.983,43,1,93.3,0.95,NIL,0,APPROVED,0
KAG-LR-103034,SALE_DEED,1973,2.2,2.18,1.81,0.005,0.902,50,4,88.8,0.88,NIL,0,APPROVED,0
KAG-LR-103035,PATTA,1974,2.06,2.04,3.58,0.016,0.964,26,5,97.9,1.13,NIL,0,APPROVED,0
KAG-LR-103036,PATTA,1993,2.32,2.44,3.74,0.003,0.926,12,3,92.2,0.96,NIL,0,APPROVED,0
KAG-LR-103037,GIFT_DEED,1997,4.98,5.07,2.48,0.007,0.978,43,2,88.6,1.0,NIL,0,APPROVED,0
KAG-LR-103038,POWER_OF_ATTORNEY,2022,2.6,2.59,6.5,0.025,0.996,34,1,93.0,0.89,NIL,0,APPROVED,0
KAG-LR-103039,PATTA,1989,3.04,3.01,2.54,0.033,0.986,47,1,85.8,0.97,NIL,0,APPROVED,0
KAG-LR-103040,PATTA,1989,1.41,1.45,1.28,0.003,0.98,34,1,93.3,1.05,ACTIVE_MORTGAGE,1,APPROVED,0
KAG-LR-103041,PATTA,2021,0.58,0.57,1.74,0.007,0.982,76,2,91.5,1.0,ACTIVE_MORTGAGE,0,APPROVED,0
KAG-LR-103042,PATTA,1988,3.92,3.99,2.18,0.008,0.993,28,4,93.8,0.98,NIL,0,APPROVED,0
KAG-LR-103043,PATTA,2012,0.63,0.62,4.73,0.0,0.979,71,1,92.4,0.94,NIL,0,PENDING,0
KAG-LR-103044,POWER_OF_ATTORNEY,1993,4.64,5.14,10.79,0.485,0.606,836,1,57.6,0.36,NIL,1,APPROVED,1
KAG-LR-103045,PATTA,2023,4.94,5.14,4.66,0.0,0.937,68,4,97.3,0.95,NIL,0,APPROVED,0
KAG-LR-103046,PATTA,1987,0.66,0.65,1.18,0.007,0.945,83,1,88.1,0.99,ACTIVE_MORTGAGE,0,APPROVED,0
KAG-LR-103047,GIFT_DEED,2007,1.19,1.15,5.5,0.001,0.958,23,1,91.6,0.95,NIL,0,APPROVED,0
KAG-LR-103048,POWER_OF_ATTORNEY,1983,1.97,2.07,1.25,0.0,0.992,48,1,92.4,1.02,NIL,0,REJECTED,0
KAG-LR-103049,PATTA,2004,10.15,10.5,3.41,0.0,0.956,76,1,92.5,1.0,NIL,0,APPROVED,0
KAG-LR-103050,PATTA,1967,1.76,1.76,1.09,0.009,0.985,13,1,95.5,0.99,NIL,0,APPROVED,0
KAG-LR-103051,SALE_DEED,2015,1.75,1.65,2.4,0.01,0.978,53,2,96.9,1.06,NIL,1,APPROVED,0
KAG-LR-103052,SALE_DEED,1967,3.45,3.47,0.99,0.002,0.967,19,2,88.8,1.0,NIL,0,APPROVED,0
KAG-LR-103053,SALE_DEED,1979,0.31,0.3,2.41,0.006,0.971,43,1,93.2,1.07,NIL,0,PENDING,0
KAG-LR-103054,SALE_DEED,1967,3.35,3.37,1.52,0.016,0.994,34,1,89.9,0.97,NIL,0,APPROVED,0
KAG-LR-103055,PATTA,2004,2.08,2.05,1.71,0.004,0.996,26,4,88.4,0.97,ACTIVE_MORTGAGE,0,APPROVED,0
KAG-LR-103056,SALE_DEED,1965,11.6,10.92,3.5,0.009,0.977,28,1,91.7,0.93,NIL,0,APPROVED,0
KAG-LR-103057,SALE_DEED,2014,0.66,0.66,2.53,0.0,0.892,18,2,96.9,1.01,NIL,1,APPROVED,0
KAG-LR-103058,PATTA,1983,3.4,3.35,4.72,0.005,0.973,45,1,85.0,0.99,NIL,0,APPROVED,0
KAG-LR-103059,SETTLEMENT,1999,3.91,3.8,6.5,0.026,0.994,16,2,92.2,1.11,ACTIVE_MORTGAGE,0,APPROVED,0
KAG-LR-103060,PATTA,1993,2.53,2.43,1.93,0.008,0.986,28,1,97.0,0.97,ACTIVE_MORTGAGE,0,APPROVED,0
KAG-LR-103061,POWER_OF_ATTORNEY,2009,2.16,2.07,3.8,0.013,0.938,58,4,90.1,1.02,NIL,0,APPROVED,0
KAG-LR-103062,SALE_DEED,2019,2.2,2.33,2.33,0.002,0.988,35,1,92.7,0.97,COURT_STAY,0,PENDING,0
KAG-LR-103063,SALE_DEED,2005,2.18,2.21,4.09,0.01,0.945,40,3,94.7,1.04,ACTIVE_MORTGAGE,0,APPROVED,0
KAG-LR-103064,PATTA,1994,0.46,0.44,2.24,0.005,0.964,17,1,84.0,0.95,NIL,0,APPROVED,0
KAG-LR-103065,PATTA,1967,1.04,1.01,1.79,0.004,0.957,39,3,92.0,0.82,ACTIVE_MORTGAGE,0,APPROVED,0
KAG-LR-103066,PATTA,1992,0.64,0.23,64.44,0.527,0.667,-685,1,68.3,0.27,COURT_STAY,1,APPROVED,1
KAG-LR-103067,PATTA,1974,1.73,1.81,0.41,0.007,0.993,13,1,93.7,0.92,NIL,0,PENDING,0
KAG-LR-103068,SALE_DEED,2002,4.06,3.57,12.09,0.466,0.564,2191,3,58.9,0.25,COURT_STAY,1,PENDING,1
KAG-LR-103069,SALE_DEED,1997,1.0,1.07,6.9,0.489,0.657,166,1,97.0,0.44,ACTIVE_MORTGAGE,0,REJECTED,1
KAG-LR-103070,PATTA,2010,0.53,0.54,1.75,0.036,0.997,19,2,94.6,1.06,NIL,0,APPROVED,0
KAG-LR-103071,SALE_DEED,1989,0.81,0.8,6.5,0.001,0.941,67,2,93.4,0.97,NIL,0,APPROVED,0
KAG-LR-103072,PATTA,1969,0.83,0.83,1.55,0.0,0.948,27,3,98.4,1.02,NIL,0,APPROVED,0
KAG-LR-103073,SALE_DEED,2017,0.42,0.43,2.44,0.009,0.983,75,2,99.5,1.01,NIL,0,APPROVED,0
KAG-LR-103074,SETTLEMENT,1991,10.18,9.92,0.97,0.0,0.924,75,3,97.4,0.9,COURT_STAY,0,APPROVED,0
KAG-LR-103075,SALE_DEED,2020,4.71,6.19,31.34,0.58,0.514,93,2,77.8,0.73,DISPUTED,1,PENDING,1
KAG-LR-103076,SALE_DEED,1997,4.18,3.38,19.11,0.294,0.605,-448,1,74.3,0.74,NIL,1,REJECTED,1
KAG-LR-103077,SALE_DEED,1984,1.88,1.92,5.89,0.001,0.989,35,1,88.2,1.17,NIL,0,APPROVED,0
KAG-LR-103078,SALE_DEED,1976,8.26,7.86,0.34,0.001,0.968,33,1,93.9,0.93,COURT_STAY,0,APPROVED,0
KAG-LR-103079,SALE_DEED,1994,2.75,2.87,3.11,0.014,0.981,69,1,88.4,1.06,ACTIVE_MORTGAGE,0,APPROVED,0
KAG-LR-103080,SETTLEMENT,1985,4.81,5.05,6.43,0.007,0.941,31,1,88.6,0.99,NIL,0,APPROVED,0
KAG-LR-103081,SETTLEMENT,1995,1.22,1.29,2.89,0.016,0.998,47,1,93.4,1.07,NIL,0,APPROVED,0
KAG-LR-103082,POWER_OF_ATTORNEY,1972,6.94,6.86,2.28,0.006,0.988,19,3,95.8,1.0,NIL,0,APPROVED,0
KAG-LR-103083,SALE_DEED,1987,11.36,11.2,5.84,0.009,0.964,36,1,93.5,0.94,NIL,0,APPROVED,0
KAG-LR-103084,SALE_DEED,1977,0.97,0.98,1.57,0.0,0.925,32,2,90.9,1.1,NIL,0,APPROVED,0
KAG-LR-103085,SALE_DEED,1983,3.43,3.53,6.5,0.003,0.952,43,3,96.6,1.04,DISPUTED,0,APPROVED,0
KAG-LR-103086,SETTLEMENT,2018,1.01,1.02,2.15,0.008,0.907,10,1,93.4,0.98,NIL,0,APPROVED,0
KAG-LR-103087,SALE_DEED,1994,1.57,1.54,1.94,0.001,0.99,19,3,91.6,0.91,NIL,0,APPROVED,0
KAG-LR-103088,PATTA,2017,1.02,0.99,2.81,0.003,0.99,47,2,93.0,1.07,NIL,0,APPROVED,0
KAG-LR-103089,PATTA,2026,2.03,2.0,3.43,0.007,0.976,38,3,91.8,1.02,ACTIVE_MORTGAGE,0,APPROVED,0
KAG-LR-103090,PATTA,1978,1.23,0.9,26.62,0.402,0.622,129,3,61.7,0.73,DISPUTED,1,APPROVED,1
KAG-LR-103091,POWER_OF_ATTORNEY,2015,6.94,7.17,4.48,0.001,0.949,18,2,95.7,1.1,NIL,0,APPROVED,0
KAG-LR-103092,GIFT_DEED,2017,2.31,2.22,1.17,0.008,0.978,48,1,99.5,0.96,NIL,0,APPROVED,0
KAG-LR-103093,SALE_DEED,1979,6.21,5.86,1.43,0.017,0.976,19,4,87.7,1.03,NIL,0,APPROVED,0
KAG-LR-103094,SETTLEMENT,1978,1.24,1.26,0.98,0.007,0.944,28,3,97.2,1.03,NIL,0,PENDING,0
KAG-LR-103095,PATTA,1981,4.08,4.31,4.84,0.004,0.961,29,1,95.7,1.05,COURT_STAY,0,APPROVED,0
KAG-LR-103096,SALE_DEED,2017,6.97,7.07,2.92,0.018,0.985,54,1,95.9,1.06,NIL,0,APPROVED,0
KAG-LR-103097,PATTA,1991,1.64,1.68,2.23,0.01,0.989,43,3,90.3,1.01,NIL,0,APPROVED,0
KAG-LR-103098,PATTA,1980,0.95,0.99,4.4,0.001,0.972,15,1,92.3,1.12,NIL,0,APPROVED,0
KAG-LR-103099,PATTA,1998,9.9,10.16,3.4,0.012,0.992,19,3,89.2,1.04,NIL,0,APPROVED,0
KAG-LR-103100,PATTA,2006,5.23,4.93,6.21,0.006,0.968,14,1,86.8,1.01,NIL,0,APPROVED,0
KAG-LR-103101,GIFT_DEED,1965,2.36,2.26,2.82,0.024,0.946,16,1,90.1,0.87,NIL,0,APPROVED,0
KAG-LR-103102,SALE_DEED,2008,5.12,5.11,4.73,0.002,0.995,20,1,91.3,0.91,NIL,0,APPROVED,0
KAG-LR-103103,SETTLEMENT,2024,3.1,3.12,1.46,0.003,0.989,16,3,97.5,1.08,NIL,0,APPROVED,0
KAG-LR-103104,SETTLEMENT,1966,4.91,4.75,2.65,0.017,0.96,41,1,96.6,1.04,NIL,0,APPROVED,0
KAG-LR-103105,PATTA,2000,0.76,0.8,5.41,0.312,0.582,2410,1,76.6,0.57,ACTIVE_MORTGAGE,0,PENDING,1
KAG-LR-103106,SALE_DEED,1981,0.95,0.95,2.67,0.036,0.963,37,3,96.3,0.99,ACTIVE_MORTGAGE,0,APPROVED,0
KAG-LR-103107,SETTLEMENT,1980,8.79,10.22,16.32,0.191,0.55,629,3,63.5,0.36,COURT_STAY,0,PENDING,1
KAG-LR-103108,SALE_DEED,2026,11.64,11.43,4.01,0.007,0.99,15,2,94.8,0.93,NIL,1,APPROVED,0
KAG-LR-103109,PATTA,2002,0.97,0.87,10.73,0.62,0.574,173,1,89.5,0.47,ACTIVE_MORTGAGE,1,APPROVED,1
KAG-LR-103110,PATTA,2010,6.72,5.89,12.39,0.291,0.624,995,1,45.8,0.29,ACTIVE_MORTGAGE,1,APPROVED,1
KAG-LR-103111,PATTA,1982,1.06,1.04,5.92,0.009,0.965,72,3,99.5,0.95,NIL,0,APPROVED,0
KAG-LR-103112,GIFT_DEED,2007,1.3,1.26,1.15,0.004,0.998,41,1,89.7,1.0,ACTIVE_MORTGAGE,0,APPROVED,0
KAG-LR-103113,PATTA,1973,0.82,0.8,1.37,0.005,0.995,62,1,92.8,1.07,NIL,0,APPROVED,0
KAG-LR-103114,PATTA,1970,0.52,0.51,2.25,0.004,0.946,22,2,91.8,0.98,NIL,0,REJECTED,0
KAG-LR-103115,PATTA,2024,0.67,0.67,5.04,0.001,0.968,42,3,94.8,1.0,NIL,0,APPROVED,0
KAG-LR-103116,PATTA,1969,2.4,2.49,1.17,0.036,0.979,18,2,96.4,0.96,NIL,0,APPROVED,0
KAG-LR-103117,PATTA,2005,4.15,3.24,21.99,0.119,0.588,787,1,52.6,0.69,ACTIVE_MORTGAGE,1,APPROVED,1
KAG-LR-103118,PATTA,2002,0.38,0.38,0.95,0.0,0.995,12,3,88.1,0.98,NIL,0,PENDING,0
KAG-LR-103119,SALE_DEED,1991,5.67,5.6,2.19,0.01,0.976,34,1,91.3,0.8,NIL,0,APPROVED,0
KAG-LR-103120,PATTA,2008,0.54,0.56,2.92,0.018,0.945,25,3,91.1,1.01,NIL,0,APPROVED,0
KAG-LR-103121,SALE_DEED,2020,5.85,6.42,9.66,0.113,0.724,2478,4,83.3,0.74,ACTIVE_MORTGAGE,1,APPROVED,1
KAG-LR-103122,POWER_OF_ATTORNEY,1995,9.44,8.92,6.5,0.004,0.984,47,1,98.1,0.96,NIL,0,APPROVED,0
KAG-LR-103123,PATTA,1988,2.94,2.87,1.77,0.002,0.96,23,1,94.8,0.89,NIL,0,REJECTED,0
KAG-LR-103124,SALE_DEED,1965,4.9,5.09,3.59,0.005,0.949,42,2,87.5,1.08,ACTIVE_MORTGAGE,0,APPROVED,0
KAG-LR-103125,PATTA,2020,6.28,6.73,7.16,0.316,0.62,-380,1,97.0,0.47,NIL,0,REJECTED,1
KAG-LR-103126,SETTLEMENT,2009,1.75,2.14,22.55,0.401,0.535,1506,1,70.1,0.75,DISPUTED,0,REJECTED,1
KAG-LR-103127,SALE_DEED,1980,0.33,0.33,1.86,0.007,0.955,61,3,96.5,1.04,NIL,0,APPROVED,0
KAG-LR-103128,PATTA,2008,2.27,2.24,2.97,0.003,0.949,22,4,95.1,1.02,DISPUTED,1,APPROVED,0
KAG-LR-103129,PATTA,1984,1.79,1.89,1.44,0.004,0.927,17,3,90.5,0.93,NIL,0,APPROVED,0
KAG-LR-103130,SETTLEMENT,1973,2.13,1.6,24.83,0.485,0.567,1358,3,84.9,0.27,COURT_STAY,1,PENDING,1
KAG-LR-103131,SALE_DEED,1975,1.8,1.9,5.75,0.001,0.989,53,3,95.3,1.0,NIL,1,APPROVED,0
KAG-LR-103132,SETTLEMENT,1969,2.84,2.71,3.08,0.002,0.988,32,4,94.2,0.93,NIL,0,APPROVED,0
KAG-LR-103133,SALE_DEED,2013,2.85,2.73,6.5,0.003,0.985,44,3,89.0,0.99,NIL,0,APPROVED,0
KAG-LR-103134,SALE_DEED,2017,1.66,1.68,0.93,0.001,0.993,38,2,93.7,0.96,NIL,0,APPROVED,0
KAG-LR-103135,SALE_DEED,1979,0.86,0.82,0.99,0.032,0.966,16,1,90.6,0.92,ACTIVE_MORTGAGE,0,APPROVED,0
KAG-LR-103136,POWER_OF_ATTORNEY,1979,4.45,4.56,1.53,0.007,0.972,35,1,89.1,1.05,NIL,0,APPROVED,0
KAG-LR-103137,PATTA,2002,1.79,1.78,3.75,0.001,0.997,48,3,90.4,0.98,NIL,0,APPROVED,0
KAG-LR-103138,PATTA,2010,3.0,3.05,1.04,0.011,0.972,9,2,99.5,0.93,NIL,0,APPROVED,0
KAG-LR-103139,GIFT_DEED,1977,10.04,10.58,1.99,0.014,0.978,25,1,98.8,1.01,NIL,1,APPROVED,0
KAG-LR-103140,SETTLEMENT,2000,0.59,0.58,2.1,0.005,0.973,36,1,93.9,1.07,ACTIVE_MORTGAGE,0,APPROVED,0
KAG-LR-103141,GIFT_DEED,1985,3.46,3.66,5.91,0.022,0.898,28,2,83.1,0.96,NIL,0,APPROVED,0
KAG-LR-103142,PATTA,2025,13.15,13.71,2.21,0.002,0.973,41,2,94.7,0.96,NIL,0,APPROVED,0
KAG-LR-103143,SETTLEMENT,1967,2.73,3.55,29.93,0.461,0.504,-655,1,46.5,0.34,DISPUTED,0,PENDING,1
KAG-LR-103144,PATTA,1969,2.33,2.34,2.76,0.008,0.983,24,1,95.3,0.97,NIL,0,APPROVED,0
KAG-LR-103145,SETTLEMENT,2021,2.79,2.76,1.41,0.003,0.998,32,5,92.7,1.0,NIL,0,APPROVED,0
KAG-LR-103146,PATTA,2023,0.53,0.53,6.5,0.008,0.971,18,1,98.9,1.04,NIL,0,APPROVED,0
KAG-LR-103147,SETTLEMENT,2015,4.06,4.3,2.34,0.004,0.983,37,2,99.5,0.91,NIL,1,APPROVED,0
KAG-LR-103148,PATTA,1982,2.8,2.66,0.75,0.032,0.964,20,1,91.4,0.97,NIL,0,APPROVED,0
KAG-LR-103149,PATTA,1974,1.55,1.14,26.13,0.102,0.539,-685,2,82.5,0.4,DISPUTED,1,REJECTED,1
KAG-LR-103150,POWER_OF_ATTORNEY,1986,1.14,1.17,0.29,0.011,0.984,25,3,98.1,0.99,NIL,0,PENDING,0
KAG-LR-103151,SALE_DEED,2001,0.49,0.57,15.93,0.566,0.653,300,1,96.1,0.42,COURT_STAY,1,REJECTED,1
KAG-LR-103152,SALE_DEED,1991,0.34,0.35,0.8,0.001,0.993,27,1,92.8,0.97,NIL,0,APPROVED,0
KAG-LR-103153,PATTA,2008,2.93,3.08,1.64,0.013,0.977,37,1,98.2,1.03,NIL,0,APPROVED,0
KAG-LR-103154,PATTA,2010,11.28,10.74,2.91,0.01,0.982,37,1,89.1,0.9,NIL,0,APPROVED,0
KAG-LR-103155,PATTA,2013,2.69,2.63,3.93,0.002,0.979,46,4,91.6,0.99,NIL,1,APPROVED,0
KAG-LR-103156,PATTA,1968,0.3,0.3,3.58,0.005,0.921,16,1,93.9,0.97,ACTIVE_MORTGAGE,0,APPROVED,0
KAG-LR-103157,PATTA,2006,1.28,1.27,1.17,0.002,0.97,72,1,93.2,1.09,NIL,0,APPROVED,0
KAG-LR-103158,POWER_OF_ATTORNEY,1968,0.83,0.85,0.9,0.002,0.95,24,3,96.4,1.02,NIL,0,APPROVED,0
KAG-LR-103159,SETTLEMENT,2000,2.05,2.44,18.95,0.264,0.444,875,1,65.5,0.74,DISPUTED,0,PENDING,1
KAG-LR-103160,PATTA,2021,0.86,0.9,4.98,0.343,0.435,2371,4,69.1,0.67,NIL,1,REJECTED,1
KAG-LR-103161,PATTA,1980,2.38,3.17,33.28,0.542,0.696,2257,1,93.2,0.74,ACTIVE_MORTGAGE,1,REJECTED,1
KAG-LR-103162,SETTLEMENT,1985,0.96,0.82,14.14,0.384,0.593,37,2,67.1,0.34,NIL,1,APPROVED,1
KAG-LR-103163,PATTA,1999,7.95,8.02,1.25,0.021,0.993,46,1,84.5,0.97,COURT_STAY,0,APPROVED,0
KAG-LR-103164,SALE_DEED,1991,2.64,2.67,0.54,0.002,0.914,65,3,93.4,0.91,NIL,0,APPROVED,0
KAG-LR-103165,PATTA,2015,3.48,3.32,6.5,0.0,0.974,12,2,93.5,1.07,NIL,0,APPROVED,0
KAG-LR-103166,SETTLEMENT,2012,3.45,3.25,1.87,0.012,0.994,36,1,92.6,1.01,NIL,0,APPROVED,0
KAG-LR-103167,SALE_DEED,1969,10.25,10.45,1.57,0.008,0.986,20,4,98.6,0.98,ACTIVE_MORTGAGE,0,PENDING,0
KAG-LR-103168,PATTA,1974,0.87,0.83,0.26,0.001,0.987,38,2,91.3,1.01,ACTIVE_MORTGAGE,0,APPROVED,0
KAG-LR-103169,PATTA,2026,0.86,0.82,1.67,0.003,0.974,40,1,99.5,1.0,NIL,0,APPROVED,0
KAG-LR-103170,SALE_DEED,2010,1.11,1.11,3.22,0.015,0.969,50,1,94.8,0.98,NIL,0,PENDING,0
KAG-LR-103171,PATTA,1965,7.29,7.28,2.47,0.008,0.93,40,4,96.6,0.87,NIL,0,APPROVED,0
KAG-LR-103172,PATTA,1993,1.88,1.98,6.5,0.008,0.938,44,4,89.0,0.98,NIL,0,APPROVED,0
KAG-LR-103173,SALE_DEED,2019,1.46,1.33,8.87,0.393,0.634,1166,4,66.6,0.37,NIL,1,APPROVED,1
KAG-LR-103174,SETTLEMENT,2000,0.62,0.57,7.52,0.438,0.716,-285,1,93.3,0.54,NIL,0,REJECTED,1
KAG-LR-103175,SALE_DEED,2015,4.24,4.23,4.39,0.003,0.969,27,1,94.5,0.92,NIL,0,APPROVED,0
KAG-LR-103176,PATTA,1990,1.55,1.5,5.54,0.008,0.946,42,3,96.1,1.01,NIL,0,APPROVED,0
KAG-LR-103177,PATTA,2015,1.2,1.24,3.17,0.002,0.948,43,1,90.4,0.96,NIL,0,APPROVED,0
KAG-LR-103178,SALE_DEED,1977,1.89,2.0,2.49,0.001,0.928,15,2,88.8,0.97,NIL,0,APPROVED,0
KAG-LR-103179,SALE_DEED,2001,3.27,3.32,0.88,0.005,0.969,28,3,92.6,0.9,NIL,0,APPROVED,0
KAG-LR-103180,SETTLEMENT,1994,1.61,1.61,5.03,0.003,0.936,12,1,95.6,0.9,NIL,0,APPROVED,0
KAG-LR-103181,PATTA,2001,2.12,2.07,1.17,0.01,0.957,58,2,91.0,0.97,NIL,0,REJECTED,0
KAG-LR-103182,POWER_OF_ATTORNEY,1987,8.26,8.31,1.7,0.027,0.932,29,1,93.3,1.04,NIL,0,APPROVED,0
KAG-LR-103183,SETTLEMENT,2019,3.87,3.88,0.93,0.01,0.971,11,2,95.2,0.98,NIL,0,APPROVED,0
KAG-LR-103184,PATTA,1967,1.1,1.11,1.7,0.013,0.929,33,3,84.4,1.0,NIL,0,APPROVED,0
KAG-LR-103185,PATTA,1971,2.9,3.04,0.49,0.005,0.915,53,3,92.1,1.08,NIL,0,APPROVED,0
KAG-LR-103186,PATTA,1966,1.61,1.52,3.78,0.012,0.98,17,1,90.7,0.94,NIL,0,APPROVED,0
KAG-LR-103187,PATTA,1987,4.91,5.02,0.74,0.002,0.995,21,3,99.3,0.96,NIL,0,APPROVED,0
KAG-LR-103188,SALE_DEED,1994,7.26,7.45,1.29,0.002,0.973,35,1,98.3,1.01,NIL,0,APPROVED,0
KAG-LR-103189,SALE_DEED,2023,11.84,11.66,2.03,0.0,0.992,29,1,85.8,0.97,NIL,0,APPROVED,0
KAG-LR-103190,PATTA,2006,0.62,0.61,2.06,0.026,0.936,35,5,91.7,1.03,NIL,0,APPROVED,0
KAG-LR-103191,SETTLEMENT,2004,10.53,11.39,8.12,0.343,0.539,1566,3,85.9,0.34,NIL,0,REJECTED,1
KAG-LR-103192,SALE_DEED,2004,5.56,5.24,2.45,0.009,0.966,10,3,83.6,0.94,NIL,0,APPROVED,0
KAG-LR-103193,SALE_DEED,2008,3.89,4.1,1.63,0.006,0.951,53,2,90.9,1.07,NIL,0,APPROVED,0
KAG-LR-103194,PATTA,1986,2.34,2.23,6.5,0.002,0.978,32,1,95.6,1.01,NIL,0,APPROVED,0
KAG-LR-103195,POWER_OF_ATTORNEY,2021,1.12,1.11,0.79,0.009,0.976,16,3,92.0,1.02,NIL,0,APPROVED,0
KAG-LR-103196,GIFT_DEED,2013,1.05,1.1,1.75,0.004,0.974,20,2,91.9,1.0,NIL,0,APPROVED,0
KAG-LR-103197,PATTA,1970,2.11,2.23,6.5,0.017,0.984,33,1,86.3,0.94,NIL,0,APPROVED,0
KAG-LR-103198,PATTA,2015,2.09,2.18,2.38,0.026,0.987,114,2,95.9,0.91,NIL,0,APPROVED,0
KAG-LR-103199,SETTLEMENT,2020,0.98,0.94,3.26,0.002,0.956,43,4,94.4,0.99,NIL,0,APPROVED,0
KAG-LR-103200,GIFT_DEED,2000,5.96,6.02,0.2,0.012,0.929,27,3,94.9,0.98,DISPUTED,0,APPROVED,0
KAG-LR-103201,PATTA,1993,1.48,1.74,17.33,0.425,0.58,1108,1,79.9,0.65,ACTIVE_MORTGAGE,1,PENDING,1
KAG-LR-103202,PATTA,1989,4.4,4.51,2.53,0.014,0.939,17,4,95.1,0.93,NIL,0,APPROVED,0
KAG-LR-103203,PATTA,2000,2.78,3.14,13.08,0.327,0.708,694,3,88.5,0.52,ACTIVE_MORTGAGE,1,PENDING,1
KAG-LR-103204,PATTA,1999,1.28,1.28,3.03,0.005,0.978,39,1,92.8,1.04,NIL,0,APPROVED,0
KAG-LR-103205,SALE_DEED,1971,4.99,4.94,0.57,0.011,0.948,17,3,86.4,1.02,NIL,0,APPROVED,0
KAG-LR-103206,SETTLEMENT,1973,1.56,1.28,17.85,0.201,0.656,-640,1,49.4,0.38,DISPUTED,0,PENDING,1
KAG-LR-103207,PATTA,1988,0.54,0.49,8.83,0.209,0.683,970,2,73.3,0.72,COURT_STAY,1,REJECTED,1
KAG-LR-103208,PATTA,1967,4.93,5.13,6.5,0.022,0.942,27,1,99.5,1.01,NIL,0,PENDING,0
KAG-LR-103209,SALE_DEED,2013,6.53,6.72,1.32,0.007,0.991,104,3,90.8,1.02,ACTIVE_MORTGAGE,0,APPROVED,0
KAG-LR-103210,POWER_OF_ATTORNEY,2004,1.63,1.72,2.51,0.003,0.943,97,4,91.2,1.0,NIL,0,APPROVED,0
KAG-LR-103211,POWER_OF_ATTORNEY,2018,2.59,2.68,6.5,0.004,0.972,23,1,98.9,0.93,NIL,0,APPROVED,0
KAG-LR-103212,PATTA,2008,11.71,12.32,3.66,0.033,0.952,22,4,94.4,1.01,NIL,0,APPROVED,0
KAG-LR-103213,SALE_DEED,2001,1.42,1.29,9.21,0.319,0.513,1005,3,84.6,0.35,NIL,1,REJECTED,1
KAG-LR-103214,PATTA,2000,5.8,5.53,1.49,0.003,0.966,15,5,88.2,0.99,NIL,0,APPROVED,0
KAG-LR-103215,PATTA,1965,4.37,4.13,1.74,0.001,0.939,52,5,95.9,1.08,NIL,0,APPROVED,0
KAG-LR-103216,PATTA,1987,6.14,5.96,2.29,0.012,0.972,22,1,86.7,1.02,NIL,0,APPROVED,0
KAG-LR-103217,PATTA,2019,1.46,1.4,2.15,0.009,0.899,42,1,87.8,0.84,COURT_STAY,0,APPROVED,0
KAG-LR-103218,POWER_OF_ATTORNEY,2017,6.49,6.18,4.73,0.345,0.601,163,2,59.4,0.73,DISPUTED,0,PENDING,1
KAG-LR-103219,PATTA,1991,3.99,4.49,12.51,0.378,0.57,-128,4,97.0,0.36,COURT_STAY,0,PENDING,1
KAG-LR-103220,PATTA,2005,0.53,0.51,1.52,0.006,0.969,43,1,96.3,1.04,DISPUTED,0,APPROVED,0
KAG-LR-103221,PATTA,1992,2.55,2.47,2.99,0.009,0.998,30,3,90.4,1.03,ACTIVE_MORTGAGE,0,APPROVED,0
KAG-LR-103222,POWER_OF_ATTORNEY,1977,1.49,1.43,2.71,0.011,0.942,15,3,94.1,1.07,NIL,0,APPROVED,0
KAG-LR-103223,SALE_DEED,1971,2.87,2.95,0.54,0.037,0.963,51,1,87.8,0.97,DISPUTED,0,APPROVED,0
KAG-LR-103224,PATTA,2019,4.19,4.16,0.82,0.0,0.996,53,2,92.9,1.0,NIL,0,APPROVED,0
KAG-LR-103225,POWER_OF_ATTORNEY,2020,2.71,2.87,3.35,0.001,0.965,20,3,95.0,0.96,NIL,0,APPROVED,0
KAG-LR-103226,SETTLEMENT,1974,1.91,1.93,1.78,0.012,0.964,50,1,93.3,0.87,NIL,0,APPROVED,0
KAG-LR-103227,PATTA,1967,1.55,1.61,1.02,0.005,0.997,20,1,88.1,0.97,NIL,0,APPROVED,0
KAG-LR-103228,PATTA,1976,3.24,3.28,1.94,0.009,0.99,26,2,96.7,0.93,NIL,0,APPROVED,0
KAG-LR-103229,SALE_DEED,1975,1.16,1.16,1.61,0.0,0.998,41,4,90.2,0.95,NIL,0,APPROVED,0
KAG-LR-103230,SETTLEMENT,1982,1.5,1.55,1.0,0.0,0.95,49,1,88.6,0.93,NIL,0,APPROVED,0
KAG-LR-103231,PATTA,1988,2.03,1.99,4.24,0.003,0.987,31,1,82.9,0.99,NIL,0,APPROVED,0
KAG-LR-103232,SETTLEMENT,1972,0.68,0.67,1.43,0.0,0.961,24,2,97.2,0.96,DISPUTED,0,APPROVED,0
KAG-LR-103233,SALE_DEED,2011,1.57,1.57,3.2,0.021,0.97,37,3,98.1,1.01,NIL,0,APPROVED,0
KAG-LR-103234,SALE_DEED,1988,1.62,1.62,3.58,0.001,0.971,23,2,90.9,1.15,ACTIVE_MORTGAGE,0,APPROVED,0
KAG-LR-103235,SALE_DEED,2003,2.27,2.4,1.09,0.007,0.991,38,1,91.4,0.99,NIL,0,APPROVED,0
KAG-LR-103236,SETTLEMENT,1990,0.5,0.48,2.81,0.002,0.943,14,1,92.4,0.93,NIL,0,APPROVED,0
KAG-LR-103237,GIFT_DEED,2005,2.61,2.5,5.52,0.017,0.984,29,2,96.4,1.03,ACTIVE_MORTGAGE,0,APPROVED,0
KAG-LR-103238,SALE_DEED,2023,5.87,6.03,2.43,0.006,0.952,15,1,92.0,0.99,ACTIVE_MORTGAGE,1,APPROVED,0
KAG-LR-103239,SETTLEMENT,2000,8.05,7.73,1.74,0.004,0.95,50,4,98.4,0.88,NIL,1,APPROVED,0
KAG-LR-103240,SALE_DEED,2012,5.98,6.25,5.63,0.005,0.998,11,1,90.2,1.1,NIL,0,REJECTED,0
KAG-LR-103241,SALE_DEED,2002,13.23,13.96,5.54,0.276,0.598,-9,1,71.0,0.4,ACTIVE_MORTGAGE,0,PENDING,1
KAG-LR-103242,PATTA,2026,0.35,0.52,47.83,0.352,0.656,80,1,78.2,0.28,DISPUTED,0,REJECTED,1
KAG-LR-103243,PATTA,1972,0.86,0.84,3.62,0.014,0.981,71,2,94.4,1.0,NIL,0,APPROVED,0
KAG-LR-103244,PATTA,1968,2.03,1.92,6.5,0.001,0.992,18,3,89.3,0.98,DISPUTED,0,APPROVED,0
KAG-LR-103245,GIFT_DEED,2023,5.78,5.9,2.24,0.002,0.957,50,4,91.5,0.97,NIL,0,APPROVED,0
KAG-LR-103246,PATTA,1983,4.49,4.42,2.44,0.001,0.985,19,2,93.7,1.04,ACTIVE_MORTGAGE,0,APPROVED,0
KAG-LR-103247,GIFT_DEED,2013,1.42,1.48,3.62,0.027,0.998,16,1,94.4,0.99,NIL,0,APPROVED,0
KAG-LR-103248,SALE_DEED,1980,0.76,0.72,0.59,0.001,0.928,36,2,88.6,1.06,NIL,0,APPROVED,0
KAG-LR-103249,PATTA,2020,6.43,6.47,1.29,0.001,0.938,31,1,86.4,0.96,NIL,0,APPROVED,0
KAG-LR-103250,POWER_OF_ATTORNEY,2026,0.7,0.74,1.39,0.002,0.951,16,1,91.3,1.05,ACTIVE_MORTGAGE,0,PENDING,0
KAG-LR-103251,POWER_OF_ATTORNEY,2007,2.17,2.16,5.65,0.007,0.93,19,3,96.0,0.99,NIL,0,APPROVED,0
KAG-LR-103252,SALE_DEED,2002,0.37,0.38,0.97,0.001,0.966,47,1,90.5,1.07,NIL,0,APPROVED,0
KAG-LR-103253,PATTA,2019,1.68,1.64,1.08,0.01,0.971,21,2,87.3,0.97,NIL,0,PENDING,0
KAG-LR-103254,SALE_DEED,1990,0.94,0.93,3.68,0.004,0.915,23,1,86.9,0.99,NIL,0,APPROVED,0
KAG-LR-103255,PATTA,2004,1.97,2.04,1.42,0.008,1.0,7,3,96.3,0.95,NIL,0,PENDING,0
KAG-LR-103256,PATTA,1981,2.06,2.03,2.59,0.001,0.969,64,2,96.3,1.02,NIL,0,APPROVED,0
KAG-LR-103257,POWER_OF_ATTORNEY,1981,0.8,0.8,4.43,0.021,0.91,19,1,91.3,1.08,NIL,0,APPROVED,0
KAG-LR-103258,SALE_DEED,1983,0.52,0.51,2.12,0.022,0.981,40,1,94.4,1.08,NIL,0,APPROVED,0
KAG-LR-103259,PATTA,2013,5.59,5.67,2.23,0.0,0.987,45,1,95.7,0.94,NIL,0,APPROVED,0
KAG-LR-103260,PATTA,2008,3.79,3.84,1.44,0.009,0.977,17,2,86.6,1.1,NIL,0,APPROVED,0
KAG-LR-103261,PATTA,2023,1.03,0.43,58.39,0.446,0.645,58,2,71.0,0.37,NIL,0,REJECTED,1
KAG-LR-103262,PATTA,2001,1.39,1.37,1.97,0.006,0.991,24,4,96.7,0.96,ACTIVE_MORTGAGE,0,APPROVED,0
KAG-LR-103263,PATTA,2022,7.05,6.68,5.27,0.389,0.538,1845,4,54.0,0.75,DISPUTED,0,PENDING,1
KAG-LR-103264,PATTA,1976,11.99,11.42,5.75,0.016,0.943,29,1,97.1,1.02,NIL,0,PENDING,0
KAG-LR-103265,SALE_DEED,1979,1.98,1.88,3.09,0.0,0.986,23,4,95.8,0.88,NIL,0,PENDING,0
KAG-LR-103266,PATTA,2024,4.5,5.02,11.66,0.416,0.506,-227,1,97.0,0.36,COURT_STAY,0,APPROVED,1
KAG-LR-103267,SETTLEMENT,1978,6.7,6.7,1.69,0.001,0.944,70,1,94.0,0.97,NIL,0,APPROVED,0
KAG-LR-103268,SALE_DEED,2025,3.52,3.52,1.05,0.002,0.991,34,1,99.5,0.97,NIL,1,APPROVED,0
KAG-LR-103269,PATTA,1998,0.59,0.55,6.88,0.24,0.559,42,1,58.7,0.32,NIL,1,PENDING,1
KAG-LR-103270,PATTA,2007,4.79,4.74,1.55,0.001,0.963,37,2,91.7,0.93,NIL,0,APPROVED,0
KAG-LR-103271,GIFT_DEED,1988,0.46,0.46,4.17,0.003,0.968,49,1,99.5,0.88,NIL,0,PENDING,0
KAG-LR-103272,SALE_DEED,1979,4.07,4.28,0.72,0.016,0.867,38,2,92.0,1.04,NIL,0,APPROVED,0
KAG-LR-103273,POWER_OF_ATTORNEY,1985,10.75,10.88,2.02,0.002,0.982,17,1,95.0,1.03,ACTIVE_MORTGAGE,0,APPROVED,0
KAG-LR-103274,SALE_DEED,1983,1.16,1.22,5.32,0.167,0.555,2289,1,52.3,0.74,ACTIVE_MORTGAGE,0,REJECTED,1
KAG-LR-103275,PATTA,1986,2.69,2.57,5.83,0.004,0.921,25,1,91.5,0.9,NIL,0,APPROVED,0
KAG-LR-103276,SETTLEMENT,2022,5.69,5.51,2.02,0.006,0.954,31,2,92.7,1.03,NIL,0,APPROVED,0
KAG-LR-103277,SALE_DEED,1972,7.79,4.84,37.81,0.223,0.522,-248,1,70.7,0.58,NIL,0,APPROVED,1
KAG-LR-103278,PATTA,1979,7.52,7.27,3.17,0.001,0.972,78,5,90.5,1.04,NIL,0,APPROVED,0
KAG-LR-103279,PATTA,1985,0.64,0.63,1.37,0.004,0.997,31,1,94.4,0.96,NIL,0,APPROVED,0
KAG-LR-103280,PATTA,1989,1.86,1.79,6.5,0.013,0.93,38,3,91.8,1.09,NIL,0,APPROVED,0
KAG-LR-103281,SALE_DEED,1982,0.41,0.4,2.66,0.005,0.982,10,2,85.1,0.98,ACTIVE_MORTGAGE,0,APPROVED,0
KAG-LR-103282,SALE_DEED,2022,2.35,2.4,2.37,0.01,0.976,33,2,89.9,1.0,NIL,0,APPROVED,0
KAG-LR-103283,POWER_OF_ATTORNEY,2000,3.89,4.23,8.62,0.361,0.541,1079,1,71.9,0.56,NIL,1,REJECTED,1
KAG-LR-103284,PATTA,2023,4.8,4.72,1.56,0.001,0.968,55,3,97.2,0.99,NIL,0,APPROVED,0
KAG-LR-103285,SALE_DEED,1987,1.37,1.31,1.64,0.008,0.953,41,1,88.3,0.92,NIL,0,APPROVED,0
KAG-LR-103286,SALE_DEED,1982,2.47,2.5,2.27,0.014,0.961,53,2,86.5,0.99,NIL,0,APPROVED,0
KAG-LR-103287,SALE_DEED,1993,2.45,2.53,0.31,0.008,0.941,8,3,91.3,0.96,NIL,0,APPROVED,0
KAG-LR-103288,SETTLEMENT,2009,1.98,2.09,2.86,0.01,0.943,63,1,91.1,1.0,ACTIVE_MORTGAGE,0,APPROVED,0
KAG-LR-103289,SALE_DEED,1978,1.89,1.94,2.79,0.0,0.999,30,1,97.9,1.1,NIL,0,APPROVED,0
KAG-LR-103290,PATTA,1980,3.75,3.75,1.1,0.004,0.977,31,1,99.5,0.97,NIL,0,APPROVED,0
KAG-LR-103291,POWER_OF_ATTORNEY,1986,2.71,2.8,2.42,0.0,0.984,19,3,81.4,0.99,NIL,0,PENDING,0
KAG-LR-103292,SALE_DEED,2016,10.1,9.79,1.48,0.002,0.993,34,2,92.6,1.02,NIL,0,APPROVED,0
KAG-LR-103293,PATTA,2022,0.69,0.71,4.15,0.018,0.966,56,1,93.8,0.93,NIL,0,APPROVED,0
KAG-LR-103294,PATTA,1977,5.39,5.28,1.95,0.005,0.953,61,2,91.0,1.05,ACTIVE_MORTGAGE,0,APPROVED,0
KAG-LR-103295,PATTA,1986,1.41,1.02,27.61,0.115,0.706,-83,2,82.5,0.43,DISPUTED,1,PENDING,1
KAG-LR-103296,PATTA,1985,1.05,1.03,2.94,0.005,0.956,53,2,89.5,0.93,NIL,0,APPROVED,0
KAG-LR-103297,SALE_DEED,1967,4.37,4.5,3.03,0.005,0.935,37,3,93.4,0.85,NIL,1,PENDING,0
KAG-LR-103298,SALE_DEED,2020,1.76,1.8,5.8,0.01,0.912,8,3,87.1,0.97,NIL,0,APPROVED,0
KAG-LR-103299,PATTA,1978,2.12,1.78,16.09,0.278,0.443,-579,2,81.5,0.5,NIL,0,REJECTED,1
KAG-LR-103300,SALE_DEED,1987,9.26,9.45,1.7,0.001,0.962,32,2,92.6,0.89,NIL,0,APPROVED,0
KAG-LR-103301,GIFT_DEED,1988,2.23,2.13,3.13,0.003,0.929,14,1,92.4,1.03,NIL,0,APPROVED,0
KAG-LR-103302,PATTA,2026,2.82,2.77,6.5,0.004,0.983,44,1,90.9,1.1,NIL,0,APPROVED,0
KAG-LR-103303,SETTLEMENT,1998,1.96,1.88,2.48,0.004,0.941,31,1,92.3,0.97,NIL,1,APPROVED,0
KAG-LR-103304,POWER_OF_ATTORNEY,1971,1.08,1.05,1.7,0.007,0.952,36,3,93.7,1.0,NIL,0,PENDING,0
KAG-LR-103305,SALE_DEED,2014,0.89,0.93,2.85,0.005,0.985,30,3,97.1,1.12,ACTIVE_MORTGAGE,0,APPROVED,0
KAG-LR-103306,POWER_OF_ATTORNEY,1996,1.97,1.91,2.86,0.005,0.96,27,3,96.4,1.04,NIL,0,APPROVED,0
KAG-LR-103307,PATTA,2009,3.34,3.45,4.58,0.002,0.984,40,2,90.5,1.06,NIL,0,APPROVED,0
KAG-LR-103308,SALE_DEED,2005,2.98,2.86,0.9,0.004,0.927,49,2,95.9,0.86,NIL,0,APPROVED,0
KAG-LR-103309,SETTLEMENT,1987,2.0,1.94,4.28,0.01,0.997,38,1,94.0,1.01,NIL,0,APPROVED,0
KAG-LR-103310,PATTA,2019,5.74,5.99,5.91,0.012,0.931,33,5,90.7,1.03,NIL,0,APPROVED,0
KAG-LR-103311,SALE_DEED,1995,10.35,9.98,5.97,0.005,0.982,42,2,89.5,1.04,NIL,0,REJECTED,0
KAG-LR-103312,PATTA,2015,0.85,0.85,1.91,0.002,0.949,17,2,93.3,0.96,NIL,0,APPROVED,0
KAG-LR-103313,SALE_DEED,2000,3.31,2.91,11.98,0.171,0.53,1886,1,70.7,0.28,ACTIVE_MORTGAGE,0,PENDING,1
KAG-LR-103314,SALE_DEED,2011,2.33,2.3,4.1,0.01,0.99,19,2,84.8,1.02,ACTIVE_MORTGAGE,0,APPROVED,0
KAG-LR-103315,SETTLEMENT,1996,3.38,3.46,0.69,0.001,0.988,15,3,88.4,0.97,NIL,0,APPROVED,0
KAG-LR-103316,POWER_OF_ATTORNEY,1982,9.51,9.83,1.1,0.002,0.946,26,1,90.5,0.98,NIL,0,APPROVED,0
KAG-LR-103317,POWER_OF_ATTORNEY,2004,7.2,7.29,1.5,0.006,0.957,21,2,93.3,0.91,NIL,0,APPROVED,0
KAG-LR-103318,SALE_DEED,1978,0.72,0.68,3.95,0.006,0.996,10,1,95.0,0.9,ACTIVE_MORTGAGE,0,APPROVED,0
KAG-LR-103319,SALE_DEED,2010,4.4,4.32,2.34,0.01,0.958,20,1,92.9,0.99,ACTIVE_MORTGAGE,0,APPROVED,0
KAG-LR-103320,SALE_DEED,1996,0.58,0.57,5.29,0.012,0.965,37,3,90.7,0.98,NIL,0,APPROVED,0
KAG-LR-103321,POWER_OF_ATTORNEY,2016,4.35,4.02,7.6,0.325,0.696,636,3,65.9,0.49,NIL,1,PENDING,1
KAG-LR-103322,SALE_DEED,1974,4.05,3.91,1.38,0.025,0.924,30,2,99.5,1.12,NIL,0,APPROVED,0
KAG-LR-103323,PATTA,1996,1.53,1.56,4.14,0.006,0.974,27,2,96.1,0.88,DISPUTED,0,APPROVED,0
KAG-LR-103324,PATTA,2017,2.26,2.29,1.77,0.0,0.95,60,2,93.7,1.04,NIL,0,APPROVED,0
KAG-LR-103325,POWER_OF_ATTORNEY,1985,1.68,1.77,1.09,0.02,0.943,60,2,91.3,1.01,NIL,0,APPROVED,0
KAG-LR-103326,SALE_DEED,2026,2.2,2.1,2.69,0.003,0.987,38,1,93.1,0.87,NIL,0,APPROVED,0
KAG-LR-103327,PATTA,2004,2.11,2.22,3.48,0.022,0.97,90,1,90.6,0.95,ACTIVE_MORTGAGE,0,APPROVED,0
KAG-LR-103328,PATTA,1975,5.6,5.37,2.45,0.003,0.966,30,3,95.1,0.94,ACTIVE_MORTGAGE,0,APPROVED,0
KAG-LR-103329,SALE_DEED,2011,1.71,1.68,3.21,0.001,0.982,67,1,90.1,0.91,COURT_STAY,0,PENDING,0
KAG-LR-103330,PATTA,2018,5.09,5.07,1.92,0.006,0.972,48,1,90.2,1.04,ACTIVE_MORTGAGE,0,APPROVED,0
KAG-LR-103331,POWER_OF_ATTORNEY,2015,1.47,1.46,1.74,0.002,0.994,49,4,92.0,0.95,ACTIVE_MORTGAGE,0,APPROVED,0
KAG-LR-103332,PATTA,2000,3.57,4.01,12.23,0.135,0.715,96,2,78.8,0.78,DISPUTED,1,PENDING,1
KAG-LR-103333,SALE_DEED,2024,3.56,3.42,0.96,0.001,0.895,52,1,95.4,1.01,ACTIVE_MORTGAGE,0,APPROVED,0
KAG-LR-103334,PATTA,2025,3.71,3.5,4.85,0.002,1.0,21,3,97.3,0.97,NIL,1,APPROVED,0
KAG-LR-103335,PATTA,2024,0.98,0.94,3.49,0.002,0.95,38,3,98.5,0.97,NIL,0,APPROVED,0
KAG-LR-103336,POWER_OF_ATTORNEY,2005,1.28,1.3,1.07,0.001,0.987,122,2,84.0,0.84,NIL,0,APPROVED,0
KAG-LR-103337,PATTA,1979,1.61,1.63,2.5,0.017,0.979,28,1,93.0,0.96,NIL,0,APPROVED,0
KAG-LR-103338,SALE_DEED,2009,6.53,6.17,3.02,0.0,0.915,56,3,90.5,0.97,ACTIVE_MORTGAGE,0,APPROVED,0
KAG-LR-103339,SALE_DEED,1983,2.98,2.5,16.05,0.163,0.702,2214,2,97.0,0.41,DISPUTED,1,REJECTED,1
KAG-LR-103340,SALE_DEED,1990,0.76,0.78,0.86,0.021,0.971,44,1,92.7,1.01,NIL,0,APPROVED,0
KAG-LR-103341,SALE_DEED,2017,11.56,12.09,4.61,0.388,0.647,1139,1,66.7,0.48,ACTIVE_MORTGAGE,0,PENDING,1
KAG-LR-103342,PATTA,2025,1.9,1.81,1.17,0.007,0.916,22,3,91.5,1.02,NIL,0,PENDING,0
KAG-LR-103343,PATTA,2014,2.36,1.58,32.85,0.28,0.534,-360,1,63.9,0.72,NIL,0,REJECTED,1
KAG-LR-103344,SALE_DEED,2024,1.6,1.55,3.77,0.011,0.914,24,1,91.6,1.03,NIL,0,APPROVED,0
KAG-LR-103345,SALE_DEED,2010,1.59,2.11,32.43,0.32,0.666,298,2,58.6,0.51,NIL,1,PENDING,1
KAG-LR-103346,PATTA,1981,0.51,0.51,1.62,0.016,0.992,38,3,96.2,0.99,NIL,0,APPROVED,0
KAG-LR-103347,PATTA,1990,4.95,4.74,4.34,0.025,0.977,39,4,91.1,1.07,NIL,0,APPROVED,0
KAG-LR-103348,PATTA,1969,6.58,6.63,6.5,0.004,0.963,20,1,93.3,1.02,NIL,0,APPROVED,0
KAG-LR-103349,PATTA,1990,1.93,2.03,5.57,0.003,0.98,23,4,90.2,0.96,NIL,0,APPROVED,0
KAG-LR-103350,PATTA,1978,2.94,2.89,2.48,0.009,0.979,34,2,91.6,1.02,DISPUTED,0,APPROVED,0
KAG-LR-103351,SALE_DEED,1966,4.21,4.45,1.58,0.015,0.96,12,1,95.3,1.06,NIL,0,REJECTED,0
KAG-LR-103352,SALE_DEED,2007,9.4,11.86,26.18,0.142,0.662,1123,2,70.6,0.44,NIL,1,REJECTED,1
KAG-LR-103353,SALE_DEED,2019,0.57,0.57,4.87,0.002,0.993,12,1,92.9,1.01,NIL,0,APPROVED,0
KAG-LR-103354,SALE_DEED,1996,8.77,9.28,1.15,0.011,0.973,5,1,97.8,1.01,NIL,0,APPROVED,0
KAG-LR-103355,PATTA,2002,2.51,2.64,3.1,0.002,0.996,23,2,94.0,0.97,NIL,0,REJECTED,0
KAG-LR-103356,SALE_DEED,2003,1.08,1.11,1.52,0.004,0.954,36,1,96.1,1.04,NIL,0,APPROVED,0
KAG-LR-103357,SALE_DEED,1998,1.5,1.35,9.76,0.149,0.56,171,3,90.2,0.71,ACTIVE_MORTGAGE,0,PENDING,1
KAG-LR-103358,SALE_DEED,2025,2.02,2.07,2.21,0.015,0.962,71,4,93.4,0.98,NIL,0,PENDING,0
KAG-LR-103359,SALE_DEED,2021,0.73,0.71,6.5,0.003,0.94,24,2,91.5,0.96,NIL,0,APPROVED,0
KAG-LR-103360,GIFT_DEED,2024,0.56,0.63,12.57,0.287,0.643,552,2,82.4,0.56,COURT_STAY,1,REJECTED,1
KAG-LR-103361,POWER_OF_ATTORNEY,1989,2.19,2.14,2.61,0.03,0.907,46,2,87.7,1.06,ACTIVE_MORTGAGE,0,APPROVED,0
KAG-LR-103362,SALE_DEED,1994,3.89,3.95,0.99,0.002,0.979,53,2,99.5,0.98,NIL,0,APPROVED,0
KAG-LR-103363,SETTLEMENT,2015,1.63,1.68,1.44,0.003,0.992,20,1,93.0,1.03,NIL,0,APPROVED,0
KAG-LR-103364,POWER_OF_ATTORNEY,1981,0.98,0.94,2.73,0.011,0.995,61,1,82.4,0.96,NIL,0,APPROVED,0
KAG-LR-103365,PATTA,1987,5.19,5.4,1.34,0.002,0.979,9,1,87.7,1.0,NIL,0,APPROVED,0
KAG-LR-103366,POWER_OF_ATTORNEY,2016,1.66,1.72,3.55,0.003,0.989,18,3,95.8,0.92,NIL,0,APPROVED,0
KAG-LR-103367,SALE_DEED,2002,5.35,5.33,6.5,0.024,0.938,47,1,98.6,1.05,NIL,0,PENDING,0
KAG-LR-103368,PATTA,1985,2.62,2.53,5.12,0.005,0.972,17,1,88.7,0.99,NIL,0,APPROVED,0
KAG-LR-103369,PATTA,2021,2.98,2.87,2.62,0.02,0.987,44,2,97.7,0.92,NIL,0,APPROVED,0
KAG-LR-103370,PATTA,2016,4.63,4.86,2.16,0.004,0.953,24,2,92.3,0.97,ACTIVE_MORTGAGE,0,APPROVED,0
KAG-LR-103371,POWER_OF_ATTORNEY,1993,3.23,3.1,0.98,0.001,0.985,46,3,89.7,1.06,NIL,0,APPROVED,0
KAG-LR-103372,PATTA,2020,0.73,0.93,27.45,0.461,0.756,-402,1,75.4,0.56,DISPUTED,0,PENDING,1
KAG-LR-103373,PATTA,2007,0.63,0.62,4.2,0.016,0.899,8,3,99.5,1.03,NIL,1,PENDING,0
KAG-LR-103374,SALE_DEED,1971,0.82,0.8,1.98,0.009,0.978,44,1,86.2,1.07,NIL,0,APPROVED,0
KAG-LR-103375,SETTLEMENT,1991,2.08,2.29,10.19,0.292,0.612,2350,1,61.8,0.55,DISPUTED,1,PENDING,1
KAG-LR-103376,SALE_DEED,2017,1.51,1.43,5.66,0.032,0.934,46,2,95.8,1.04,ACTIVE_MORTGAGE,1,APPROVED,0
KAG-LR-103377,SETTLEMENT,1991,6.23,6.59,1.87,0.002,0.968,8,1,94.0,0.97,NIL,0,APPROVED,0
KAG-LR-103378,PATTA,1976,0.87,0.85,1.93,0.003,0.866,17,1,97.1,1.02,DISPUTED,0,APPROVED,0
KAG-LR-103379,SALE_DEED,1969,5.07,5.23,5.26,0.003,0.975,28,1,95.0,0.95,NIL,0,APPROVED,0
KAG-LR-103380,GIFT_DEED,2005,0.49,0.51,1.09,0.011,0.968,27,1,97.7,0.97,NIL,0,APPROVED,0
KAG-LR-103381,POWER_OF_ATTORNEY,2021,7.78,8.09,1.88,0.009,0.968,52,1,99.5,0.9,NIL,1,APPROVED,0
KAG-LR-103382,POWER_OF_ATTORNEY,2025,2.05,1.95,4.08,0.015,0.988,29,3,94.4,0.96,NIL,0,APPROVED,0
KAG-LR-103383,PATTA,1981,5.55,5.86,0.55,0.002,0.97,34,2,90.8,1.05,NIL,0,APPROVED,0
KAG-LR-103384,SALE_DEED,2002,0.93,0.82,11.52,0.278,0.654,506,2,67.2,0.5,NIL,0,REJECTED,1
KAG-LR-103385,GIFT_DEED,1989,5.0,4.79,1.35,0.009,0.943,46,1,91.5,1.01,NIL,0,PENDING,0
KAG-LR-103386,PATTA,2011,2.47,2.56,1.72,0.0,0.995,26,1,84.0,1.05,NIL,0,APPROVED,0
KAG-LR-103387,SALE_DEED,2013,0.57,0.54,1.62,0.013,0.973,27,3,97.5,0.94,NIL,0,APPROVED,0
KAG-LR-103388,PATTA,1969,2.51,2.66,1.92,0.0,0.968,34,1,97.1,1.0,NIL,0,APPROVED,0
KAG-LR-103389,PATTA,2007,1.39,1.34,1.73,0.011,0.951,56,3,91.8,1.07,DISPUTED,0,APPROVED,0
KAG-LR-103390,SETTLEMENT,1984,4.39,4.29,1.75,0.011,0.982,47,3,91.6,0.98,NIL,0,APPROVED,0
KAG-LR-103391,PATTA,2025,1.75,1.85,3.2,0.027,0.928,36,1,90.9,0.93,NIL,0,APPROVED,0
KAG-LR-103392,SETTLEMENT,2020,0.96,0.96,1.04,0.013,0.968,10,1,90.8,0.99,NIL,0,APPROVED,0
KAG-LR-103393,SALE_DEED,1983,2.45,2.06,15.85,0.459,0.683,1037,2,58.7,0.72,ACTIVE_MORTGAGE,1,REJECTED,1
KAG-LR-103394,SALE_DEED,1984,1.84,1.92,4.58,0.067,0.592,480,2,92.0,0.77,DISPUTED,1,PENDING,1
KAG-LR-103395,PATTA,1973,2.6,2.63,0.22,0.013,0.97,18,1,89.2,1.08,DISPUTED,0,APPROVED,0
KAG-LR-103396,PATTA,1993,2.94,3.07,2.44,0.014,0.996,39,4,95.9,1.02,NIL,0,APPROVED,0
KAG-LR-103397,GIFT_DEED,1966,1.93,2.04,4.26,0.008,0.972,19,1,94.0,1.06,DISPUTED,0,APPROVED,0
KAG-LR-103398,PATTA,1993,0.81,0.99,22.28,0.226,0.561,867,3,61.7,0.66,NIL,1,REJECTED,1
KAG-LR-103399,PATTA,1966,0.86,0.95,10.74,0.176,0.606,31,1,97.0,0.57,DISPUTED,0,PENDING,1
KAG-LR-103400,SALE_DEED,2010,1.41,1.45,3.23,0.001,0.968,39,2,94.4,0.98,NIL,0,APPROVED,0
KAG-LR-103401,PATTA,2000,4.0,3.81,0.84,0.01,0.955,34,2,98.9,0.98,NIL,0,REJECTED,0
KAG-LR-103402,GIFT_DEED,1976,5.31,5.27,1.16,0.002,0.99,32,4,96.0,1.0,NIL,0,APPROVED,0
KAG-LR-103403,POWER_OF_ATTORNEY,2026,13.77,14.15,2.53,0.017,0.973,13,1,87.8,0.86,NIL,0,APPROVED,0
KAG-LR-103404,SALE_DEED,2009,3.67,3.68,0.7,0.013,0.979,14,1,96.1,1.06,ACTIVE_MORTGAGE,0,APPROVED,0
KAG-LR-103405,PATTA,1973,6.72,6.91,0.99,0.004,0.981,33,1,94.7,1.0,NIL,0,APPROVED,0
KAG-LR-103406,SALE_DEED,1982,7.15,7.35,2.82,0.005,0.979,32,1,88.9,0.91,NIL,0,APPROVED,0
KAG-LR-103407,SETTLEMENT,2014,2.08,2.02,1.79,0.023,0.973,21,4,95.1,0.96,NIL,0,APPROVED,0
KAG-LR-103408,PATTA,1973,0.97,0.97,2.26,0.001,0.985,26,3,90.0,1.05,NIL,0,APPROVED,0
KAG-LR-103409,PATTA,2002,2.09,2.04,6.5,0.008,0.941,18,2,92.5,1.04,ACTIVE_MORTGAGE,0,APPROVED,0
KAG-LR-103410,PATTA,1971,2.31,2.06,11.01,0.411,0.476,-386,2,80.0,0.31,COURT_STAY,0,PENDING,1
KAG-LR-103411,PATTA,2018,2.92,2.54,13.03,0.426,0.765,341,2,91.9,0.37,NIL,1,PENDING,1
KAG-LR-103412,SETTLEMENT,1993,2.52,2.57,1.45,0.008,0.971,8,1,96.0,1.04,NIL,0,APPROVED,0
KAG-LR-103413,SALE_DEED,1997,5.81,5.83,5.36,0.001,0.945,59,1,94.5,0.97,NIL,0,PENDING,0
KAG-LR-103414,PATTA,2026,1.12,1.08,2.07,0.018,0.994,36,1,99.2,0.98,NIL,0,APPROVED,0
KAG-LR-103415,PATTA,1980,3.64,3.71,3.79,0.004,0.994,32,3,89.0,0.98,ACTIVE_MORTGAGE,0,APPROVED,0
KAG-LR-103416,PATTA,2019,8.19,8.05,1.15,0.005,0.995,31,2,94.0,1.05,NIL,0,PENDING,0
KAG-LR-103417,GIFT_DEED,1984,1.32,1.32,1.26,0.001,0.982,52,1,95.1,0.97,NIL,0,PENDING,0
KAG-LR-103418,PATTA,2023,2.2,2.09,3.32,0.016,0.979,41,4,95.3,0.91,NIL,0,APPROVED,0
KAG-LR-103419,PATTA,2020,1.55,1.5,4.18,0.007,0.984,23,3,90.9,1.09,NIL,0,APPROVED,0
KAG-LR-103420,PATTA,2016,2.86,3.26,13.92,0.454,0.467,1688,1,50.4,0.26,DISPUTED,0,REJECTED,1
KAG-LR-103421,POWER_OF_ATTORNEY,2019,1.22,1.12,8.28,0.284,0.454,39,2,68.3,0.69,ACTIVE_MORTGAGE,0,PENDING,1
KAG-LR-103422,SALE_DEED,2006,2.54,2.32,8.63,0.481,0.66,643,3,69.3,0.39,NIL,0,REJECTED,1
KAG-LR-103423,GIFT_DEED,1987,1.53,1.62,1.29,0.0,0.986,74,1,96.1,1.04,DISPUTED,0,APPROVED,0
KAG-LR-103424,PATTA,2009,6.3,6.61,6.5,0.004,0.979,31,1,90.6,1.05,NIL,0,APPROVED,0
KAG-LR-103425,SETTLEMENT,1984,0.99,0.75,24.09,0.543,0.682,164,2,57.2,0.63,NIL,1,PENDING,1
KAG-LR-103426,PATTA,2003,0.38,0.39,1.87,0.018,0.988,65,2,91.9,1.03,NIL,0,APPROVED,0
KAG-LR-103427,GIFT_DEED,1989,2.2,1.82,17.26,0.229,0.62,1979,3,86.6,0.44,COURT_STAY,1,APPROVED,1
KAG-LR-103428,SALE_DEED,2016,3.49,3.09,11.47,0.385,0.716,351,2,63.3,0.7,DISPUTED,0,REJECTED,1
KAG-LR-103429,SETTLEMENT,1986,1.94,1.92,5.49,0.0,0.994,28,1,98.6,1.02,NIL,0,APPROVED,0
KAG-LR-103430,SALE_DEED,1981,1.81,1.9,1.73,0.008,0.985,36,1,99.5,1.0,NIL,0,APPROVED,0
KAG-LR-103431,PATTA,1990,2.18,2.09,6.05,0.004,0.949,21,1,89.8,1.06,NIL,0,PENDING,0
KAG-LR-103432,SETTLEMENT,2011,1.53,1.51,1.06,0.014,0.875,22,2,97.8,0.96,NIL,0,APPROVED,0
KAG-LR-103433,SALE_DEED,2003,2.11,2.16,3.25,0.002,0.897,30,1,94.6,0.99,NIL,0,APPROVED,0
KAG-LR-103434,PATTA,1997,0.84,0.82,1.23,0.002,0.977,17,2,92.9,1.07,ACTIVE_MORTGAGE,0,APPROVED,0
KAG-LR-103435,PATTA,2026,0.39,0.38,1.21,0.027,0.976,49,1,94.6,1.08,NIL,0,APPROVED,0
KAG-LR-103436,SALE_DEED,2006,2.94,1.95,33.62,0.238,0.692,1721,4,71.4,0.29,COURT_STAY,1,APPROVED,1
KAG-LR-103437,SETTLEMENT,1967,3.16,2.65,16.07,0.428,0.488,77,2,64.0,0.42,ACTIVE_MORTGAGE,1,PENDING,1
KAG-LR-103438,SETTLEMENT,2004,4.17,4.26,2.93,0.002,0.993,29,1,95.8,1.06,NIL,0,APPROVED,0
KAG-LR-103439,PATTA,1988,3.34,3.47,1.66,0.0,0.962,26,1,94.9,1.06,NIL,0,APPROVED,0
KAG-LR-103440,PATTA,2012,1.73,1.67,1.64,0.001,0.936,27,1,92.4,1.02,NIL,0,APPROVED,0
KAG-LR-103441,PATTA,1997,4.93,4.42,10.39,0.315,0.452,689,1,89.8,0.58,NIL,1,APPROVED,1
KAG-LR-103442,PATTA,2009,1.13,1.71,51.09,0.361,0.772,-429,4,76.6,0.3,DISPUTED,0,PENDING,1
KAG-LR-103443,PATTA,1995,5.74,6.64,15.7,0.216,0.684,130,1,76.3,0.64,ACTIVE_MORTGAGE,1,PENDING,1
KAG-LR-103444,SETTLEMENT,1987,5.28,6.51,23.26,0.377,0.653,1846,3,89.9,0.63,ACTIVE_MORTGAGE,0,REJECTED,1
KAG-LR-103445,POWER_OF_ATTORNEY,2007,2.64,2.79,1.12,0.014,0.968,70,1,97.1,1.07,NIL,0,APPROVED,0
KAG-LR-103446,SALE_DEED,1978,6.23,5.91,1.35,0.003,0.961,27,1,96.6,1.02,NIL,0,APPROVED,0
KAG-LR-103447,SALE_DEED,1977,1.32,1.14,13.67,0.344,0.637,777,4,73.9,0.37,ACTIVE_MORTGAGE,0,PENDING,1
KAG-LR-103448,POWER_OF_ATTORNEY,2023,1.65,1.6,2.96,0.001,0.915,7,3,90.1,1.0,DISPUTED,0,APPROVED,0
KAG-LR-103449,POWER_OF_ATTORNEY,2008,1.97,2.08,0.89,0.003,0.978,21,2,89.9,0.93,NIL,0,APPROVED,0
KAG-LR-103450,POWER_OF_ATTORNEY,2008,3.79,3.8,5.28,0.011,0.953,52,1,89.6,1.06,NIL,1,APPROVED,0
KAG-LR-103451,SETTLEMENT,1982,4.26,4.25,1.88,0.001,0.994,24,2,93.4,0.9,NIL,0,APPROVED,0
KAG-LR-103452,PATTA,2005,1.58,1.62,1.0,0.003,0.969,56,2,99.4,0.96,NIL,0,APPROVED,0
KAG-LR-103453,POWER_OF_ATTORNEY,2018,2.15,2.04,2.02,0.016,0.984,42,1,96.7,1.02,COURT_STAY,0,PENDING,0
KAG-LR-103454,PATTA,2004,2.26,2.27,2.66,0.022,0.975,22,2,94.3,1.09,NIL,0,APPROVED,0
KAG-LR-103455,SETTLEMENT,2017,2.71,1.66,38.69,0.264,0.535,1931,1,66.4,0.33,NIL,0,PENDING,1
KAG-LR-103456,POWER_OF_ATTORNEY,2020,0.82,0.82,0.23,0.006,0.958,8,1,92.0,1.0,NIL,0,APPROVED,0
KAG-LR-103457,SETTLEMENT,2004,1.07,1.12,5.49,0.002,0.971,13,2,89.9,1.0,NIL,0,APPROVED,0
KAG-LR-103458,PATTA,1995,5.85,5.96,6.5,0.001,0.971,23,1,89.0,0.9,NIL,0,APPROVED,0
KAG-LR-103459,SALE_DEED,1990,5.8,7.21,24.35,0.122,0.495,-648,2,61.3,0.61,COURT_STAY,1,APPROVED,1
KAG-LR-103460,GIFT_DEED,2015,0.57,0.54,2.37,0.016,0.964,31,2,94.0,1.1,NIL,0,APPROVED,0
KAG-LR-103461,SALE_DEED,1970,3.57,3.4,2.32,0.004,0.993,30,1,90.1,0.95,NIL,0,APPROVED,0
KAG-LR-103462,PATTA,1974,7.37,6.98,6.11,0.013,0.986,12,1,93.9,1.02,NIL,0,APPROVED,0
KAG-LR-103463,PATTA,1989,3.0,3.05,1.75,0.001,0.993,14,2,91.9,0.96,NIL,0,APPROVED,0
KAG-LR-103464,PATTA,2012,7.12,7.04,0.32,0.016,0.985,38,1,94.9,1.06,NIL,0,APPROVED,0
KAG-LR-103465,SALE_DEED,1974,5.37,5.33,2.13,0.001,0.995,18,1,88.3,1.05,NIL,0,APPROVED,0
KAG-LR-103466,PATTA,1997,2.74,2.61,1.61,0.006,0.939,30,1,99.5,0.99,DISPUTED,0,APPROVED,0
KAG-LR-103467,PATTA,2024,2.27,2.37,3.59,0.013,0.986,54,2,90.7,1.02,NIL,0,APPROVED,0
KAG-LR-103468,PATTA,1984,0.37,0.41,11.65,0.415,0.737,-512,1,74.5,0.67,DISPUTED,1,REJECTED,1
KAG-LR-103469,SETTLEMENT,1998,2.37,2.5,1.59,0.007,0.949,24,1,89.1,1.0,NIL,0,APPROVED,0
KAG-LR-103470,POWER_OF_ATTORNEY,2010,0.75,0.72,2.04,0.011,0.992,52,4,95.1,0.97,DISPUTED,0,APPROVED,0
KAG-LR-103471,PATTA,1973,2.1,2.15,1.02,0.019,0.976,20,4,91.1,0.99,NIL,0,PENDING,0
KAG-LR-103472,PATTA,1988,1.99,2.13,7.14,0.219,0.505,82,2,91.8,0.78,NIL,0,PENDING,1
KAG-LR-103473,SALE_DEED,1995,1.6,1.59,1.1,0.009,0.97,31,2,91.5,1.07,ACTIVE_MORTGAGE,0,PENDING,0
KAG-LR-103474,PATTA,1987,0.88,0.88,3.24,0.007,0.976,50,1,97.1,0.98,NIL,0,APPROVED,0
KAG-LR-103475,PATTA,1977,3.33,3.33,1.65,0.001,0.996,28,1,89.6,0.99,ACTIVE_MORTGAGE,0,APPROVED,0
KAG-LR-103476,SALE_DEED,1982,1.77,1.85,0.74,0.014,0.975,42,2,92.6,0.86,NIL,0,APPROVED,0
KAG-LR-103477,PATTA,2008,2.88,4.05,40.55,0.122,0.63,1630,4,68.5,0.29,COURT_STAY,0,REJECTED,1
KAG-LR-103478,SETTLEMENT,2017,4.08,4.28,2.02,0.017,0.894,91,2,93.0,1.14,NIL,0,APPROVED,0
KAG-LR-103479,SALE_DEED,1979,2.63,2.66,1.75,0.034,0.926,28,1,90.0,1.08,NIL,0,APPROVED,0
KAG-LR-103480,PATTA,1978,2.84,2.83,2.98,0.001,0.971,16,1,92.1,0.98,ACTIVE_MORTGAGE,0,APPROVED,0
KAG-LR-103481,POWER_OF_ATTORNEY,2000,3.74,3.66,2.56,0.005,0.988,43,1,92.5,1.0,NIL,0,APPROVED,0
KAG-LR-103482,PATTA,2002,4.19,4.26,1.26,0.002,0.985,15,2,92.5,1.02,NIL,0,APPROVED,0
KAG-LR-103483,SETTLEMENT,2020,6.53,6.91,2.73,0.007,0.994,47,4,88.1,0.96,NIL,0,APPROVED,0
KAG-LR-103484,POWER_OF_ATTORNEY,1981,3.11,3.19,1.44,0.0,0.958,20,1,88.7,1.08,NIL,0,APPROVED,0
KAG-LR-103485,PATTA,2011,6.68,5.83,12.75,0.522,0.454,-78,2,68.5,0.6,NIL,0,PENDING,1
KAG-LR-103486,SALE_DEED,1979,8.54,8.1,3.8,0.0,0.951,41,1,93.4,0.99,NIL,0,APPROVED,0
KAG-LR-103487,PATTA,1999,4.74,4.59,4.15,0.018,0.957,25,1,99.5,1.06,NIL,0,APPROVED,0
KAG-LR-103488,PATTA,1975,7.41,7.61,1.53,0.007,0.976,94,1,85.9,1.01,ACTIVE_MORTGAGE,1,APPROVED,0
KAG-LR-103489,PATTA,1978,5.67,5.82,4.21,0.004,0.947,53,1,92.2,1.04,NIL,0,PENDING,0
KAG-LR-103490,SETTLEMENT,2000,3.22,3.38,4.94,0.281,0.749,930,2,38.0,0.72,NIL,1,APPROVED,1
KAG-LR-103491,PATTA,1983,2.91,2.99,1.69,0.001,0.935,42,2,98.7,1.06,NIL,0,APPROVED,0
KAG-LR-103492,PATTA,1973,4.31,4.5,0.31,0.001,0.949,52,1,92.3,1.15,NIL,0,APPROVED,0
KAG-LR-103493,SETTLEMENT,1983,1.72,1.71,3.64,0.019,0.991,43,1,92.7,0.99,NIL,0,APPROVED,0
KAG-LR-103494,SETTLEMENT,2020,4.88,4.71,6.5,0.009,0.953,29,1,92.0,1.01,NIL,0,PENDING,0
KAG-LR-103495,SALE_DEED,1975,0.96,0.92,3.74,0.005,0.959,14,1,95.4,1.02,NIL,0,APPROVED,0
KAG-LR-103496,SALE_DEED,2025,5.14,5.05,1.58,0.005,0.95,22,2,95.4,1.03,NIL,0,APPROVED,0
KAG-LR-103497,PATTA,1981,1.52,1.56,1.96,0.026,0.977,68,1,89.8,0.91,DISPUTED,0,APPROVED,0
KAG-LR-103498,SALE_DEED,1999,1.37,1.4,4.71,0.014,0.957,62,1,88.5,0.96,DISPUTED,0,APPROVED,0
KAG-LR-103499,SALE_DEED,1977,1.74,1.67,2.89,0.028,0.973,22,1,97.9,1.03,NIL,0,APPROVED,0
KAG-LR-103500,SALE_DEED,2015,3.63,3.41,6.08,0.548,0.601,144,4,83.9,0.29,DISPUTED,1,APPROVED,1
KAG-LR-103501,SETTLEMENT,1992,1.74,1.74,1.52,0.005,0.941,11,2,92.1,0.94,ACTIVE_MORTGAGE,0,APPROVED,0
KAG-LR-103502,PATTA,1996,4.25,4.32,2.13,0.004,0.992,50,1,89.1,1.08,NIL,0,REJECTED,0
KAG-LR-103503,SALE_DEED,2019,9.9,9.67,3.58,0.001,0.969,45,3,94.8,0.96,ACTIVE_MORTGAGE,0,APPROVED,0
KAG-LR-103504,PATTA,2019,0.31,0.32,0.76,0.01,0.929,53,3,97.9,1.08,ACTIVE_MORTGAGE,0,APPROVED,0
KAG-LR-103505,PATTA,2016,1.93,1.83,5.23,0.043,0.976,54,1,90.8,1.0,NIL,0,APPROVED,0
KAG-LR-103506,POWER_OF_ATTORNEY,1965,0.88,0.89,3.61,0.002,0.987,13,2,96.3,0.96,ACTIVE_MORTGAGE,0,APPROVED,0
KAG-LR-103507,POWER_OF_ATTORNEY,1994,1.28,1.29,1.23,0.002,0.953,22,1,94.2,0.93,NIL,0,APPROVED,0
KAG-LR-103508,PATTA,2005,12.64,12.75,2.3,0.018,0.96,41,1,87.2,0.99,ACTIVE_MORTGAGE,0,APPROVED,0
KAG-LR-103509,SALE_DEED,2018,3.69,3.7,1.64,0.003,0.96,26,1,95.6,0.98,NIL,0,APPROVED,0
KAG-LR-103510,GIFT_DEED,1999,1.08,1.04,1.87,0.003,0.992,66,1,95.7,1.01,ACTIVE_MORTGAGE,0,APPROVED,0
KAG-LR-103511,SALE_DEED,2001,1.26,1.23,6.5,0.006,0.998,32,3,91.0,1.01,NIL,1,APPROVED,0
KAG-LR-103512,SETTLEMENT,2009,1.14,1.12,1.49,0.001,0.978,8,5,83.9,0.99,NIL,0,APPROVED,0
KAG-LR-103513,SALE_DEED,2008,3.97,3.95,0.51,0.009,0.965,25,1,94.5,0.99,DISPUTED,0,PENDING,0
KAG-LR-103514,PATTA,2025,4.25,3.86,9.26,0.338,0.672,-275,1,53.0,0.6,ACTIVE_MORTGAGE,1,APPROVED,1
KAG-LR-103515,SALE_DEED,2015,2.65,2.69,2.99,0.025,0.92,34,2,90.9,0.99,NIL,1,APPROVED,0
KAG-LR-103516,SALE_DEED,2024,0.73,0.77,6.5,0.004,0.974,28,1,92.9,0.87,NIL,0,APPROVED,0
KAG-LR-103517,PATTA,1992,1.37,1.65,20.11,0.608,0.491,149,1,61.4,0.68,DISPUTED,0,REJECTED,1
KAG-LR-103518,PATTA,2000,6.99,7.06,1.28,0.008,0.971,13,3,92.6,1.01,NIL,0,APPROVED,0
KAG-LR-103519,SALE_DEED,1973,2.65,2.8,1.05,0.013,0.954,47,1,95.2,0.96,NIL,1,APPROVED,0
KAG-LR-103520,PATTA,2016,6.12,5.83,2.87,0.005,0.934,25,4,91.5,1.09,NIL,0,APPROVED,0
KAG-LR-103521,SALE_DEED,1967,1.57,1.55,2.18,0.008,0.969,28,2,96.2,1.08,NIL,0,APPROVED,0
KAG-LR-103522,PATTA,2001,9.47,9.33,3.66,0.007,0.952,48,1,99.5,1.1,NIL,0,APPROVED,0
KAG-LR-103523,SETTLEMENT,1988,2.65,2.54,1.99,0.002,0.973,35,2,87.8,1.05,NIL,0,APPROVED,0
KAG-LR-103524,PATTA,1986,1.37,1.37,4.19,0.0,0.936,76,2,91.5,0.99,NIL,0,APPROVED,0
KAG-LR-103525,PATTA,1975,2.83,2.98,0.99,0.008,0.96,18,1,93.3,0.96,NIL,0,APPROVED,0
KAG-LR-103526,PATTA,2018,6.06,5.7,2.53,0.033,0.965,12,4,93.4,0.96,NIL,0,APPROVED,0
KAG-LR-103527,PATTA,1979,2.95,2.89,1.25,0.021,0.916,30,2,98.1,1.07,ACTIVE_MORTGAGE,0,APPROVED,0
KAG-LR-103528,PATTA,1973,3.17,3.11,2.2,0.009,0.991,30,1,98.2,1.03,NIL,0,APPROVED,0
KAG-LR-103529,PATTA,1976,3.61,3.61,0.35,0.002,0.988,63,2,96.5,1.08,NIL,0,PENDING,0
KAG-LR-103530,POWER_OF_ATTORNEY,1970,1.9,1.87,3.39,0.013,0.921,50,1,97.4,1.01,NIL,0,APPROVED,0
KAG-LR-103531,SALE_DEED,2014,2.74,2.71,1.79,0.001,0.932,12,5,91.4,0.96,NIL,0,APPROVED,0
KAG-LR-103532,PATTA,2021,3.34,3.14,1.04,0.002,0.904,35,2,96.9,1.08,NIL,0,PENDING,0
KAG-LR-103533,PATTA,1991,9.09,8.06,11.34,0.266,0.479,72,1,73.8,0.37,NIL,0,REJECTED,1
KAG-LR-103534,PATTA,1967,0.89,0.85,2.93,0.005,0.954,21,2,90.3,1.07,NIL,0,APPROVED,0
KAG-LR-103535,SETTLEMENT,1986,2.66,2.77,2.3,0.0,0.942,24,5,88.9,1.08,NIL,0,APPROVED,0
KAG-LR-103536,SALE_DEED,1980,14.12,13.83,6.5,0.015,0.962,30,1,94.7,1.06,NIL,0,APPROVED,0
KAG-LR-103537,POWER_OF_ATTORNEY,1984,1.32,1.59,20.08,0.139,0.589,-425,1,83.5,0.35,NIL,1,PENDING,1
KAG-LR-103538,SALE_DEED,2003,8.86,9.23,4.17,0.004,0.967,35,2,99.5,0.95,ACTIVE_MORTGAGE,0,APPROVED,0
KAG-LR-103539,POWER_OF_ATTORNEY,2008,6.87,6.05,11.91,0.356,0.529,164,2,68.2,0.52,COURT_STAY,0,PENDING,1
KAG-LR-103540,PATTA,1989,3.79,3.66,0.49,0.005,0.95,28,1,93.9,0.9,NIL,0,APPROVED,0
KAG-LR-103541,SETTLEMENT,2026,2.39,2.41,6.5,0.015,0.96,17,3,92.4,1.04,NIL,1,PENDING,0
KAG-LR-103542,POWER_OF_ATTORNEY,2026,2.39,2.47,3.5,0.002,0.961,50,2,95.9,0.93,DISPUTED,0,APPROVED,0
KAG-LR-103543,PATTA,1998,3.17,3.23,2.31,0.002,0.927,58,2,91.0,0.88,NIL,0,APPROVED,0
KAG-LR-103544,GIFT_DEED,2021,0.57,0.6,5.95,0.246,0.582,-351,2,68.7,0.37,COURT_STAY,1,APPROVED,1
KAG-LR-103545,SALE_DEED,2015,2.85,2.79,5.56,0.029,0.94,40,2,96.0,0.97,ACTIVE_MORTGAGE,0,APPROVED,0
KAG-LR-103546,PATTA,2001,7.68,7.48,3.05,0.016,0.976,8,2,93.3,0.96,NIL,0,APPROVED,0
KAG-LR-103547,SALE_DEED,2018,1.04,1.03,1.22,0.005,0.961,37,1,90.8,0.89,NIL,0,APPROVED,0
KAG-LR-103548,SETTLEMENT,2015,3.24,3.23,6.19,0.007,0.963,36,2,90.8,0.99,NIL,0,APPROVED,0
KAG-LR-103549,SETTLEMENT,1979,2.58,2.49,1.93,0.016,0.975,33,1,94.9,1.07,ACTIVE_MORTGAGE,0,APPROVED,0
KAG-LR-103550,PATTA,1990,0.71,0.74,6.5,0.004,0.942,24,1,92.0,1.05,NIL,0,APPROVED,0
KAG-LR-103551,POWER_OF_ATTORNEY,1991,0.53,0.58,9.64,0.338,0.753,667,1,66.3,0.55,DISPUTED,0,PENDING,1
KAG-LR-103552,PATTA,2003,0.63,0.6,4.06,0.006,0.916,14,3,90.0,1.08,NIL,0,APPROVED,0
KAG-LR-103553,SALE_DEED,1987,2.98,3.06,2.53,0.015,0.993,21,1,98.8,0.95,NIL,0,APPROVED,0
KAG-LR-103554,PATTA,2024,0.63,0.65,1.3,0.001,0.93,18,1,89.6,0.94,NIL,0,APPROVED,0
KAG-LR-103555,POWER_OF_ATTORNEY,1968,1.7,1.61,1.77,0.01,0.947,41,3,90.2,1.03,NIL,0,APPROVED,0
KAG-LR-103556,POWER_OF_ATTORNEY,1966,2.83,2.69,2.7,0.003,0.988,52,2,89.4,0.97,NIL,0,APPROVED,0
KAG-LR-103557,POWER_OF_ATTORNEY,1976,0.36,0.37,1.64,0.009,0.971,23,2,91.3,1.0,NIL,0,PENDING,0
KAG-LR-103558,SETTLEMENT,1969,8.64,9.8,13.43,0.565,0.567,-542,1,55.0,0.7,DISPUTED,1,REJECTED,1
KAG-LR-103559,PATTA,1989,1.66,1.59,1.08,0.003,0.985,14,2,87.2,1.03,NIL,0,APPROVED,0
KAG-LR-103560,PATTA,1980,5.04,5.3,3.05,0.022,0.94,22,2,90.2,1.04,NIL,0,APPROVED,0
KAG-LR-103561,SALE_DEED,1986,0.61,0.58,1.03,0.012,0.987,15,3,99.5,1.01,DISPUTED,0,APPROVED,0
KAG-LR-103562,SETTLEMENT,1999,2.75,3.27,19.08,0.1,0.678,-637,1,62.4,0.42,NIL,0,REJECTED,1
KAG-LR-103563,PATTA,1988,3.97,3.5,11.85,0.566,0.486,50,1,47.8,0.33,ACTIVE_MORTGAGE,0,PENDING,1
KAG-LR-103564,POWER_OF_ATTORNEY,1966,1.3,1.35,0.93,0.0,1.0,25,2,94.2,0.95,NIL,0,APPROVED,0
KAG-LR-103565,SALE_DEED,2014,0.41,0.39,3.65,0.014,0.955,63,2,89.5,1.08,NIL,0,APPROVED,0
KAG-LR-103566,SALE_DEED,2024,0.9,0.92,2.69,0.018,0.96,26,3,91.8,1.01,NIL,0,APPROVED,0
KAG-LR-103567,SALE_DEED,1999,11.0,11.11,1.46,0.018,0.96,26,1,91.8,0.91,NIL,1,APPROVED,0
KAG-LR-103568,PATTA,2016,1.39,1.31,1.5,0.003,0.989,17,3,91.8,0.94,NIL,0,APPROVED,0
KAG-LR-103569,PATTA,2020,4.26,3.77,11.58,0.237,0.595,61,5,73.8,0.29,DISPUTED,1,PENDING,1
KAG-LR-103570,SALE_DEED,1970,0.73,0.72,1.98,0.005,0.968,33,4,89.1,1.01,NIL,0,PENDING,0
KAG-LR-103571,PATTA,2010,9.87,9.43,1.81,0.005,0.911,29,4,91.5,0.92,ACTIVE_MORTGAGE,0,APPROVED,0
KAG-LR-103572,PATTA,1975,5.63,5.32,1.31,0.001,0.932,71,1,94.5,1.04,ACTIVE_MORTGAGE,0,APPROVED,0
KAG-LR-103573,PATTA,1976,0.45,0.44,4.28,0.002,0.945,26,1,94.0,0.97,NIL,0,APPROVED,0
KAG-LR-103574,PATTA,2008,1.48,1.56,6.3,0.013,0.988,29,4,96.1,0.95,NIL,0,APPROVED,0
KAG-LR-103575,SETTLEMENT,1969,3.13,3.15,1.57,0.012,0.984,54,2,87.9,0.99,NIL,0,APPROVED,0
KAG-LR-103576,SALE_DEED,2026,0.46,0.48,2.82,0.02,0.966,70,1,97.8,1.09,NIL,1,APPROVED,0
KAG-LR-103577,SALE_DEED,1972,8.4,8.4,3.37,0.01,0.948,50,2,94.7,1.01,NIL,0,APPROVED,0
KAG-LR-103578,PATTA,2022,5.81,5.77,3.07,0.004,0.964,96,2,98.4,1.05,NIL,0,APPROVED,0
KAG-LR-103579,SALE_DEED,2021,2.77,2.86,1.43,0.016,0.997,12,1,90.3,0.98,NIL,0,PENDING,0
KAG-LR-103580,SALE_DEED,1990,0.87,0.83,1.85,0.0,0.941,45,4,91.8,1.08,NIL,0,PENDING,0
KAG-LR-103581,POWER_OF_ATTORNEY,2018,9.71,9.26,1.02,0.0,0.953,33,3,92.5,0.92,NIL,0,PENDING,0
KAG-LR-103582,SALE_DEED,2022,1.33,1.34,1.66,0.001,0.989,10,2,95.6,1.0,ACTIVE_MORTGAGE,0,APPROVED,0
KAG-LR-103583,PATTA,1989,0.77,0.79,4.1,0.001,0.963,28,3,97.8,1.02,NIL,0,APPROVED,0
KAG-LR-103584,PATTA,1972,4.37,4.52,3.24,0.006,0.984,37,4,95.0,1.06,DISPUTED,0,APPROVED,0
KAG-LR-103585,POWER_OF_ATTORNEY,1987,2.27,2.16,3.76,0.012,0.945,66,3,93.2,0.97,NIL,0,APPROVED,0
KAG-LR-103586,SALE_DEED,2016,1.41,1.43,3.82,0.02,0.963,47,4,95.6,0.93,ACTIVE_MORTGAGE,0,APPROVED,0
KAG-LR-103587,PATTA,1966,9.12,9.11,3.36,0.031,0.915,39,1,93.1,1.04,DISPUTED,0,APPROVED,0
KAG-LR-103588,PATTA,1991,3.65,3.57,5.11,0.01,0.935,24,3,93.9,1.01,NIL,0,APPROVED,0
KAG-LR-103589,PATTA,1997,0.74,0.74,1.97,0.028,0.953,65,3,94.6,1.05,NIL,0,APPROVED,0
KAG-LR-103590,SETTLEMENT,1972,2.02,1.72,14.95,0.211,0.597,1551,2,66.2,0.47,NIL,0,REJECTED,1
KAG-LR-103591,PATTA,2026,1.82,1.81,1.31,0.002,0.94,21,3,93.3,0.95,DISPUTED,0,APPROVED,0
KAG-LR-103592,SETTLEMENT,1980,0.35,0.33,2.71,0.014,0.95,34,1,93.7,1.0,NIL,1,APPROVED,0
KAG-LR-103593,GIFT_DEED,1975,1.22,1.13,7.7,0.4,0.551,46,2,74.3,0.73,NIL,1,REJECTED,1
KAG-LR-103594,SALE_DEED,1972,2.43,2.29,4.55,0.005,0.989,24,5,91.4,1.01,NIL,0,APPROVED,0
KAG-LR-103595,PATTA,2016,7.08,6.91,0.56,0.004,0.939,16,2,93.4,1.07,NIL,0,APPROVED,0
KAG-LR-103596,SALE_DEED,2002,2.57,2.56,2.21,0.005,0.978,46,2,97.0,1.08,NIL,0,APPROVED,0
KAG-LR-103597,SALE_DEED,2005,6.3,6.49,1.42,0.013,0.978,31,3,99.5,1.04,DISPUTED,1,APPROVED,0
KAG-LR-103598,PATTA,1997,0.68,0.63,7.87,0.299,0.596,717,2,86.3,0.72,NIL,1,PENDING,1
KAG-LR-103599,PATTA,2016,4.42,4.03,8.73,0.327,0.59,1274,1,69.9,0.65,NIL,1,PENDING,1
KAG-LR-103600,PATTA,1985,3.45,3.55,6.5,0.001,0.995,48,4,91.9,1.01,ACTIVE_MORTGAGE,0,APPROVED,0
KAG-LR-103601,SALE_DEED,2025,3.3,3.38,5.77,0.007,0.955,36,3,88.5,0.96,NIL,0,APPROVED,0
KAG-LR-103602,SETTLEMENT,2016,5.04,5.53,9.82,0.089,0.754,869,3,84.8,0.26,DISPUTED,1,APPROVED,1
KAG-LR-103603,SALE_DEED,1967,3.65,3.47,4.85,0.455,0.556,1836,4,73.2,0.71,COURT_STAY,1,REJECTED,1
KAG-LR-103604,SALE_DEED,1982,1.17,1.17,2.36,0.003,0.882,19,1,89.9,0.98,NIL,0,APPROVED,0
KAG-LR-103605,PATTA,2009,4.6,4.51,4.16,0.002,0.997,18,3,91.8,0.97,NIL,0,APPROVED,0
KAG-LR-103606,PATTA,1966,0.93,0.96,1.2,0.001,0.967,27,2,94.6,1.01,NIL,1,APPROVED,0
KAG-LR-103607,SALE_DEED,1973,0.35,0.35,1.47,0.033,0.969,60,1,96.2,0.95,NIL,0,APPROVED,0
KAG-LR-103608,PATTA,1975,1.1,1.08,1.1,0.001,0.948,33,1,90.6,1.09,NIL,0,APPROVED,0
KAG-LR-103609,GIFT_DEED,1977,6.95,7.09,2.76,0.003,0.985,97,2,92.0,1.07,NIL,0,APPROVED,0
KAG-LR-103610,PATTA,1997,0.85,0.87,6.5,0.002,0.894,14,1,95.7,1.01,ACTIVE_MORTGAGE,0,PENDING,0
KAG-LR-103611,SETTLEMENT,1983,1.27,1.3,1.12,0.012,0.973,49,2,95.2,0.89,NIL,0,APPROVED,0
KAG-LR-103612,PATTA,2002,0.63,0.6,2.99,0.004,0.903,12,2,92.8,0.98,NIL,0,APPROVED,0
KAG-LR-103613,PATTA,2014,0.84,0.83,1.73,0.012,0.995,41,1,89.6,1.0,NIL,0,APPROVED,0
KAG-LR-103614,SETTLEMENT,2013,1.25,1.3,3.45,0.004,0.988,27,4,94.4,0.9,NIL,0,APPROVED,0
KAG-LR-103615,PATTA,1998,5.75,5.53,5.82,0.01,0.965,46,3,97.1,1.03,NIL,0,APPROVED,0
KAG-LR-103616,SETTLEMENT,2021,2.24,2.3,1.2,0.001,0.989,25,1,99.5,0.92,DISPUTED,0,APPROVED,0
KAG-LR-103617,PATTA,2016,0.52,0.5,1.44,0.004,0.977,25,1,91.1,1.01,ACTIVE_MORTGAGE,0,APPROVED,0
KAG-LR-103618,PATTA,1976,2.6,1.84,29.29,0.256,0.533,1696,3,73.2,0.42,DISPUTED,1,REJECTED,1
KAG-LR-103619,PATTA,2020,2.03,2.08,2.13,0.004,0.975,26,2,98.0,1.07,NIL,0,PENDING,0
KAG-LR-103620,PATTA,1973,3.95,3.67,6.97,0.482,0.618,2094,3,59.1,0.76,NIL,1,PENDING,1
KAG-LR-103621,SALE_DEED,1972,2.2,2.44,10.98,0.121,0.657,-551,2,97.0,0.5,DISPUTED,1,APPROVED,1
KAG-LR-103622,SETTLEMENT,1967,2.8,2.56,8.4,0.272,0.493,622,2,86.1,0.36,DISPUTED,0,APPROVED,1
KAG-LR-103623,SALE_DEED,2000,3.49,3.61,1.62,0.005,0.951,43,3,86.9,1.04,NIL,0,APPROVED,0
KAG-LR-103624,PATTA,2005,3.72,3.69,2.49,0.012,0.98,22,1,93.2,0.96,NIL,0,APPROVED,0
KAG-LR-103625,SETTLEMENT,1966,2.08,2.5,20.05,0.537,0.748,2045,2,74.8,0.52,DISPUTED,1,PENDING,1
KAG-LR-103626,SALE_DEED,1989,1.14,1.19,0.71,0.001,0.996,51,2,87.0,0.99,NIL,0,APPROVED,0
KAG-LR-103627,SALE_DEED,1978,1.74,1.67,0.69,0.002,0.961,25,1,86.7,1.07,ACTIVE_MORTGAGE,0,APPROVED,0
KAG-LR-103628,SALE_DEED,1978,4.86,4.59,0.17,0.0,0.959,39,3,94.9,1.11,NIL,0,APPROVED,0
KAG-LR-103629,PATTA,2020,15.18,15.47,6.5,0.042,0.993,26,1,92.3,1.04,NIL,0,APPROVED,0
KAG-LR-103630,SALE_DEED,1968,8.8,9.1,1.96,0.001,0.974,66,2,93.5,1.0,NIL,0,APPROVED,0
KAG-LR-103631,PATTA,1965,0.83,0.9,8.63,0.107,0.765,1785,3,76.2,0.28,DISPUTED,0,PENDING,1
KAG-LR-103632,PATTA,2022,8.64,8.17,3.28,0.001,0.984,17,4,96.3,1.01,NIL,0,APPROVED,0
KAG-LR-103633,SALE_DEED,1974,3.67,3.52,2.17,0.0,0.966,39,2,85.9,0.91,NIL,0,PENDING,0
KAG-LR-103634,SALE_DEED,1979,1.22,1.2,1.89,0.01,0.989,29,1,92.6,1.0,NIL,0,APPROVED,0
KAG-LR-103635,PATTA,1993,1.6,1.69,2.2,0.001,0.947,49,1,96.8,1.13,ACTIVE_MORTGAGE,0,APPROVED,0
KAG-LR-103636,PATTA,2003,3.34,3.41,5.03,0.001,0.989,31,2,98.3,1.06,NIL,0,APPROVED,0
KAG-LR-103637,SALE_DEED,2024,4.51,4.75,0.54,0.017,0.976,47,5,93.9,1.02,NIL,0,APPROVED,0
KAG-LR-103638,POWER_OF_ATTORNEY,1992,2.51,2.39,3.22,0.005,0.928,19,1,91.2,1.01,NIL,0,APPROVED,0
KAG-LR-103639,PATTA,2024,0.7,0.7,1.54,0.002,0.948,31,2,89.6,1.07,NIL,0,APPROVED,0
KAG-LR-103640,PATTA,1974,1.81,1.95,7.53,0.286,0.424,-678,5,95.3,0.48,NIL,0,PENDING,1
KAG-LR-103641,PATTA,2022,0.93,0.98,1.39,0.019,0.889,33,1,92.3,1.04,NIL,0,APPROVED,0
KAG-LR-103642,PATTA,2025,5.61,5.55,1.84,0.004,0.894,13,4,90.0,1.02,NIL,0,APPROVED,0
KAG-LR-103643,PATTA,2021,1.32,1.35,0.89,0.004,0.926,29,2,96.2,1.11,ACTIVE_MORTGAGE,0,APPROVED,0
KAG-LR-103644,PATTA,1986,1.25,1.22,0.66,0.019,0.99,45,3,98.7,0.95,NIL,0,APPROVED,0
KAG-LR-103645,SETTLEMENT,2026,1.76,1.75,1.18,0.003,0.934,30,1,92.7,1.09,NIL,0,REJECTED,0
KAG-LR-103646,PATTA,2011,10.36,10.81,4.5,0.004,0.995,43,1,92.9,1.11,ACTIVE_MORTGAGE,0,APPROVED,0
KAG-LR-103647,PATTA,1998,3.13,3.06,2.08,0.005,0.927,48,1,95.8,0.88,NIL,0,PENDING,0
KAG-LR-103648,SALE_DEED,1968,4.39,4.25,3.03,0.0,0.966,41,2,96.1,1.11,NIL,0,APPROVED,0
KAG-LR-103649,PATTA,2007,1.63,1.55,0.42,0.002,0.968,17,1,99.5,1.04,NIL,0,APPROVED,0
KAG-LR-103650,PATTA,1995,3.36,3.39,1.88,0.017,0.989,20,1,88.3,1.08,NIL,0,APPROVED,0
KAG-LR-103651,PATTA,1965,1.44,1.55,7.39,0.405,0.726,914,1,78.0,0.35,COURT_STAY,0,APPROVED,1
KAG-LR-103652,SALE_DEED,1998,2.62,2.57,0.88,0.007,0.994,30,1,94.9,0.99,NIL,0,REJECTED,0
KAG-LR-103653,SALE_DEED,2014,3.3,3.14,4.79,0.354,0.606,1330,1,75.3,0.36,DISPUTED,0,APPROVED,1
KAG-LR-103654,SALE_DEED,1987,7.36,7.25,1.14,0.002,0.976,25,1,98.4,0.92,NIL,0,PENDING,0
KAG-LR-103655,SALE_DEED,1968,0.74,0.72,6.5,0.008,0.98,30,4,91.0,0.99,DISPUTED,0,PENDING,0
KAG-LR-103656,SALE_DEED,2000,7.73,7.71,0.29,0.003,0.977,21,4,94.3,0.94,NIL,0,APPROVED,0
KAG-LR-103657,SALE_DEED,1989,1.68,1.63,1.61,0.003,0.953,15,1,94.7,1.01,NIL,0,APPROVED,0
KAG-LR-103658,SALE_DEED,2020,3.33,3.18,1.24,0.017,0.947,37,2,96.2,1.02,NIL,0,PENDING,0
KAG-LR-103659,PATTA,1968,0.8,0.69,13.52,0.162,0.55,-718,1,56.6,0.37,NIL,0,PENDING,1
KAG-LR-103660,PATTA,2006,3.08,3.25,2.0,0.002,0.985,29,1,88.9,0.94,NIL,0,APPROVED,0
KAG-LR-103661,SALE_DEED,1980,1.58,1.62,1.26,0.001,0.994,12,1,91.6,0.97,ACTIVE_MORTGAGE,0,APPROVED,0
KAG-LR-103662,PATTA,1982,6.36,6.2,0.79,0.006,0.931,31,3,90.2,1.07,NIL,0,APPROVED,0
KAG-LR-103663,SALE_DEED,1967,7.7,8.13,1.24,0.002,0.966,24,1,90.1,0.97,NIL,0,APPROVED,0
KAG-LR-103664,PATTA,1970,2.31,2.44,1.82,0.001,0.932,11,4,90.7,1.01,NIL,0,APPROVED,0
KAG-LR-103665,POWER_OF_ATTORNEY,1996,7.65,7.48,2.03,0.006,0.975,13,1,92.1,1.04,NIL,0,PENDING,0
KAG-LR-103666,SALE_DEED,1967,6.3,6.17,1.08,0.002,0.985,40,2,86.0,1.05,DISPUTED,0,APPROVED,0
KAG-LR-103667,PATTA,1971,1.8,1.71,6.5,0.003,0.982,36,3,97.0,1.0,NIL,0,APPROVED,0
KAG-LR-103668,SALE_DEED,2009,3.09,3.17,1.31,0.004,0.955,14,2,92.6,1.03,NIL,0,REJECTED,0
KAG-LR-103669,SALE_DEED,2011,4.02,4.19,1.92,0.005,0.951,36,1,93.3,0.99,NIL,0,APPROVED,0
KAG-LR-103670,SALE_DEED,2020,3.79,3.6,1.26,0.0,0.992,54,1,92.1,0.99,NIL,0,APPROVED,0
KAG-LR-103671,GIFT_DEED,1983,1.84,1.84,2.83,0.001,0.987,16,4,91.0,1.05,NIL,0,APPROVED,0
KAG-LR-103672,PATTA,2003,0.86,0.81,6.5,0.002,0.966,24,2,95.7,1.04,NIL,1,APPROVED,0
KAG-LR-103673,PATTA,1996,1.39,1.39,2.17,0.012,0.974,71,2,92.5,1.0,ACTIVE_MORTGAGE,0,APPROVED,0
KAG-LR-103674,SALE_DEED,1988,4.48,5.13,14.42,0.24,0.643,-526,1,97.0,0.5,NIL,0,PENDING,1
KAG-LR-103675,SALE_DEED,1996,9.88,10.22,2.94,0.009,0.958,56,4,95.9,1.02,NIL,0,APPROVED,0
KAG-LR-103676,SALE_DEED,2011,0.81,0.82,6.5,0.012,0.88,29,1,86.0,0.98,ACTIVE_MORTGAGE,0,APPROVED,0
KAG-LR-103677,PATTA,2007,13.77,14.17,3.33,0.004,0.985,50,1,91.8,0.93,NIL,0,APPROVED,0
KAG-LR-103678,PATTA,1999,4.14,6.2,49.82,0.083,0.547,55,2,68.4,0.52,COURT_STAY,0,REJECTED,1
KAG-LR-103679,PATTA,2020,0.9,0.98,9.22,0.26,0.76,167,1,55.5,0.59,DISPUTED,0,APPROVED,1
KAG-LR-103680,SALE_DEED,2007,1.1,1.11,5.44,0.003,0.975,52,3,91.7,1.08,NIL,0,APPROVED,0
KAG-LR-103681,PATTA,1968,14.87,14.24,1.83,0.029,0.954,19,1,89.3,0.97,ACTIVE_MORTGAGE,0,APPROVED,0
KAG-LR-103682,PATTA,1987,3.0,3.01,2.61,0.003,0.945,53,4,97.8,0.84,NIL,0,APPROVED,0
KAG-LR-103683,SALE_DEED,1991,3.03,3.21,1.2,0.008,0.932,86,2,87.8,1.08,NIL,0,APPROVED,0
KAG-LR-103684,SALE_DEED,1973,2.81,2.71,1.37,0.001,0.984,52,2,90.7,0.94,ACTIVE_MORTGAGE,0,APPROVED,0
KAG-LR-103685,PATTA,2010,0.79,0.76,1.39,0.004,0.963,16,2,94.4,1.07,NIL,0,PENDING,0
KAG-LR-103686,PATTA,2003,2.23,2.29,0.34,0.008,0.947,31,4,98.5,1.03,NIL,0,APPROVED,0
KAG-LR-103687,SALE_DEED,2012,2.62,2.77,1.95,0.005,0.994,48,3,85.7,0.96,NIL,0,APPROVED,0
KAG-LR-103688,SALE_DEED,1973,4.02,3.82,2.68,0.006,0.953,35,2,93.2,0.89,NIL,0,APPROVED,0
KAG-LR-103689,PATTA,1990,1.78,1.89,6.5,0.003,0.999,29,3,93.6,1.07,NIL,0,APPROVED,0
KAG-LR-103690,PATTA,1979,3.76,3.8,1.69,0.0,0.992,23,2,92.3,1.08,NIL,0,APPROVED,0
KAG-LR-103691,PATTA,1979,1.73,1.81,2.1,0.008,0.981,24,3,90.5,0.92,NIL,0,APPROVED,0
KAG-LR-103692,SALE_DEED,1967,1.95,1.95,3.03,0.0,0.962,25,1,93.3,0.96,NIL,0,APPROVED,0
KAG-LR-103693,POWER_OF_ATTORNEY,1989,1.09,1.07,1.82,0.005,0.96,33,4,84.9,0.97,NIL,0,APPROVED,0
KAG-LR-103694,SALE_DEED,2003,5.96,5.89,0.29,0.008,0.999,60,2,90.7,1.12,NIL,0,APPROVED,0
KAG-LR-103695,PATTA,2001,6.89,7.24,4.46,0.009,0.901,13,4,87.0,0.91,NIL,0,APPROVED,0
KAG-LR-103696,PATTA,2002,2.53,2.63,0.71,0.034,0.977,26,3,95.4,1.05,NIL,1,APPROVED,0
KAG-LR-103697,SALE_DEED,1984,2.01,2.04,1.61,0.004,0.991,14,2,99.5,0.89,NIL,0,APPROVED,0
KAG-LR-103698,PATTA,1991,3.26,3.99,22.3,0.155,0.404,187,1,81.9,0.27,NIL,0,PENDING,1
KAG-LR-103699,SALE_DEED,2013,3.48,3.64,0.9,0.015,0.953,24,2,95.1,1.03,NIL,0,APPROVED,0
KAG-LR-103700,SALE_DEED,1987,1.05,1.01,3.06,0.012,0.965,28,1,93.4,1.06,NIL,0,APPROVED,0
KAG-LR-103701,PATTA,2019,2.92,3.11,6.5,0.448,0.496,309,1,91.3,0.74,NIL,0,PENDING,1
KAG-LR-103702,SALE_DEED,1978,2.27,2.2,0.69,0.001,0.974,38,1,92.3,0.91,NIL,0,APPROVED,0
KAG-LR-103703,SETTLEMENT,1968,2.89,2.95,1.97,0.001,0.887,22,2,84.7,1.05,NIL,0,APPROVED,0
KAG-LR-103704,POWER_OF_ATTORNEY,2015,4.32,5.05,16.96,0.14,0.563,514,2,48.9,0.53,NIL,1,APPROVED,1
KAG-LR-103705,PATTA,1971,3.63,4.01,10.5,0.281,0.586,1899,2,63.6,0.53,ACTIVE_MORTGAGE,0,REJECTED,1
KAG-LR-103706,SALE_DEED,1973,0.44,0.41,5.86,0.345,0.607,1891,2,78.0,0.43,ACTIVE_MORTGAGE,0,APPROVED,1
KAG-LR-103707,SALE_DEED,1968,2.75,1.79,35.08,0.208,0.703,-68,3,74.1,0.37,ACTIVE_MORTGAGE,1,PENDING,1
KAG-LR-103708,PATTA,2010,2.86,2.98,3.22,0.004,0.981,33,2,96.2,1.05,NIL,0,APPROVED,0
KAG-LR-103709,SALE_DEED,1988,2.96,2.82,4.87,0.004,0.989,68,4,90.9,1.08,NIL,0,APPROVED,0
KAG-LR-103710,GIFT_DEED,1972,0.58,0.55,0.9,0.013,0.986,56,2,85.0,1.06,NIL,0,APPROVED,0
KAG-LR-103711,SALE_DEED,1983,1.26,1.32,2.59,0.01,0.972,71,2,91.2,0.96,NIL,0,APPROVED,0
KAG-LR-103712,SALE_DEED,1994,2.16,2.21,2.45,0.004,0.991,22,3,93.8,1.03,NIL,0,APPROVED,0
KAG-LR-103713,SALE_DEED,2003,0.37,0.35,1.46,0.008,0.976,34,3,91.5,1.08,NIL,0,APPROVED,0
KAG-LR-103714,SETTLEMENT,1967,3.14,3.28,2.2,0.005,0.992,62,3,99.5,0.89,ACTIVE_MORTGAGE,0,APPROVED,0
KAG-LR-103715,GIFT_DEED,2008,3.25,3.35,4.8,0.008,0.963,9,3,94.7,0.97,NIL,0,APPROVED,0
KAG-LR-103716,SALE_DEED,2025,4.26,4.43,2.69,0.008,0.941,18,2,94.0,1.01,NIL,0,APPROVED,0
KAG-LR-103717,PATTA,1989,1.21,1.25,3.77,0.0,0.978,13,2,93.8,0.89,NIL,0,PENDING,0
KAG-LR-103718,SETTLEMENT,1975,1.18,1.15,4.94,0.029,0.985,45,3,95.3,1.03,NIL,0,APPROVED,0
KAG-LR-103719,SALE_DEED,2019,7.54,7.96,1.92,0.006,0.967,65,3,88.2,1.08,DISPUTED,0,APPROVED,0
KAG-LR-103720,SETTLEMENT,2020,3.48,2.82,19.02,0.11,0.6,68,1,68.4,0.27,NIL,0,PENDING,1
KAG-LR-103721,SETTLEMENT,2005,6.41,6.07,6.5,0.012,0.997,54,3,93.4,1.19,NIL,1,APPROVED,0
KAG-LR-103722,PATTA,1985,2.43,2.5,0.85,0.031,0.96,33,2,93.1,1.07,NIL,0,APPROVED,0
KAG-LR-103723,PATTA,1980,1.95,1.89,0.62,0.014,0.976,21,1,91.8,0.95,NIL,0,APPROVED,0
KAG-LR-103724,SALE_DEED,1985,0.53,0.49,7.08,0.45,0.688,2293,1,84.5,0.57,NIL,1,REJECTED,1
KAG-LR-103725,SALE_DEED,2018,0.83,0.83,2.67,0.003,0.99,18,3,89.8,1.03,NIL,0,PENDING,0
KAG-LR-103726,SALE_DEED,2004,6.65,5.44,18.27,0.25,0.633,2426,1,84.8,0.4,ACTIVE_MORTGAGE,0,REJECTED,1
KAG-LR-103727,SALE_DEED,1994,6.35,6.13,5.41,0.019,0.989,84,1,88.5,0.92,NIL,0,APPROVED,0
KAG-LR-103728,SALE_DEED,2017,9.51,9.59,1.18,0.015,0.96,26,4,88.0,1.03,NIL,0,APPROVED,0
KAG-LR-103729,SALE_DEED,1973,2.22,2.09,1.2,0.007,0.984,27,1,93.2,1.05,NIL,0,APPROVED,0
KAG-LR-103730,SALE_DEED,1994,0.55,0.53,2.01,0.02,0.966,16,2,91.1,1.02,NIL,0,APPROVED,0
KAG-LR-103731,SETTLEMENT,2016,3.93,4.17,2.76,0.014,0.987,26,1,96.1,1.02,NIL,0,APPROVED,0
KAG-LR-103732,POWER_OF_ATTORNEY,2025,0.88,0.87,1.57,0.025,0.975,51,1,92.5,1.03,NIL,0,APPROVED,0
KAG-LR-103733,PATTA,2008,3.3,3.17,1.2,0.002,0.972,51,2,94.5,0.98,ACTIVE_MORTGAGE,0,APPROVED,0
KAG-LR-103734,PATTA,1977,1.68,1.58,4.98,0.001,0.993,37,2,93.9,0.96,NIL,0,APPROVED,0
KAG-LR-103735,PATTA,1966,10.45,9.42,9.86,0.4,0.596,1335,2,51.3,0.58,NIL,1,REJECTED,1
KAG-LR-103736,SALE_DEED,1993,0.75,0.72,3.23,0.002,0.966,20,2,93.4,1.02,NIL,0,APPROVED,0
KAG-LR-103737,PATTA,2007,0.64,0.62,1.0,0.002,0.964,65,2,86.5,0.89,NIL,1,APPROVED,0
KAG-LR-103738,PATTA,1979,3.21,3.06,0.95,0.004,0.99,53,2,93.9,0.9,ACTIVE_MORTGAGE,0,APPROVED,0
KAG-LR-103739,PATTA,1967,3.51,3.9,11.23,0.121,0.632,2078,2,66.2,0.71,ACTIVE_MORTGAGE,0,PENDING,1
KAG-LR-103740,SALE_DEED,2005,5.26,7.1,34.9,0.516,0.618,-190,1,81.3,0.72,ACTIVE_MORTGAGE,0,APPROVED,1
KAG-LR-103741,PATTA,1972,4.1,4.05,0.83,0.006,0.944,45,4,93.1,1.07,NIL,0,PENDING,0
KAG-LR-103742,POWER_OF_ATTORNEY,2006,0.79,0.81,2.46,0.001,0.99,34,5,99.5,1.02,DISPUTED,0,APPROVED,0
KAG-LR-103743,SALE_DEED,1989,2.34,2.38,2.86,0.0,0.989,31,3,97.7,1.07,NIL,0,APPROVED,0
KAG-LR-103744,PATTA,1972,1.83,1.81,3.35,0.001,0.978,44,2,91.1,1.09,NIL,0,APPROVED,0
KAG-LR-103745,PATTA,1980,1.28,1.25,6.5,0.003,0.99,15,1,99.5,0.94,NIL,0,APPROVED,0
KAG-LR-103746,SALE_DEED,2012,2.97,3.09,2.26,0.003,0.971,17,1,92.5,0.91,NIL,0,PENDING,0
KAG-LR-103747,POWER_OF_ATTORNEY,2003,0.46,0.49,1.68,0.007,0.966,27,1,95.2,1.06,NIL,0,APPROVED,0
KAG-LR-103748,PATTA,1984,0.79,0.83,4.6,0.524,0.619,577,1,49.3,0.53,ACTIVE_MORTGAGE,1,APPROVED,1
KAG-LR-103749,GIFT_DEED,1987,0.43,0.44,1.18,0.009,0.956,85,3,88.6,1.14,NIL,0,APPROVED,0
KAG-LR-103750,PATTA,1997,0.76,0.72,3.44,0.001,0.997,10,2,93.3,0.94,NIL,0,APPROVED,0
KAG-LR-103751,GIFT_DEED,1979,2.24,2.13,2.88,0.01,0.953,43,2,98.8,0.96,NIL,0,PENDING,0
KAG-LR-103752,SALE_DEED,1968,3.26,3.29,1.04,0.0,0.994,36,1,92.6,1.05,NIL,0,APPROVED,0
KAG-LR-103753,PATTA,1987,3.55,3.42,1.97,0.019,0.978,26,1,91.1,1.02,ACTIVE_MORTGAGE,0,APPROVED,0
KAG-LR-103754,PATTA,1991,1.6,1.5,5.98,0.077,0.634,1156,1,71.4,0.54,ACTIVE_MORTGAGE,0,APPROVED,1
KAG-LR-103755,PATTA,1971,1.95,2.03,4.37,0.004,0.981,45,1,90.1,0.93,NIL,1,APPROVED,0
KAG-LR-103756,POWER_OF_ATTORNEY,1987,1.05,1.04,5.96,0.001,0.988,72,3,99.0,0.99,NIL,0,APPROVED,0
KAG-LR-103757,SALE_DEED,1986,4.52,3.64,19.46,0.504,0.624,2225,1,95.2,0.37,NIL,1,REJECTED,1
KAG-LR-103758,PATTA,2010,8.27,8.39,2.99,0.001,0.942,12,1,93.2,1.04,NIL,0,APPROVED,0
KAG-LR-103759,GIFT_DEED,1983,1.84,1.92,3.16,0.003,0.941,25,1,89.4,0.97,NIL,0,APPROVED,0
KAG-LR-103760,SALE_DEED,1976,1.81,1.8,2.99,0.012,0.969,20,2,91.1,0.98,NIL,1,REJECTED,0
KAG-LR-103761,SETTLEMENT,2021,3.2,3.37,3.14,0.006,0.917,30,3,99.5,0.96,NIL,0,APPROVED,0
KAG-LR-103762,SALE_DEED,1998,1.47,1.47,2.87,0.002,0.979,43,2,94.8,1.0,NIL,0,APPROVED,0
KAG-LR-103763,SETTLEMENT,2011,7.29,7.98,9.42,0.223,0.612,650,3,64.9,0.44,COURT_STAY,0,APPROVED,1
KAG-LR-103764,PATTA,1970,1.83,1.87,6.5,0.001,0.944,26,1,91.3,1.01,NIL,0,APPROVED,0
KAG-LR-103765,SALE_DEED,1985,1.01,1.06,1.6,0.015,0.953,25,3,84.6,0.99,NIL,0,APPROVED,0
KAG-LR-103766,SALE_DEED,1990,2.98,2.63,11.91,0.312,0.511,-357,1,97.0,0.68,COURT_STAY,1,REJECTED,1
KAG-LR-103767,GIFT_DEED,1965,0.4,0.41,2.28,0.003,0.937,30,1,94.7,1.04,NIL,0,APPROVED,0
KAG-LR-103768,SALE_DEED,1977,1.12,1.11,2.69,0.006,0.968,30,1,92.1,1.04,ACTIVE_MORTGAGE,0,APPROVED,0
KAG-LR-103769,PATTA,1981,2.37,2.4,1.51,0.006,0.967,42,2,94.3,0.95,ACTIVE_MORTGAGE,0,REJECTED,0
KAG-LR-103770,SALE_DEED,1992,0.89,0.94,2.64,0.004,0.997,38,2,92.5,0.94,NIL,0,APPROVED,0
KAG-LR-103771,PATTA,1980,2.55,2.64,6.5,0.002,0.957,67,2,89.5,1.05,NIL,0,APPROVED,0
KAG-LR-103772,POWER_OF_ATTORNEY,1983,3.01,2.93,1.24,0.008,0.97,34,1,96.0,1.04,NIL,0,APPROVED,0
KAG-LR-103773,PATTA,2005,1.48,1.49,0.79,0.009,0.952,27,1,94.0,0.96,NIL,0,APPROVED,0
KAG-LR-103774,SETTLEMENT,2002,7.16,8.29,15.75,0.171,0.441,2235,2,68.2,0.43,DISPUTED,1,APPROVED,1
KAG-LR-103775,GIFT_DEED,2016,0.38,0.38,0.45,0.0,0.913,76,3,98.9,0.94,NIL,0,APPROVED,0
KAG-LR-103776,SETTLEMENT,2000,0.32,0.31,6.5,0.003,0.989,40,2,85.0,0.92,NIL,0,APPROVED,0
KAG-LR-103777,SALE_DEED,2016,1.16,1.1,1.48,0.001,0.918,29,1,93.5,0.98,NIL,0,APPROVED,0
KAG-LR-103778,PATTA,1998,7.68,7.97,0.8,0.006,0.97,114,1,94.2,1.0,NIL,0,APPROVED,0
KAG-LR-103779,SALE_DEED,2001,0.98,0.99,3.28,0.021,0.998,11,3,88.3,0.91,NIL,0,APPROVED,0
KAG-LR-103780,PATTA,2023,0.94,1.0,4.09,0.009,0.954,10,5,96.5,0.95,NIL,0,PENDING,0
KAG-LR-103781,POWER_OF_ATTORNEY,2006,5.63,5.92,1.28,0.004,0.977,35,1,88.9,0.96,NIL,0,APPROVED,0
KAG-LR-103782,PATTA,2013,2.6,2.67,6.5,0.0,0.986,28,1,90.5,0.94,NIL,0,PENDING,0
KAG-LR-103783,GIFT_DEED,2023,19.49,20.17,2.37,0.007,0.951,31,3,99.5,0.99,NIL,0,APPROVED,0
KAG-LR-103784,PATTA,2006,1.95,1.98,1.36,0.003,0.975,14,2,92.3,0.97,NIL,0,APPROVED,0
KAG-LR-103785,SALE_DEED,1972,1.28,1.29,1.53,0.008,0.969,36,1,97.1,1.01,NIL,0,APPROVED,0
KAG-LR-103786,PATTA,2011,1.42,1.88,32.27,0.076,0.763,1597,2,71.2,0.36,ACTIVE_MORTGAGE,1,PENDING,1
KAG-LR-103787,SALE_DEED,1992,1.64,1.73,0.61,0.006,0.943,53,2,92.7,1.06,NIL,0,APPROVED,0
KAG-LR-103788,POWER_OF_ATTORNEY,2025,1.65,1.74,5.41,0.306,0.604,1816,1,97.0,0.54,DISPUTED,0,PENDING,1
KAG-LR-103789,SALE_DEED,2020,18.02,17.28,1.18,0.001,0.95,13,3,94.7,0.99,NIL,0,APPROVED,0
KAG-LR-103790,PATTA,1985,2.54,2.42,4.78,0.02,0.954,32,1,93.3,1.07,NIL,0,APPROVED,0
KAG-LR-103791,PATTA,2006,0.91,0.9,6.5,0.003,0.984,62,1,95.3,0.94,NIL,0,APPROVED,0
KAG-LR-103792,SALE_DEED,2020,0.86,0.9,6.5,0.0,0.964,52,1,97.3,1.1,NIL,0,APPROVED,0
KAG-LR-103793,PATTA,1976,0.87,0.83,2.53,0.01,0.934,36,2,89.5,1.03,NIL,1,APPROVED,0
KAG-LR-103794,SALE_DEED,2009,2.8,2.92,0.52,0.002,0.984,26,2,88.9,1.02,NIL,0,APPROVED,0
KAG-LR-103795,SALE_DEED,1978,2.22,2.25,1.39,0.006,0.957,18,4,94.1,1.05,NIL,1,APPROVED,0
KAG-LR-103796,PATTA,1982,6.77,6.52,2.34,0.001,0.96,20,1,92.2,0.93,NIL,0,APPROVED,0
KAG-LR-103797,SALE_DEED,1966,0.38,0.36,0.69,0.004,0.957,51,2,86.7,0.98,NIL,0,APPROVED,0
KAG-LR-103798,SETTLEMENT,2008,2.68,2.86,6.56,0.236,0.475,-501,3,78.7,0.55,NIL,1,PENDING,1
KAG-LR-103799,PATTA,1977,3.92,4.0,0.95,0.034,0.991,43,1,93.2,0.93,NIL,0,APPROVED,0
KAG-LR-103800,SALE_DEED,1991,7.46,7.28,2.32,0.022,0.952,23,2,97.6,1.03,NIL,0,APPROVED,0
KAG-LR-103801,PATTA,2020,4.7,4.82,1.44,0.006,0.994,19,1,98.0,0.96,NIL,0,APPROVED,0
KAG-LR-103802,SALE_DEED,1984,1.62,1.68,1.58,0.008,0.993,33,2,97.8,0.98,ACTIVE_MORTGAGE,0,PENDING,0
KAG-LR-103803,SALE_DEED,1999,4.04,4.06,1.24,0.004,0.99,24,1,88.4,0.98,NIL,0,APPROVED,0
KAG-LR-103804,SETTLEMENT,1988,4.81,4.63,1.94,0.004,0.888,55,1,95.0,0.97,NIL,0,APPROVED,0
KAG-LR-103805,PATTA,1970,1.54,1.62,3.2,0.008,0.956,9,1,94.3,0.88,NIL,0,APPROVED,0
KAG-LR-103806,SALE_DEED,2026,3.19,3.31,2.05,0.009,0.993,34,1,95.8,0.97,ACTIVE_MORTGAGE,0,APPROVED,0
KAG-LR-103807,POWER_OF_ATTORNEY,1978,0.49,0.49,4.36,0.005,0.981,26,4,96.2,0.99,NIL,0,APPROVED,0
KAG-LR-103808,SETTLEMENT,2018,3.76,3.96,2.06,0.007,0.976,49,2,95.1,1.01,NIL,0,APPROVED,0
KAG-LR-103809,PATTA,1985,1.0,0.97,3.86,0.009,0.958,29,2,99.5,1.08,NIL,0,APPROVED,0
KAG-LR-103810,SALE_DEED,1978,3.95,3.83,3.38,0.003,0.97,27,2,96.9,1.08,NIL,0,APPROVED,0
KAG-LR-103811,SALE_DEED,1975,1.03,0.98,5.0,0.216,0.497,2279,1,73.0,0.73,NIL,0,REJECTED,1
KAG-LR-103812,SALE_DEED,1979,1.65,1.52,7.98,0.356,0.642,1678,3,68.5,0.75,DISPUTED,1,APPROVED,1
KAG-LR-103813,PATTA,1989,2.72,2.63,1.87,0.0,0.961,12,1,95.3,1.02,NIL,0,APPROVED,0
KAG-LR-103814,POWER_OF_ATTORNEY,2016,2.07,1.62,21.86,0.256,0.563,2438,1,66.0,0.28,DISPUTED,0,REJECTED,1
KAG-LR-103815,POWER_OF_ATTORNEY,1965,0.67,0.71,4.7,0.001,0.973,47,1,94.9,1.04,NIL,0,APPROVED,0
KAG-LR-103816,SALE_DEED,2019,0.32,0.31,6.5,0.027,0.944,47,1,92.6,1.0,ACTIVE_MORTGAGE,0,PENDING,0
KAG-LR-103817,SALE_DEED,1978,1.45,1.41,5.76,0.014,0.97,13,4,98.3,1.02,NIL,0,APPROVED,0
KAG-LR-103818,SALE_DEED,1977,2.09,2.35,12.43,0.349,0.648,2246,3,74.8,0.4,NIL,0,PENDING,1
KAG-LR-103819,SALE_DEED,2001,1.97,1.97,1.15,0.007,0.947,47,2,89.4,1.04,NIL,0,APPROVED,0
KAG-LR-103820,PATTA,1989,2.06,1.99,1.78,0.001,0.963,23,3,95.8,1.14,NIL,1,APPROVED,0
KAG-LR-103821,PATTA,1966,0.52,0.51,2.15,0.002,0.95,54,1,97.9,0.92,NIL,0,APPROVED,0
KAG-LR-103822,SALE_DEED,1974,1.25,1.25,0.97,0.008,0.995,18,2,85.6,1.14,NIL,0,APPROVED,0
KAG-LR-103823,SALE_DEED,1983,0.7,0.66,3.89,0.007,0.983,34,1,94.2,1.1,NIL,0,APPROVED,0
KAG-LR-103824,SALE_DEED,2006,2.79,2.89,3.01,0.001,0.992,30,2,91.9,1.06,NIL,0,APPROVED,0
KAG-LR-103825,PATTA,1976,1.39,1.38,3.37,0.009,0.994,28,1,96.2,1.03,NIL,0,PENDING,0
KAG-LR-103826,SALE_DEED,1999,1.9,1.8,1.47,0.001,0.934,27,4,95.8,0.98,ACTIVE_MORTGAGE,0,APPROVED,0
KAG-LR-103827,SETTLEMENT,1979,3.03,3.24,6.82,0.318,0.414,-708,1,83.9,0.5,COURT_STAY,0,APPROVED,1
KAG-LR-103828,SALE_DEED,2016,1.16,1.19,2.57,0.033,0.98,44,1,99.5,1.09,NIL,0,APPROVED,0
KAG-LR-103829,PATTA,1993,7.59,7.69,1.35,0.002,0.964,87,3,99.5,0.94,NIL,0,APPROVED,0
KAG-LR-103830,PATTA,2016,0.73,0.71,0.66,0.008,0.942,18,1,90.7,0.96,NIL,0,APPROVED,0
KAG-LR-103831,PATTA,1998,2.55,2.71,6.11,0.137,0.687,40,1,69.8,0.26,ACTIVE_MORTGAGE,0,APPROVED,1
KAG-LR-103832,PATTA,1988,0.36,0.38,0.98,0.007,0.975,48,1,92.5,1.07,NIL,0,APPROVED,0
KAG-LR-103833,PATTA,2012,1.14,1.2,5.16,0.032,0.948,18,5,97.0,0.95,NIL,0,APPROVED,0
KAG-LR-103834,PATTA,1996,1.2,1.18,1.99,0.014,0.982,32,2,95.3,0.88,ACTIVE_MORTGAGE,0,APPROVED,0
KAG-LR-103835,SETTLEMENT,2007,3.46,3.57,2.5,0.001,0.968,16,2,93.0,1.05,NIL,0,APPROVED,0
KAG-LR-103836,SETTLEMENT,1982,0.83,0.87,5.13,0.456,0.713,2404,1,47.0,0.54,ACTIVE_MORTGAGE,1,PENDING,1
KAG-LR-103837,PATTA,1999,2.2,2.17,2.28,0.0,0.996,33,1,85.5,0.95,NIL,0,APPROVED,0
KAG-LR-103838,PATTA,2023,5.33,5.44,4.81,0.003,0.966,24,1,99.5,0.94,NIL,0,APPROVED,0
KAG-LR-103839,PATTA,1991,0.59,0.64,8.29,0.255,0.431,940,2,53.1,0.33,ACTIVE_MORTGAGE,0,PENDING,1
KAG-LR-103840,PATTA,1975,2.54,2.55,1.71,0.005,0.998,18,5,97.6,1.05,NIL,0,APPROVED,0
KAG-LR-103841,PATTA,1980,5.71,5.99,1.67,0.008,0.941,22,1,85.1,1.06,NIL,0,APPROVED,0
KAG-LR-103842,PATTA,1999,1.38,1.44,1.29,0.003,0.94,16,1,98.0,1.0,NIL,0,APPROVED,0
KAG-LR-103843,POWER_OF_ATTORNEY,1979,0.74,0.77,4.54,0.0,0.991,33,1,95.5,0.92,NIL,0,APPROVED,0
KAG-LR-103844,PATTA,1984,5.73,5.64,4.37,0.009,0.989,79,1,93.9,0.94,ACTIVE_MORTGAGE,1,APPROVED,0
KAG-LR-103845,SALE_DEED,1987,4.31,4.45,1.79,0.008,0.963,20,1,96.9,0.93,NIL,0,APPROVED,0
KAG-LR-103846,SALE_DEED,1998,3.11,3.08,0.65,0.022,0.969,19,3,95.9,0.95,NIL,0,APPROVED,0
KAG-LR-103847,SETTLEMENT,2005,1.11,1.12,5.28,0.012,0.949,15,3,90.7,1.03,NIL,1,APPROVED,0
KAG-LR-103848,SALE_DEED,2024,3.44,3.84,11.67,0.31,0.52,2102,1,73.8,0.54,NIL,0,APPROVED,1
KAG-LR-103849,GIFT_DEED,2006,4.05,4.25,2.47,0.017,0.966,37,4,90.5,1.08,NIL,0,APPROVED,0
KAG-LR-103850,PATTA,1981,0.47,0.42,10.37,0.345,0.75,995,1,76.9,0.31,ACTIVE_MORTGAGE,1,REJECTED,1
KAG-LR-103851,PATTA,2012,1.12,1.31,17.2,0.392,0.622,1542,3,66.1,0.49,NIL,0,PENDING,1
KAG-LR-103852,POWER_OF_ATTORNEY,2007,3.91,4.05,3.35,0.003,0.984,28,2,99.5,1.11,NIL,0,APPROVED,0
KAG-LR-103853,PATTA,1966,0.34,0.36,4.87,0.017,0.939,56,2,97.7,0.97,NIL,0,APPROVED,0
KAG-LR-103854,PATTA,1977,2.69,2.81,6.5,0.023,0.928,16,2,86.3,0.93,NIL,0,APPROVED,0
KAG-LR-103855,SALE_DEED,2016,2.74,2.63,1.23,0.014,0.975,58,1,99.0,0.98,ACTIVE_MORTGAGE,0,APPROVED,0
KAG-LR-103856,GIFT_DEED,2013,0.84,0.87,1.29,0.0,0.957,31,1,92.6,1.1,NIL,1,APPROVED,0
KAG-LR-103857,PATTA,1990,1.13,1.11,1.17,0.001,0.992,55,2,92.4,0.98,NIL,0,APPROVED,0
KAG-LR-103858,SALE_DEED,1972,3.87,3.77,4.11,0.005,0.985,56,5,91.3,0.93,NIL,0,APPROVED,0
KAG-LR-103859,SALE_DEED,1977,5.23,5.72,9.28,0.298,0.417,-581,3,72.2,0.71,NIL,1,APPROVED,1
KAG-LR-103860,PATTA,2000,1.69,1.69,1.89,0.032,0.932,13,1,96.2,1.02,NIL,0,APPROVED,0
KAG-LR-103861,SALE_DEED,1984,0.77,0.78,3.93,0.009,0.969,18,1,98.9,0.97,NIL,0,APPROVED,0
KAG-LR-103862,SALE_DEED,2019,4.55,4.73,4.92,0.005,0.998,36,1,98.5,1.01,NIL,0,PENDING,0
KAG-LR-103863,PATTA,1972,0.95,0.97,2.51,0.002,0.968,28,2,91.3,1.05,NIL,0,APPROVED,0
KAG-LR-103864,SALE_DEED,2024,11.6,11.27,3.67,0.001,0.985,33,1,92.6,0.99,NIL,0,APPROVED,0
KAG-LR-103865,PATTA,2009,0.32,0.34,2.07,0.034,0.921,8,1,94.6,1.0,NIL,0,APPROVED,0
KAG-LR-103866,PATTA,1965,0.63,0.63,5.46,0.003,0.99,55,2,93.2,1.07,NIL,0,APPROVED,0
KAG-LR-103867,POWER_OF_ATTORNEY,1974,1.31,1.42,8.14,0.379,0.441,125,2,74.2,0.37,ACTIVE_MORTGAGE,1,APPROVED,1
KAG-LR-103868,PATTA,1972,3.52,3.57,3.31,0.011,0.927,22,3,93.2,0.92,NIL,0,APPROVED,0
KAG-LR-103869,PATTA,2005,1.58,1.5,1.22,0.015,0.954,37,4,88.5,0.95,NIL,0,APPROVED,0
KAG-LR-103870,GIFT_DEED,2004,1.25,1.21,1.16,0.01,0.957,65,3,95.2,0.9,ACTIVE_MORTGAGE,0,APPROVED,0
KAG-LR-103871,SETTLEMENT,2023,2.39,0.98,59.11,0.377,0.38,1152,3,82.4,0.74,ACTIVE_MORTGAGE,1,REJECTED,1
KAG-LR-103872,PATTA,1976,1.83,1.82,1.93,0.002,0.964,61,2,90.8,1.01,NIL,0,APPROVED,0
KAG-LR-103873,PATTA,1989,1.02,0.71,30.33,0.212,0.514,756,2,68.3,0.48,COURT_STAY,1,PENDING,1
KAG-LR-103874,PATTA,1983,6.09,6.44,1.37,0.005,0.942,20,1,91.5,1.1,NIL,0,REJECTED,0
KAG-LR-103875,PATTA,1994,1.56,1.3,16.53,0.204,0.526,-104,1,86.3,0.71,DISPUTED,1,PENDING,1
KAG-LR-103876,PATTA,1972,7.61,7.55,6.5,0.006,0.956,30,3,90.2,0.9,NIL,0,APPROVED,0
KAG-LR-103877,SALE_DEED,2005,3.26,3.16,4.84,0.016,0.947,49,2,96.8,0.92,NIL,0,PENDING,0
KAG-LR-103878,PATTA,2011,4.53,4.53,0.82,0.001,0.97,59,1,90.4,0.96,NIL,0,APPROVED,0
KAG-LR-103879,SALE_DEED,1977,1.42,1.5,0.79,0.006,0.908,42,4,89.0,0.92,NIL,0,APPROVED,0
KAG-LR-103880,SALE_DEED,1980,0.75,0.97,29.26,0.461,0.585,836,1,81.3,0.44,NIL,0,REJECTED,1
KAG-LR-103881,PATTA,1976,1.06,0.87,18.26,0.116,0.461,1997,2,80.3,0.64,COURT_STAY,1,PENDING,1
KAG-LR-103882,SETTLEMENT,2021,3.42,3.42,1.86,0.006,0.963,52,3,91.7,0.99,NIL,0,APPROVED,0
KAG-LR-103883,GIFT_DEED,1982,3.48,3.46,1.46,0.007,0.955,33,1,93.8,0.98,NIL,0,APPROVED,0
KAG-LR-103884,PATTA,1969,0.86,0.84,2.85,0.0,0.981,33,1,99.2,1.0,NIL,0,PENDING,0
KAG-LR-103885,SALE_DEED,2016,2.2,2.32,1.76,0.006,0.951,18,3,96.1,1.0,NIL,1,APPROVED,0
KAG-LR-103886,PATTA,1991,0.58,0.57,5.33,0.004,0.971,26,3,93.2,0.96,NIL,0,APPROVED,0
KAG-LR-103887,PATTA,1979,3.17,3.01,1.39,0.004,0.979,75,2,94.3,0.94,NIL,0,APPROVED,0
KAG-LR-103888,PATTA,1984,6.36,6.13,1.57,0.012,0.978,45,1,94.8,0.95,NIL,0,APPROVED,0
KAG-LR-103889,SETTLEMENT,1971,3.17,3.22,2.95,0.025,0.93,10,1,94.7,0.99,NIL,0,PENDING,0
KAG-LR-103890,PATTA,2018,1.7,1.68,6.5,0.008,0.991,62,3,93.3,0.9,ACTIVE_MORTGAGE,0,APPROVED,0
KAG-LR-103891,PATTA,1972,2.16,2.16,0.97,0.024,0.948,98,2,97.6,0.97,NIL,0,APPROVED,0
KAG-LR-103892,SALE_DEED,1972,0.65,0.63,6.5,0.035,0.934,46,3,81.5,1.04,NIL,0,APPROVED,0
KAG-LR-103893,SALE_DEED,1973,7.23,7.55,0.99,0.013,0.953,26,3,94.5,1.01,NIL,0,APPROVED,0
KAG-LR-103894,PATTA,2020,1.6,1.67,0.4,0.004,0.932,35,1,94.9,1.04,NIL,0,APPROVED,0
KAG-LR-103895,PATTA,1987,3.14,3.2,1.42,0.006,0.986,22,2,95.3,1.02,NIL,0,APPROVED,0
KAG-LR-103896,PATTA,2026,1.84,1.78,1.62,0.008,0.987,101,2,96.5,0.91,NIL,0,APPROVED,0
KAG-LR-103897,SALE_DEED,1988,4.7,4.86,2.24,0.005,0.976,23,2,94.2,0.96,NIL,0,APPROVED,0
KAG-LR-103898,GIFT_DEED,1988,0.53,0.53,0.73,0.004,0.99,36,1,94.2,0.88,ACTIVE_MORTGAGE,0,APPROVED,0
KAG-LR-103899,PATTA,1980,10.65,10.7,1.47,0.003,0.921,25,1,87.0,0.99,NIL,0,APPROVED,0
KAG-LR-103900,SETTLEMENT,2013,10.4,10.61,3.27,0.001,0.974,29,2,93.8,1.1,NIL,0,APPROVED,0
KAG-LR-103901,PATTA,1976,0.54,0.5,6.85,0.404,0.396,-252,1,70.8,0.59,COURT_STAY,1,PENDING,1
KAG-LR-103902,SETTLEMENT,2021,1.6,1.85,15.39,0.062,0.451,916,1,66.9,0.45,NIL,1,PENDING,1
KAG-LR-103903,SALE_DEED,1987,5.15,4.3,16.49,0.185,0.54,2349,4,83.5,0.33,ACTIVE_MORTGAGE,0,APPROVED,1
KAG-LR-103904,SALE_DEED,1967,4.4,4.17,1.95,0.001,0.942,23,1,96.8,1.01,NIL,0,APPROVED,0
KAG-LR-103905,PATTA,2002,1.7,1.8,0.46,0.008,0.974,27,2,90.8,0.91,NIL,0,APPROVED,0
KAG-LR-103906,POWER_OF_ATTORNEY,1968,5.25,4.96,2.6,0.0,0.955,49,1,84.3,0.93,NIL,1,REJECTED,0
KAG-LR-103907,PATTA,2002,16.17,15.76,1.93,0.012,0.976,45,3,95.7,1.07,NIL,0,APPROVED,0
KAG-LR-103908,SALE_DEED,1997,5.71,5.56,0.21,0.007,0.977,38,2,93.1,0.94,NIL,0,APPROVED,0
KAG-LR-103909,SALE_DEED,2013,0.4,0.38,4.26,0.001,0.977,45,3,90.3,0.99,ACTIVE_MORTGAGE,0,APPROVED,0
KAG-LR-103910,PATTA,1973,0.46,0.47,3.7,0.011,0.943,71,1,88.7,0.98,NIL,0,APPROVED,0
KAG-LR-103911,PATTA,1995,3.83,5.17,35.08,0.237,0.451,912,2,44.9,0.34,NIL,0,PENDING,1
KAG-LR-103912,PATTA,1971,2.47,2.46,2.79,0.01,0.952,13,1,93.4,1.05,NIL,0,APPROVED,0
KAG-LR-103913,GIFT_DEED,1996,6.92,7.22,1.25,0.015,0.968,29,2,95.9,1.07,ACTIVE_MORTGAGE,0,APPROVED,0
KAG-LR-103914,PATTA,1971,8.17,8.21,1.04,0.002,0.968,53,2,90.6,0.98,NIL,0,APPROVED,0
KAG-LR-103915,PATTA,1988,3.27,3.13,3.92,0.005,0.957,26,2,89.9,1.0,ACTIVE_MORTGAGE,0,APPROVED,0
KAG-LR-103916,PATTA,2002,2.01,2.16,7.6,0.315,0.79,105,1,83.3,0.47,DISPUTED,1,REJECTED,1
KAG-LR-103917,SALE_DEED,1975,0.52,0.49,2.76,0.009,0.964,20,3,94.6,1.13,NIL,0,APPROVED,0
KAG-LR-103918,PATTA,2009,0.93,0.95,6.31,0.001,0.991,46,2,97.2,0.93,NIL,0,APPROVED,0
KAG-LR-103919,PATTA,2019,2.85,0.48,83.24,0.192,0.464,-352,2,78.6,0.7,ACTIVE_MORTGAGE,1,PENDING,1
KAG-LR-103920,SALE_DEED,1966,6.83,7.05,2.14,0.005,0.984,42,2,96.5,0.98,NIL,1,APPROVED,0
KAG-LR-103921,GIFT_DEED,2001,0.64,0.61,6.5,0.017,0.926,39,2,91.8,1.06,DISPUTED,0,APPROVED,0
KAG-LR-103922,SALE_DEED,1976,1.11,1.22,9.99,0.45,0.541,-387,2,54.2,0.56,NIL,1,APPROVED,1
KAG-LR-103923,SALE_DEED,1985,1.13,1.25,10.9,0.46,0.581,1074,1,72.8,0.53,COURT_STAY,0,PENDING,1
KAG-LR-103924,SALE_DEED,2011,1.31,1.08,17.59,0.23,0.613,1803,2,59.8,0.6,ACTIVE_MORTGAGE,0,PENDING,1
KAG-LR-103925,POWER_OF_ATTORNEY,2003,2.55,2.63,0.44,0.004,0.97,42,1,88.1,0.93,NIL,0,APPROVED,0
KAG-LR-103926,PATTA,1985,1.02,1.36,32.85,0.457,0.59,2420,1,80.5,0.72,NIL,1,PENDING,1
KAG-LR-103927,PATTA,2023,0.69,0.66,4.3,0.002,0.977,46,1,88.9,1.01,NIL,0,APPROVED,0
KAG-LR-103928,GIFT_DEED,1996,1.04,1.03,2.07,0.001,0.94,36,2,97.1,1.05,NIL,0,APPROVED,0
KAG-LR-103929,SALE_DEED,1977,3.05,3.2,2.7,0.001,0.974,54,1,92.6,1.02,ACTIVE_MORTGAGE,0,APPROVED,0
KAG-LR-103930,PATTA,2025,4.16,4.19,0.53,0.009,0.999,14,1,99.5,0.99,ACTIVE_MORTGAGE,0,APPROVED,0
KAG-LR-103931,SALE_DEED,1985,11.33,11.6,0.53,0.011,0.961,27,1,93.2,0.98,NIL,0,APPROVED,0
KAG-LR-103932,PATTA,2003,1.41,1.45,1.71,0.015,0.988,42,4,92.6,1.02,NIL,1,APPROVED,0
KAG-LR-103933,SETTLEMENT,1967,0.43,0.41,3.65,0.003,0.977,12,3,94.1,0.98,NIL,0,PENDING,0
KAG-LR-103934,PATTA,2018,1.82,1.89,4.19,0.005,0.939,21,3,97.0,1.02,NIL,0,APPROVED,0
KAG-LR-103935,PATTA,2025,3.61,3.65,1.04,0.01,0.966,23,3,91.7,0.98,NIL,1,APPROVED,0
KAG-LR-103936,SETTLEMENT,1988,0.65,0.67,1.67,0.001,0.993,66,1,93.8,0.97,NIL,0,APPROVED,0
KAG-LR-103937,SALE_DEED,1980,0.33,0.32,1.7,0.005,0.976,17,3,90.9,0.97,NIL,0,REJECTED,0
KAG-LR-103938,PATTA,1997,2.01,1.95,1.34,0.01,0.98,30,2,91.9,1.05,NIL,0,APPROVED,0
KAG-LR-103939,GIFT_DEED,2022,0.44,0.45,1.69,0.009,0.989,84,1,88.7,0.94,NIL,0,APPROVED,0
KAG-LR-103940,SALE_DEED,1970,10.16,10.71,2.47,0.0,0.94,52,2,92.5,1.01,NIL,0,APPROVED,0
KAG-LR-103941,GIFT_DEED,1991,3.1,3.21,5.44,0.004,0.975,49,2,94.6,1.0,NIL,0,APPROVED,0
KAG-LR-103942,PATTA,2020,3.84,3.79,2.49,0.001,0.987,27,1,89.0,1.07,NIL,0,APPROVED,0
KAG-LR-103943,SALE_DEED,1987,1.61,1.67,2.75,0.004,0.96,86,2,94.4,0.86,ACTIVE_MORTGAGE,0,APPROVED,0
KAG-LR-103944,SETTLEMENT,1990,0.81,0.83,6.21,0.011,0.986,20,1,92.9,1.06,NIL,0,REJECTED,0
KAG-LR-103945,PATTA,1994,2.35,2.44,1.61,0.005,0.955,34,1,89.2,1.08,NIL,0,APPROVED,0
KAG-LR-103946,PATTA,1997,1.47,1.44,6.5,0.002,0.979,25,2,96.8,0.96,ACTIVE_MORTGAGE,0,APPROVED,0
KAG-LR-103947,SALE_DEED,1975,0.46,0.47,4.59,0.004,0.976,12,3,99.5,1.12,ACTIVE_MORTGAGE,0,APPROVED,0
KAG-LR-103948,SALE_DEED,1966,5.01,5.9,17.68,0.603,0.448,183,1,97.0,0.57,COURT_STAY,1,PENDING,1
KAG-LR-103949,SALE_DEED,1994,3.25,1.18,63.69,0.331,0.644,1267,4,59.1,0.7,NIL,1,APPROVED,1
KAG-LR-103950,PATTA,1983,7.1,7.04,3.27,0.0,0.964,15,5,96.1,0.96,NIL,0,APPROVED,0
KAG-LR-103951,POWER_OF_ATTORNEY,1977,1.99,1.91,1.16,0.002,0.988,42,1,95.1,1.03,NIL,0,APPROVED,0
KAG-LR-103952,SETTLEMENT,1986,1.98,2.07,4.09,0.001,0.996,34,1,89.8,1.02,NIL,0,APPROVED,0
KAG-LR-103953,PATTA,2009,3.24,3.25,1.25,0.02,0.98,9,2,87.2,1.01,NIL,0,APPROVED,0
KAG-LR-103954,PATTA,1982,0.62,0.65,4.35,0.003,0.986,80,4,91.8,1.01,NIL,0,APPROVED,0
KAG-LR-103955,SETTLEMENT,2000,10.17,10.51,3.3,0.018,0.935,104,3,93.8,0.89,NIL,0,APPROVED,0
KAG-LR-103956,PATTA,1983,0.51,0.52,6.5,0.007,0.97,43,2,95.2,0.96,ACTIVE_MORTGAGE,0,APPROVED,0
KAG-LR-103957,SALE_DEED,1984,3.42,3.25,2.07,0.008,0.93,74,2,92.1,0.96,NIL,0,APPROVED,0
KAG-LR-103958,PATTA,1992,1.71,1.64,3.8,0.006,0.947,43,1,89.7,1.04,NIL,0,APPROVED,0
KAG-LR-103959,SETTLEMENT,2013,2.69,2.88,7.09,0.047,0.618,1791,1,70.4,0.77,DISPUTED,0,APPROVED,1
KAG-LR-103960,SALE_DEED,1992,0.43,0.41,4.24,0.021,0.969,37,2,92.8,0.96,NIL,0,APPROVED,0
KAG-LR-103961,PATTA,1997,3.27,4.25,29.93,0.481,0.588,830,1,92.8,0.64,NIL,1,APPROVED,1
KAG-LR-103962,PATTA,2007,1.09,1.05,2.66,0.005,0.95,55,2,95.2,0.95,NIL,0,APPROVED,0
KAG-LR-103963,GIFT_DEED,2023,5.06,5.0,1.9,0.014,0.952,48,2,90.5,1.02,NIL,0,APPROVED,0
KAG-LR-103964,POWER_OF_ATTORNEY,2002,1.01,1.07,1.77,0.014,0.993,19,2,93.6,1.05,NIL,0,APPROVED,0
KAG-LR-103965,POWER_OF_ATTORNEY,2004,2.83,3.02,6.8,0.259,0.548,55,3,69.0,0.35,NIL,1,APPROVED,1
KAG-LR-103966,PATTA,1985,1.63,2.12,30.31,0.389,0.632,171,3,78.4,0.7,NIL,0,REJECTED,1
KAG-LR-103967,PATTA,1965,0.62,0.65,6.5,0.007,0.999,43,3,94.2,1.0,NIL,1,APPROVED,0
KAG-LR-103968,PATTA,2017,1.19,1.26,2.28,0.003,0.909,19,3,86.0,0.98,NIL,0,APPROVED,0
KAG-LR-103969,GIFT_DEED,1979,3.29,3.43,1.3,0.011,0.998,37,3,90.3,1.01,NIL,0,APPROVED,0
KAG-LR-103970,SALE_DEED,1987,3.13,3.23,3.25,0.007,0.987,20,3,87.6,0.97,NIL,0,APPROVED,0
KAG-LR-103971,POWER_OF_ATTORNEY,1969,6.49,6.35,1.77,0.0,0.997,35,1,87.9,0.98,NIL,0,APPROVED,0
KAG-LR-103972,PATTA,1994,1.42,1.39,1.72,0.007,0.92,31,3,95.5,0.93,NIL,0,APPROVED,0
KAG-LR-103973,SALE_DEED,2022,0.94,0.91,2.91,0.001,0.94,25,3,92.1,1.09,NIL,0,APPROVED,0
KAG-LR-103974,PATTA,1970,0.97,1.02,5.53,0.242,0.473,-106,2,74.0,0.61,NIL,0,APPROVED,1
KAG-LR-103975,PATTA,2018,0.57,0.55,4.87,0.002,0.973,48,2,91.6,1.12,NIL,0,APPROVED,0
KAG-LR-103976,PATTA,2008,1.28,1.32,1.07,0.02,0.999,17,2,99.5,0.94,NIL,0,APPROVED,0
KAG-LR-103977,PATTA,1968,13.64,14.14,4.93,0.001,0.973,20,3,89.0,1.02,ACTIVE_MORTGAGE,1,APPROVED,0
KAG-LR-103978,PATTA,2019,9.48,9.62,4.2,0.015,0.975,19,1,89.7,1.03,NIL,0,APPROVED,0
KAG-LR-103979,SETTLEMENT,2009,7.12,6.92,0.81,0.002,0.972,48,2,92.5,0.97,NIL,0,APPROVED,0
KAG-LR-103980,PATTA,2000,2.8,2.73,3.49,0.0,0.991,42,3,85.7,0.89,NIL,0,APPROVED,0
KAG-LR-103981,PATTA,1971,2.06,2.07,2.36,0.012,0.952,48,2,92.1,1.01,NIL,0,APPROVED,0
KAG-LR-103982,SALE_DEED,1998,3.82,4.0,0.34,0.011,0.934,30,1,88.4,1.06,NIL,1,APPROVED,0
KAG-LR-103983,PATTA,2006,0.72,0.7,3.02,0.006,0.933,21,2,95.3,1.02,NIL,0,APPROVED,0
KAG-LR-103984,SALE_DEED,2004,2.23,2.15,2.83,0.001,0.968,27,1,91.3,1.02,NIL,0,APPROVED,0
KAG-LR-103985,SETTLEMENT,1986,0.39,0.37,4.3,0.003,0.915,25,2,97.1,1.02,NIL,0,PENDING,0
KAG-LR-103986,PATTA,1989,2.61,2.55,0.89,0.006,0.932,33,1,87.1,0.88,NIL,0,APPROVED,0
KAG-LR-103987,SALE_DEED,1985,0.81,0.81,1.65,0.007,0.958,8,1,95.0,0.93,NIL,1,PENDING,0
KAG-LR-103988,PATTA,1969,3.16,3.0,3.44,0.002,0.953,80,1,90.7,0.96,NIL,0,APPROVED,0
KAG-LR-103989,PATTA,1978,0.95,0.89,6.37,0.227,0.631,846,1,70.3,0.45,DISPUTED,1,PENDING,1
KAG-LR-103990,POWER_OF_ATTORNEY,1990,9.65,5.26,45.46,0.368,0.592,-205,2,94.9,0.28,NIL,1,APPROVED,1
KAG-LR-103991,SALE_DEED,2020,0.87,0.84,2.91,0.01,0.971,30,2,95.7,0.98,NIL,0,APPROVED,0
KAG-LR-103992,SALE_DEED,1966,0.58,0.57,2.45,0.007,0.98,25,2,96.0,1.04,NIL,0,APPROVED,0
KAG-LR-103993,SALE_DEED,2022,3.73,3.78,1.3,0.005,0.968,34,1,93.0,1.0,COURT_STAY,0,PENDING,0
KAG-LR-103994,GIFT_DEED,2024,0.86,0.88,2.26,0.01,0.929,30,2,88.5,0.98,NIL,0,APPROVED,0
KAG-LR-103995,SETTLEMENT,1985,2.17,2.28,6.5,0.016,0.963,14,3,92.7,1.1,NIL,0,APPROVED,0
KAG-LR-103996,SETTLEMENT,2001,5.69,5.73,0.87,0.017,0.95,15,1,91.9,1.03,NIL,0,APPROVED,0
KAG-LR-103997,PATTA,2024,1.53,1.5,1.7,0.003,0.993,30,1,93.9,1.03,NIL,0,APPROVED,0
KAG-LR-103998,PATTA,1978,1.26,1.33,2.59,0.017,0.973,47,1,95.3,1.03,NIL,0,APPROVED,0
KAG-LR-103999,PATTA,2004,5.31,5.09,2.48,0.004,0.996,56,1,98.0,0.95,NIL,0,APPROVED,0
KAG-LR-104000,PATTA,1999,5.58,5.59,0.6,0.006,0.985,22,4,87.5,1.06,NIL,0,APPROVED,0
KAG-LR-104001,POWER_OF_ATTORNEY,1982,1.01,0.98,2.22,0.006,0.964,36,4,97.1,1.03,NIL,0,REJECTED,0
KAG-LR-104002,PATTA,1982,1.27,1.23,2.17,0.011,0.937,43,3,98.9,1.02,ACTIVE_MORTGAGE,0,APPROVED,0
KAG-LR-104003,PATTA,2009,2.77,3.17,14.31,0.573,0.772,47,3,69.3,0.38,ACTIVE_MORTGAGE,1,PENDING,1
KAG-LR-104004,SALE_DEED,2000,4.31,4.28,1.37,0.001,0.949,16,2,92.9,1.05,NIL,0,APPROVED,0
KAG-LR-104005,SALE_DEED,1990,0.65,0.65,3.75,0.014,0.992,32,2,93.9,0.99,NIL,1,APPROVED,0
KAG-LR-104006,PATTA,2007,6.24,5.24,16.05,0.165,0.522,2386,2,84.9,0.73,DISPUTED,1,REJECTED,1
KAG-LR-104007,SALE_DEED,2016,5.2,5.77,10.97,0.468,0.548,-255,2,54.1,0.5,NIL,1,REJECTED,1
KAG-LR-104008,SALE_DEED,1966,2.62,2.57,1.23,0.045,0.96,18,2,94.1,0.96,NIL,0,APPROVED,0
KAG-LR-104009,PATTA,1970,17.13,19.75,15.27,0.269,0.656,209,1,51.2,0.36,DISPUTED,1,REJECTED,1
KAG-LR-104010,SALE_DEED,2017,5.33,6.17,15.78,0.353,0.539,1561,2,61.7,0.61,ACTIVE_MORTGAGE,1,PENDING,1
KAG-LR-104011,PATTA,1986,2.42,2.32,1.42,0.016,0.985,22,1,88.6,0.9,ACTIVE_MORTGAGE,0,APPROVED,0
KAG-LR-104012,PATTA,1972,3.75,4.03,7.5,0.151,0.528,-129,2,71.8,0.34,ACTIVE_MORTGAGE,0,REJECTED,1
KAG-LR-104013,SALE_DEED,2005,0.4,0.43,7.98,0.192,0.515,-375,1,61.8,0.7,ACTIVE_MORTGAGE,0,PENDING,1
KAG-LR-104014,SALE_DEED,1977,0.31,0.3,1.87,0.004,0.928,12,2,93.5,0.94,NIL,0,APPROVED,0
KAG-LR-104015,SETTLEMENT,2020,4.31,4.26,0.96,0.005,0.996,74,5,91.6,0.93,NIL,0,APPROVED,0
KAG-LR-104016,SALE_DEED,1970,1.8,1.82,6.5,0.024,0.953,35,1,90.3,1.01,NIL,0,APPROVED,0
KAG-LR-104017,PATTA,1973,5.42,5.62,3.96,0.004,0.97,31,2,96.8,0.97,ACTIVE_MORTGAGE,0,PENDING,0
KAG-LR-104018,PATTA,1968,13.7,14.51,2.1,0.024,0.973,22,3,91.8,1.02,NIL,0,APPROVED,0
KAG-LR-104019,SALE_DEED,1984,4.6,4.54,0.73,0.005,0.978,34,2,88.9,0.97,NIL,0,PENDING,0
KAG-LR-104020,PATTA,2021,7.17,6.82,0.49,0.005,0.975,47,1,98.5,1.09,NIL,0,REJECTED,0
KAG-LR-104021,SALE_DEED,1965,1.63,1.53,2.66,0.005,0.982,50,2,97.2,1.0,NIL,0,APPROVED,0
KAG-LR-104022,SALE_DEED,1998,1.09,1.1,1.08,0.001,0.964,15,2,92.0,1.03,NIL,0,APPROVED,0
KAG-LR-104023,SALE_DEED,1973,0.44,0.42,3.28,0.016,0.95,44,4,95.2,1.06,NIL,0,APPROVED,0
KAG-LR-104024,PATTA,2009,2.19,1.25,43.12,0.417,0.46,-87,4,74.3,0.54,DISPUTED,1,APPROVED,1
KAG-LR-104025,SALE_DEED,2018,3.92,3.98,6.5,0.001,0.948,25,3,91.5,0.94,NIL,1,APPROVED,0
KAG-LR-104026,PATTA,1992,3.59,3.39,0.22,0.001,0.999,28,2,92.2,1.04,NIL,0,APPROVED,0
KAG-LR-104027,PATTA,2012,1.35,1.32,2.78,0.005,0.999,27,3,90.6,1.02,NIL,0,APPROVED,0
KAG-LR-104028,PATTA,2016,0.86,0.82,2.4,0.007,0.976,37,1,88.5,1.01,NIL,0,APPROVED,0
KAG-LR-104029,SALE_DEED,2013,1.54,2.03,31.85,0.339,0.559,-585,1,51.6,0.6,NIL,0,REJECTED,1
KAG-LR-104030,POWER_OF_ATTORNEY,2007,2.01,0.83,58.76,0.295,0.529,153,2,73.0,0.36,NIL,0,PENDING,1
KAG-LR-104031,PATTA,2019,4.37,4.28,1.26,0.012,0.935,25,1,91.5,1.01,NIL,0,APPROVED,0
KAG-LR-104032,PATTA,2004,4.03,4.08,0.94,0.002,0.995,14,1,99.0,1.0,NIL,0,APPROVED,0
KAG-LR-104033,PATTA,1999,3.06,2.92,1.11,0.007,0.937,40,2,91.6,1.01,NIL,0,APPROVED,0
KAG-LR-104034,PATTA,1965,3.26,3.25,0.62,0.004,0.942,18,1,98.4,1.06,NIL,0,APPROVED,0
KAG-LR-104035,PATTA,2009,6.79,7.66,12.77,0.094,0.549,31,1,73.1,0.52,DISPUTED,1,PENDING,1
KAG-LR-104036,PATTA,1978,6.13,5.77,3.73,0.001,0.928,30,3,99.5,1.05,ACTIVE_MORTGAGE,1,APPROVED,0
KAG-LR-104037,SALE_DEED,1989,2.31,2.35,1.06,0.01,0.983,44,2,86.6,1.04,ACTIVE_MORTGAGE,0,APPROVED,0
KAG-LR-104038,PATTA,1998,0.64,0.68,1.07,0.017,0.973,32,2,89.9,0.91,NIL,0,APPROVED,0
KAG-LR-104039,SALE_DEED,2019,0.58,0.6,6.5,0.002,0.96,34,1,92.0,1.03,NIL,0,APPROVED,0
KAG-LR-104040,PATTA,2001,3.74,3.37,9.94,0.043,0.467,1094,2,52.7,0.59,COURT_STAY,0,APPROVED,1
KAG-LR-104041,SALE_DEED,1973,1.04,1.03,1.25,0.0,0.977,16,3,95.2,0.94,NIL,0,APPROVED,0
KAG-LR-104042,PATTA,1975,1.62,1.54,1.79,0.002,0.938,76,1,93.6,0.91,NIL,0,APPROVED,0
KAG-LR-104043,PATTA,1972,2.85,2.96,1.32,0.001,0.975,18,1,91.7,1.08,NIL,1,APPROVED,0
KAG-LR-104044,PATTA,2016,0.41,0.4,1.72,0.005,0.986,88,3,94.1,0.97,NIL,0,APPROVED,0
KAG-LR-104045,SETTLEMENT,2011,1.78,2.38,33.63,0.441,0.509,1841,1,52.6,0.33,NIL,0,PENDING,1
KAG-LR-104046,POWER_OF_ATTORNEY,1992,1.4,1.48,4.94,0.032,0.958,20,2,91.8,0.98,NIL,0,APPROVED,0
KAG-LR-104047,PATTA,1989,10.63,10.5,6.16,0.014,0.986,15,2,93.5,1.02,NIL,0,APPROVED,0
KAG-LR-104048,PATTA,1998,7.69,4.89,36.44,0.337,0.582,-71,3,89.3,0.51,DISPUTED,1,PENDING,1
KAG-LR-104049,SALE_DEED,1976,3.75,3.7,3.3,0.002,0.905,18,1,91.0,1.02,ACTIVE_MORTGAGE,0,APPROVED,0
KAG-LR-104050,PATTA,2005,12.07,10.44,13.52,0.123,0.499,443,3,55.2,0.45,ACTIVE_MORTGAGE,0,PENDING,1
KAG-LR-104051,PATTA,1972,2.63,2.56,0.89,0.029,0.993,52,1,94.1,1.03,ACTIVE_MORTGAGE,0,APPROVED,0
KAG-LR-104052,PATTA,1972,4.23,5.33,26.02,0.53,0.722,888,2,90.7,0.38,ACTIVE_MORTGAGE,0,PENDING,1
KAG-LR-104053,PATTA,2022,4.55,4.43,0.21,0.011,0.944,21,4,92.0,0.98,ACTIVE_MORTGAGE,0,PENDING,0
KAG-LR-104054,SALE_DEED,1965,3.33,3.68,10.47,0.68,0.491,-565,1,83.2,0.71,NIL,0,REJECTED,1
KAG-LR-104055,PATTA,2011,6.03,5.69,6.5,0.032,0.96,37,2,99.5,1.05,NIL,0,APPROVED,0
KAG-LR-104056,SETTLEMENT,1966,6.63,7.11,7.29,0.25,0.579,-567,3,79.2,0.42,NIL,1,APPROVED,1
KAG-LR-104057,PATTA,1999,1.99,1.96,1.36,0.005,0.986,18,4,95.8,0.99,NIL,0,APPROVED,0
KAG-LR-104058,PATTA,1994,1.61,1.7,2.35,0.008,0.922,56,1,94.2,0.91,NIL,0,APPROVED,0
KAG-LR-104059,SALE_DEED,1990,1.7,1.77,1.75,0.001,0.965,37,3,99.5,1.01,NIL,0,PENDING,0
KAG-LR-104060,SETTLEMENT,2020,1.56,1.63,1.29,0.001,0.915,56,4,81.5,0.91,NIL,0,APPROVED,0
KAG-LR-104061,GIFT_DEED,1973,8.69,9.14,2.06,0.0,0.965,77,1,96.9,1.0,NIL,0,APPROVED,0
KAG-LR-104062,POWER_OF_ATTORNEY,2016,8.56,8.34,3.28,0.029,0.923,28,3,94.1,0.94,NIL,1,APPROVED,0
KAG-LR-104063,PATTA,2016,0.87,0.92,6.47,0.001,0.963,31,4,93.4,1.06,NIL,0,APPROVED,0
KAG-LR-104064,SALE_DEED,1975,1.72,1.67,1.99,0.004,0.984,42,3,86.4,0.92,NIL,0,APPROVED,0
KAG-LR-104065,PATTA,1980,1.18,1.22,1.21,0.01,0.968,30,2,95.6,1.1,NIL,0,APPROVED,0
KAG-LR-104066,SALE_DEED,1972,4.22,4.2,1.89,0.004,0.989,42,2,99.5,0.97,ACTIVE_MORTGAGE,0,APPROVED,0
KAG-LR-104067,POWER_OF_ATTORNEY,2019,5.8,6.47,11.58,0.52,0.443,35,3,78.3,0.45,DISPUTED,1,REJECTED,1
KAG-LR-104068,SALE_DEED,1993,10.22,10.34,1.85,0.005,0.963,18,3,94.7,1.08,ACTIVE_MORTGAGE,0,REJECTED,0
KAG-LR-104069,SALE_DEED,1968,5.29,5.5,4.18,0.007,0.996,34,1,90.1,1.04,NIL,0,APPROVED,0
KAG-LR-104070,PATTA,1989,3.99,3.82,4.92,0.001,0.941,23,3,94.9,1.06,NIL,0,APPROVED,0
KAG-LR-104071,PATTA,2007,0.66,0.54,18.72,0.323,0.702,1664,4,79.1,0.32,ACTIVE_MORTGAGE,1,APPROVED,1
KAG-LR-104072,PATTA,1987,1.74,1.81,0.73,0.002,0.97,26,1,95.7,1.01,NIL,0,APPROVED,0
KAG-LR-104073,SETTLEMENT,1997,3.8,3.72,2.24,0.009,0.949,47,4,93.2,1.0,COURT_STAY,0,APPROVED,0
KAG-LR-104074,PATTA,2012,4.28,4.47,1.01,0.014,0.99,21,3,88.4,1.11,NIL,0,APPROVED,0
KAG-LR-104075,PATTA,2015,1.55,2.21,42.74,0.22,0.523,-679,2,82.6,0.57,NIL,1,REJECTED,1
KAG-LR-104076,POWER_OF_ATTORNEY,1987,3.14,3.27,1.39,0.012,0.931,37,1,88.0,1.06,NIL,1,APPROVED,0
KAG-LR-104077,PATTA,1965,3.27,3.39,2.81,0.011,0.939,35,3,89.6,1.0,NIL,0,APPROVED,0
KAG-LR-104078,PATTA,2013,1.66,1.24,25.41,0.202,0.613,-180,1,97.0,0.46,NIL,1,APPROVED,1
KAG-LR-104079,SALE_DEED,2020,2.06,2.02,6.5,0.006,0.944,45,1,93.2,1.01,NIL,0,APPROVED,0
KAG-LR-104080,SALE_DEED,2003,0.91,0.74,18.21,0.138,0.485,1444,1,70.7,0.67,NIL,1,APPROVED,1
KAG-LR-104081,GIFT_DEED,1986,4.06,4.02,0.97,0.004,0.984,31,4,97.3,0.93,NIL,0,APPROVED,0
KAG-LR-104082,PATTA,2024,2.49,2.4,0.85,0.001,0.973,31,3,99.5,1.05,NIL,1,APPROVED,0
KAG-LR-104083,SALE_DEED,1970,0.52,0.52,4.0,0.002,0.891,51,1,93.3,1.16,NIL,0,APPROVED,0
KAG-LR-104084,SALE_DEED,1989,3.48,3.53,4.18,0.009,0.947,55,3,98.1,1.09,NIL,0,APPROVED,0
KAG-LR-104085,SETTLEMENT,1970,0.46,0.47,3.28,0.009,0.966,26,4,92.6,0.96,NIL,1,APPROVED,0
KAG-LR-104086,GIFT_DEED,1974,1.9,1.81,3.33,0.012,0.969,43,1,95.6,1.07,ACTIVE_MORTGAGE,0,APPROVED,0
KAG-LR-104087,SALE_DEED,1971,4.96,4.68,2.88,0.001,0.982,71,3,94.1,0.9,NIL,0,APPROVED,0
KAG-LR-104088,SALE_DEED,1983,1.15,1.34,16.54,0.214,0.638,1617,1,55.0,0.7,DISPUTED,1,PENDING,1
KAG-LR-104089,PATTA,1999,7.45,7.23,2.88,0.005,0.943,36,3,97.8,0.98,NIL,0,APPROVED,0
KAG-LR-104090,PATTA,1991,3.12,2.99,1.12,0.007,0.975,18,1,96.6,0.94,NIL,0,APPROVED,0
KAG-LR-104091,SALE_DEED,1977,3.58,3.53,2.4,0.001,0.945,16,1,99.5,1.08,NIL,0,APPROVED,0
KAG-LR-104092,SALE_DEED,2026,6.33,5.1,19.36,0.372,0.728,2415,2,59.2,0.48,COURT_STAY,1,APPROVED,1
KAG-LR-104093,PATTA,2001,4.53,4.31,1.25,0.01,0.987,15,2,90.2,1.02,NIL,1,APPROVED,0
KAG-LR-104094,PATTA,2005,2.8,2.71,0.98,0.001,0.988,50,1,91.2,0.99,NIL,0,APPROVED,0
KAG-LR-104095,PATTA,1968,0.77,0.74,5.55,0.001,0.906,16,1,93.7,0.92,NIL,0,APPROVED,0
KAG-LR-104096,PATTA,2012,5.3,5.08,1.48,0.006,0.952,41,1,96.9,0.97,NIL,0,APPROVED,0
KAG-LR-104097,PATTA,1998,1.11,1.06,0.57,0.001,0.98,34,1,99.5,1.07,NIL,0,APPROVED,0
KAG-LR-104098,POWER_OF_ATTORNEY,1968,4.96,5.14,2.63,0.003,0.996,6,4,93.1,1.12,NIL,0,APPROVED,0
KAG-LR-104099,PATTA,2005,0.32,0.39,22.74,0.29,0.463,-21,4,72.2,0.3,DISPUTED,0,PENDING,1
KAG-LR-104100,SALE_DEED,1984,1.47,1.43,2.0,0.012,0.983,35,3,93.0,1.01,NIL,0,APPROVED,0
KAG-LR-104101,PATTA,2016,0.96,1.23,27.76,0.372,0.476,241,1,95.5,0.49,NIL,1,PENDING,1
KAG-LR-104102,PATTA,2006,3.53,3.45,2.31,0.006,0.979,33,2,94.2,1.0,NIL,0,APPROVED,0
KAG-LR-104103,PATTA,2016,5.55,5.63,4.78,0.001,0.995,46,2,93.5,0.93,NIL,0,APPROVED,0
KAG-LR-104104,PATTA,2003,3.24,2.94,9.24,0.28,0.567,-105,4,69.7,0.63,COURT_STAY,1,APPROVED,1
KAG-LR-104105,PATTA,2001,1.75,1.81,1.11,0.024,0.968,15,3,91.0,1.0,NIL,0,APPROVED,0
KAG-LR-104106,SETTLEMENT,1981,3.14,3.5,11.54,0.133,0.74,1244,2,82.2,0.4,NIL,1,PENDING,1
KAG-LR-104107,POWER_OF_ATTORNEY,1972,4.94,4.7,1.15,0.015,0.989,19,1,92.3,0.95,NIL,0,APPROVED,0
KAG-LR-104108,SALE_DEED,1977,0.57,0.57,4.26,0.004,0.944,122,2,99.5,1.0,NIL,0,APPROVED,0
KAG-LR-104109,SALE_DEED,1990,1.54,1.61,1.69,0.001,0.981,11,1,92.4,1.02,ACTIVE_MORTGAGE,0,APPROVED,0
KAG-LR-104110,PATTA,2002,5.57,5.44,6.5,0.004,0.971,41,3,86.7,0.93,NIL,0,APPROVED,0
KAG-LR-104111,PATTA,2016,1.02,1.08,1.49,0.006,0.894,31,1,90.2,0.95,ACTIVE_MORTGAGE,0,APPROVED,0
KAG-LR-104112,SALE_DEED,2013,0.4,0.42,5.95,0.485,0.677,664,2,97.0,0.39,DISPUTED,0,PENDING,1
KAG-LR-104113,PATTA,1976,2.53,2.43,2.67,0.002,0.983,33,3,94.4,0.95,NIL,0,APPROVED,0
KAG-LR-104114,SALE_DEED,1979,0.42,0.44,3.26,0.02,0.981,35,3,92.3,0.95,DISPUTED,0,APPROVED,0
KAG-LR-104115,SALE_DEED,2000,2.57,2.48,0.49,0.018,0.969,13,3,95.3,1.06,NIL,0,APPROVED,0
KAG-LR-104116,SALE_DEED,2009,0.74,0.88,18.97,0.38,0.513,40,2,75.3,0.68,ACTIVE_MORTGAGE,1,PENDING,1
KAG-LR-104117,POWER_OF_ATTORNEY,1990,0.6,0.61,0.6,0.007,0.978,32,2,97.3,1.03,NIL,0,PENDING,0
KAG-LR-104118,SALE_DEED,1979,0.67,0.74,9.98,0.457,0.538,-421,2,53.1,0.38,DISPUTED,1,REJECTED,1
KAG-LR-104119,PATTA,2013,2.35,2.21,1.54,0.014,0.977,40,3,99.5,1.06,NIL,0,APPROVED,0
KAG-LR-104120,POWER_OF_ATTORNEY,1990,1.18,1.14,3.6,0.005,0.976,28,1,91.3,1.04,NIL,0,APPROVED,0
KAG-LR-104121,SALE_DEED,1980,10.4,11.54,10.92,0.142,0.475,2051,1,49.0,0.6,COURT_STAY,1,PENDING,1
KAG-LR-104122,POWER_OF_ATTORNEY,1971,2.38,2.47,0.97,0.001,0.962,21,3,94.3,1.04,NIL,0,APPROVED,0
KAG-LR-104123,PATTA,1989,2.76,2.89,1.27,0.002,0.985,84,3,89.7,0.96,NIL,0,APPROVED,0
KAG-LR-104124,PATTA,2017,2.45,2.45,0.76,0.002,0.991,26,1,86.6,1.04,ACTIVE_MORTGAGE,0,APPROVED,0
KAG-LR-104125,POWER_OF_ATTORNEY,1986,6.91,6.8,1.62,0.009,0.955,16,2,95.1,1.04,NIL,0,APPROVED,0
KAG-LR-104126,PATTA,1982,0.94,0.95,2.05,0.004,0.973,9,1,89.6,0.99,NIL,1,APPROVED,0
KAG-LR-104127,GIFT_DEED,1967,8.95,8.43,4.42,0.005,0.981,49,3,86.4,1.02,NIL,0,PENDING,0
KAG-LR-104128,PATTA,1977,0.5,0.34,31.04,0.161,0.568,411,3,66.1,0.46,NIL,0,APPROVED,1
KAG-LR-104129,SALE_DEED,2012,1.68,1.3,22.61,0.256,0.702,1902,1,64.1,0.34,DISPUTED,1,PENDING,1
KAG-LR-104130,GIFT_DEED,1970,2.1,2.1,1.74,0.009,0.987,60,1,96.6,0.87,NIL,0,APPROVED,0
KAG-LR-104131,PATTA,1967,5.47,5.49,3.4,0.006,0.938,16,3,86.7,0.97,NIL,0,APPROVED,0
KAG-LR-104132,POWER_OF_ATTORNEY,2023,2.82,2.93,2.76,0.021,0.925,65,2,90.9,1.12,NIL,0,PENDING,0
KAG-LR-104133,PATTA,2016,1.95,1.77,9.37,0.219,0.512,-199,2,67.7,0.7,COURT_STAY,1,PENDING,1
KAG-LR-104134,SALE_DEED,2010,1.2,1.18,0.5,0.011,0.963,70,1,96.5,1.07,NIL,0,APPROVED,0
KAG-LR-104135,PATTA,1979,0.7,0.68,6.41,0.003,0.988,30,1,91.3,0.98,NIL,0,APPROVED,0
KAG-LR-104136,SALE_DEED,1991,2.58,2.69,0.75,0.004,0.984,25,2,99.5,0.96,NIL,0,APPROVED,0
KAG-LR-104137,PATTA,1994,0.75,0.76,3.52,0.003,0.988,33,2,98.3,1.04,NIL,0,APPROVED,0
KAG-LR-104138,PATTA,2001,0.79,0.81,4.13,0.0,0.961,55,1,93.2,0.98,NIL,0,APPROVED,0
KAG-LR-104139,SALE_DEED,1977,3.04,3.21,4.35,0.005,0.985,23,4,96.0,1.0,COURT_STAY,0,APPROVED,0
KAG-LR-104140,SALE_DEED,1997,7.12,7.29,3.29,0.003,0.958,56,2,87.0,0.97,NIL,0,APPROVED,0
KAG-LR-104141,PATTA,2003,1.2,1.16,1.7,0.009,0.978,11,3,93.3,1.04,NIL,0,APPROVED,0
KAG-LR-104142,PATTA,1996,0.4,0.4,2.09,0.008,0.941,27,3,99.5,1.07,NIL,0,APPROVED,0
KAG-LR-104143,SALE_DEED,1990,1.87,1.91,3.17,0.011,0.969,17,3,98.6,0.94,NIL,0,APPROVED,0
KAG-LR-104144,SALE_DEED,1985,1.85,1.82,1.95,0.023,0.97,26,3,86.8,0.85,NIL,0,APPROVED,0
KAG-LR-104145,SETTLEMENT,1998,1.15,1.12,1.7,0.005,0.972,34,1,90.9,0.92,ACTIVE_MORTGAGE,0,PENDING,0
KAG-LR-104146,PATTA,1999,8.62,7.23,16.1,0.304,0.509,1524,1,75.1,0.74,DISPUTED,0,PENDING,1
KAG-LR-104147,PATTA,2021,1.75,1.78,3.73,0.005,0.973,10,1,99.5,1.0,NIL,0,APPROVED,0
KAG-LR-104148,POWER_OF_ATTORNEY,1991,10.18,10.11,3.1,0.006,0.945,45,1,99.5,0.96,NIL,0,APPROVED,0
KAG-LR-104149,PATTA,2016,1.77,2.58,45.63,0.299,0.538,1742,1,91.2,0.69,COURT_STAY,0,APPROVED,1
KAG-LR-104150,SETTLEMENT,2001,14.89,15.49,1.46,0.022,0.974,48,3,94.1,0.92,NIL,0,PENDING,0
KAG-LR-104151,PATTA,1971,0.7,0.69,0.22,0.005,0.931,35,1,84.3,0.93,NIL,0,APPROVED,0
KAG-LR-104152,SALE_DEED,1966,6.89,5.77,16.31,0.224,0.558,-710,2,97.0,0.39,ACTIVE_MORTGAGE,1,PENDING,1
KAG-LR-104153,PATTA,1986,2.77,2.76,2.51,0.01,0.997,21,4,88.0,0.93,NIL,0,APPROVED,0
KAG-LR-104154,PATTA,1990,0.92,0.88,1.49,0.015,0.966,28,1,94.5,0.99,NIL,0,APPROVED,0
KAG-LR-104155,GIFT_DEED,2001,0.91,0.95,0.93,0.007,0.968,29,3,98.6,0.95,NIL,0,APPROVED,0
KAG-LR-104156,SALE_DEED,2024,2.71,2.79,4.26,0.005,0.964,6,2,94.8,1.02,NIL,0,APPROVED,0
KAG-LR-104157,GIFT_DEED,1994,5.72,5.74,2.02,0.015,0.989,22,1,94.8,1.0,NIL,1,APPROVED,0
KAG-LR-104158,SETTLEMENT,1987,1.94,1.99,0.86,0.007,0.945,16,2,96.5,0.97,NIL,0,PENDING,0
KAG-LR-104159,GIFT_DEED,1994,4.4,4.36,0.9,0.002,0.969,43,2,89.0,0.9,DISPUTED,0,APPROVED,0
KAG-LR-104160,SALE_DEED,1965,1.08,1.1,2.47,0.013,0.964,10,3,91.4,1.0,NIL,0,PENDING,0
KAG-LR-104161,PATTA,2018,6.07,5.83,1.64,0.012,0.913,35,2,88.8,0.89,NIL,0,APPROVED,0
KAG-LR-104162,SETTLEMENT,2008,1.94,2.27,17.07,0.275,0.629,1050,1,67.7,0.28,ACTIVE_MORTGAGE,0,REJECTED,1
KAG-LR-104163,SETTLEMENT,2017,1.15,1.15,3.19,0.006,0.93,12,1,85.8,0.95,NIL,1,PENDING,0
KAG-LR-104164,POWER_OF_ATTORNEY,2022,5.66,5.84,0.71,0.019,0.966,84,2,93.7,0.99,NIL,0,APPROVED,0
KAG-LR-104165,PATTA,2021,3.64,3.66,1.64,0.018,0.906,23,1,86.3,1.09,DISPUTED,0,APPROVED,0
KAG-LR-104166,PATTA,2013,1.43,1.47,1.48,0.006,0.953,19,2,86.3,1.09,ACTIVE_MORTGAGE,0,APPROVED,0
KAG-LR-104167,PATTA,1996,3.32,3.13,1.59,0.002,0.939,13,3,88.3,1.01,NIL,0,APPROVED,0
KAG-LR-104168,SALE_DEED,1980,0.56,0.59,2.69,0.005,0.894,26,3,91.2,0.98,NIL,0,APPROVED,0
KAG-LR-104169,SALE_DEED,2022,14.0,13.71,2.75,0.007,0.95,25,1,94.5,0.99,NIL,0,APPROVED,0
KAG-LR-104170,PATTA,1984,3.76,3.73,3.24,0.002,0.982,39,5,94.8,0.99,NIL,0,APPROVED,0
KAG-LR-104171,PATTA,1991,4.36,4.35,1.04,0.007,0.932,69,2,94.8,1.03,NIL,0,APPROVED,0
KAG-LR-104172,PATTA,1986,3.14,3.0,1.42,0.034,0.919,63,3,88.1,1.01,NIL,0,APPROVED,0
KAG-LR-104173,PATTA,1996,0.79,0.78,0.94,0.016,0.995,36,1,95.6,1.02,NIL,0,PENDING,0
KAG-LR-104174,PATTA,1978,4.8,4.94,3.34,0.004,0.94,34,1,92.0,1.02,NIL,0,APPROVED,0
KAG-LR-104175,PATTA,2005,0.85,0.77,9.48,0.053,0.585,717,1,62.1,0.6,NIL,1,PENDING,1
KAG-LR-104176,SETTLEMENT,2003,1.46,1.37,5.02,0.003,0.971,75,1,95.7,1.01,NIL,0,APPROVED,0
KAG-LR-104177,SALE_DEED,2007,2.28,2.3,1.92,0.007,0.948,56,1,96.4,0.92,NIL,0,APPROVED,0
KAG-LR-104178,POWER_OF_ATTORNEY,1998,2.82,2.99,4.14,0.011,0.977,73,1,93.8,0.98,NIL,0,APPROVED,0
KAG-LR-104179,PATTA,1991,4.89,4.79,0.37,0.008,0.947,16,1,94.3,1.03,NIL,0,APPROVED,0
KAG-LR-104180,SALE_DEED,2015,0.84,0.8,1.39,0.023,0.932,21,2,93.5,1.01,NIL,0,APPROVED,0
KAG-LR-104181,SETTLEMENT,2000,6.15,6.09,2.61,0.006,0.9,21,2,93.0,0.93,NIL,0,APPROVED,0
KAG-LR-104182,POWER_OF_ATTORNEY,2013,1.85,1.86,3.43,0.007,0.981,43,1,98.4,1.11,DISPUTED,0,APPROVED,0
KAG-LR-104183,PATTA,2024,0.53,0.51,6.22,0.009,0.941,29,1,90.3,1.01,ACTIVE_MORTGAGE,0,APPROVED,0
KAG-LR-104184,PATTA,2004,9.4,9.62,2.51,0.029,0.989,29,1,93.2,0.95,DISPUTED,0,APPROVED,0
KAG-LR-104185,SETTLEMENT,1987,1.94,1.93,2.65,0.005,0.965,21,1,95.5,0.98,NIL,0,APPROVED,0
KAG-LR-104186,PATTA,1987,4.07,4.02,5.47,0.014,0.963,33,2,92.0,0.99,ACTIVE_MORTGAGE,0,APPROVED,0
KAG-LR-104187,PATTA,1999,0.65,0.73,12.46,0.096,0.669,79,1,67.8,0.36,NIL,1,APPROVED,1
KAG-LR-104188,PATTA,1993,4.36,4.41,3.44,0.001,0.943,58,1,93.3,1.02,NIL,0,APPROVED,0
KAG-LR-104189,PATTA,2002,2.87,2.74,3.64,0.024,0.943,28,1,95.7,1.02,COURT_STAY,0,APPROVED,0
KAG-LR-104190,PATTA,1989,0.32,0.31,0.28,0.004,0.928,70,1,92.6,0.93,NIL,0,APPROVED,0
KAG-LR-104191,PATTA,1984,1.27,1.3,2.19,0.007,0.97,17,1,95.1,1.12,NIL,0,APPROVED,0
KAG-LR-104192,PATTA,1984,0.75,0.8,6.63,0.163,0.429,1408,3,82.2,0.67,COURT_STAY,1,REJECTED,1
KAG-LR-104193,SALE_DEED,1994,0.42,0.4,5.83,0.34,0.63,-22,2,66.2,0.36,NIL,0,PENDING,1
KAG-LR-104194,SALE_DEED,2025,1.09,1.44,32.54,0.33,0.719,509,4,58.1,0.61,DISPUTED,1,REJECTED,1
KAG-LR-104195,PATTA,2019,0.9,0.91,2.24,0.005,0.95,45,1,97.6,1.0,NIL,0,APPROVED,0
KAG-LR-104196,SETTLEMENT,1972,2.93,2.83,6.5,0.019,0.968,86,4,90.6,0.96,ACTIVE_MORTGAGE,0,APPROVED,0
KAG-LR-104197,SETTLEMENT,1991,1.84,1.75,3.33,0.001,0.97,97,3,95.2,1.04,NIL,0,APPROVED,0
KAG-LR-104198,PATTA,2019,1.95,1.89,5.47,0.013,0.977,25,1,89.8,1.07,NIL,0,APPROVED,0
KAG-LR-104199,SALE_DEED,2003,2.94,3.05,2.26,0.002,0.938,12,1,92.5,0.93,ACTIVE_MORTGAGE,0,APPROVED,0
KAG-LR-104200,PATTA,2023,3.39,3.23,4.84,0.261,0.662,2344,3,68.8,0.69,ACTIVE_MORTGAGE,1,PENDING,1
KAG-LR-104201,PATTA,2004,4.25,4.5,5.91,0.362,0.719,933,2,38.0,0.33,NIL,1,REJECTED,1
KAG-LR-104202,POWER_OF_ATTORNEY,2000,6.5,6.33,3.5,0.001,0.968,58,2,95.2,1.08,ACTIVE_MORTGAGE,0,APPROVED,0
KAG-LR-104203,PATTA,1999,3.37,3.35,0.89,0.008,0.961,25,3,91.9,1.07,NIL,0,APPROVED,0
KAG-LR-104204,SALE_DEED,1980,1.23,1.28,2.0,0.001,0.994,17,2,89.0,0.92,ACTIVE_MORTGAGE,0,APPROVED,0
KAG-LR-104205,SALE_DEED,1972,0.87,0.87,2.14,0.001,0.969,72,1,96.0,1.08,NIL,0,APPROVED,0
KAG-LR-104206,SALE_DEED,1977,3.41,3.4,1.75,0.001,0.983,22,2,96.0,1.03,ACTIVE_MORTGAGE,0,APPROVED,0
KAG-LR-104207,POWER_OF_ATTORNEY,2023,9.69,9.95,1.23,0.008,0.991,21,2,97.4,1.08,NIL,0,REJECTED,0
KAG-LR-104208,PATTA,1979,0.78,0.74,4.58,0.006,0.976,33,1,92.2,0.85,NIL,0,APPROVED,0
KAG-LR-104209,PATTA,1969,6.19,6.13,2.15,0.002,0.953,37,5,94.5,1.03,NIL,0,PENDING,0
KAG-LR-104210,POWER_OF_ATTORNEY,2005,2.55,2.47,2.64,0.0,0.974,12,2,92.4,1.07,ACTIVE_MORTGAGE,0,APPROVED,0
KAG-LR-104211,SALE_DEED,1992,3.18,4.1,29.06,0.215,0.699,96,1,97.0,0.49,ACTIVE_MORTGAGE,1,REJECTED,1
KAG-LR-104212,PATTA,1980,4.62,4.76,2.15,0.006,0.974,10,1,95.9,1.03,NIL,1,APPROVED,0
KAG-LR-104213,PATTA,1981,1.51,1.43,0.74,0.007,0.999,27,1,91.5,1.03,NIL,0,APPROVED,0
KAG-LR-104214,SALE_DEED,1996,1.5,1.42,1.92,0.0,0.963,76,1,99.1,1.0,NIL,0,APPROVED,0
KAG-LR-104215,GIFT_DEED,2012,3.24,3.22,0.65,0.022,0.98,18,1,94.0,1.04,NIL,0,APPROVED,0
KAG-LR-104216,SALE_DEED,1976,3.79,3.89,3.42,0.001,0.974,62,1,94.6,1.03,NIL,0,APPROVED,0
KAG-LR-104217,SALE_DEED,1993,3.14,2.22,29.28,0.453,0.488,-555,3,74.9,0.77,NIL,0,REJECTED,1
KAG-LR-104218,GIFT_DEED,2010,0.37,0.36,4.07,0.003,0.994,51,1,99.1,0.93,NIL,0,APPROVED,0
KAG-LR-104219,SALE_DEED,2026,2.41,2.58,7.08,0.41,0.484,354,2,58.7,0.46,DISPUTED,1,REJECTED,1
KAG-LR-104220,SETTLEMENT,1982,3.92,3.83,2.59,0.0,0.986,44,1,92.9,1.08,NIL,0,APPROVED,0
KAG-LR-104221,SETTLEMENT,2017,3.23,3.47,7.5,0.134,0.49,32,4,79.3,0.35,DISPUTED,1,REJECTED,1
KAG-LR-104222,GIFT_DEED,1996,3.76,4.19,11.56,0.54,0.619,-26,3,69.7,0.28,COURT_STAY,1,REJECTED,1
KAG-LR-104223,GIFT_DEED,2015,3.16,2.91,7.95,0.221,0.688,2368,5,73.9,0.48,DISPUTED,0,APPROVED,1
KAG-LR-104224,PATTA,1967,2.79,2.71,1.71,0.03,0.948,16,4,88.4,1.05,NIL,0,APPROVED,0
KAG-LR-104225,SALE_DEED,2024,8.16,8.29,6.5,0.009,0.94,47,1,98.6,1.02,NIL,1,APPROVED,0
KAG-LR-104226,PATTA,1979,1.23,1.21,1.42,0.004,0.971,22,3,91.1,1.09,DISPUTED,0,APPROVED,0
KAG-LR-104227,SALE_DEED,1978,1.45,1.4,2.51,0.007,0.917,38,4,86.8,0.93,NIL,0,APPROVED,0
KAG-LR-104228,PATTA,2022,1.19,1.25,0.82,0.007,0.977,33,3,99.4,0.96,ACTIVE_MORTGAGE,1,APPROVED,0
KAG-LR-104229,GIFT_DEED,1996,0.94,0.9,1.2,0.014,0.894,37,4,89.2,1.06,NIL,0,APPROVED,0
KAG-LR-104230,PATTA,1996,1.69,1.73,0.82,0.0,0.952,52,1,88.6,1.0,NIL,0,PENDING,0
KAG-LR-104231,SETTLEMENT,2006,8.51,8.79,1.31,0.014,0.904,15,1,97.1,0.95,NIL,0,APPROVED,0
KAG-LR-104232,SALE_DEED,1977,0.6,0.61,3.18,0.009,0.973,28,1,92.3,1.09,NIL,0,APPROVED,0
KAG-LR-104233,PATTA,1970,8.07,8.43,5.01,0.009,0.976,120,2,90.0,1.02,NIL,0,PENDING,0
KAG-LR-104234,SALE_DEED,1996,11.63,11.25,2.09,0.001,0.938,18,1,93.9,0.94,DISPUTED,0,APPROVED,0
KAG-LR-104235,SALE_DEED,1974,1.47,1.39,2.59,0.0,0.992,33,1,95.1,1.02,NIL,0,APPROVED,0
KAG-LR-104236,PATTA,2000,0.47,0.49,1.03,0.006,0.916,5,4,91.2,0.99,NIL,0,APPROVED,0
KAG-LR-104237,SALE_DEED,2010,2.31,2.22,3.38,0.006,0.964,53,2,86.5,1.06,ACTIVE_MORTGAGE,0,PENDING,0
KAG-LR-104238,SALE_DEED,2023,0.93,1.07,15.13,0.178,0.6,57,3,87.0,0.69,ACTIVE_MORTGAGE,0,APPROVED,1
KAG-LR-104239,PATTA,1966,1.39,1.36,3.42,0.007,0.992,25,2,90.5,1.1,NIL,0,APPROVED,0
KAG-LR-104240,PATTA,1988,1.53,1.61,5.1,0.188,0.633,297,2,51.4,0.66,ACTIVE_MORTGAGE,1,PENDING,1
KAG-LR-104241,SETTLEMENT,1972,1.79,1.6,10.74,0.333,0.478,-625,1,47.0,0.61,ACTIVE_MORTGAGE,1,REJECTED,1
KAG-LR-104242,SALE_DEED,2021,10.36,10.54,1.75,0.006,0.975,24,1,85.9,0.98,NIL,0,APPROVED,0
KAG-LR-104243,SALE_DEED,2021,9.61,9.46,1.84,0.009,0.97,15,2,89.3,0.88,NIL,0,APPROVED,0
KAG-LR-104244,SALE_DEED,1994,10.25,9.68,6.5,0.001,0.987,68,4,99.5,0.99,NIL,0,APPROVED,0
KAG-LR-104245,SALE_DEED,1998,4.02,4.17,2.06,0.012,0.974,27,2,94.3,1.04,NIL,0,APPROVED,0
KAG-LR-104246,PATTA,2017,1.2,0.79,34.13,0.409,0.618,170,2,57.5,0.7,NIL,1,APPROVED,1
KAG-LR-104247,POWER_OF_ATTORNEY,1998,5.0,4.92,0.48,0.011,0.988,7,1,89.3,0.94,NIL,0,APPROVED,0
KAG-LR-104248,SALE_DEED,1989,1.27,1.21,4.39,0.005,0.994,72,4,96.9,1.05,ACTIVE_MORTGAGE,0,APPROVED,0
KAG-LR-104249,PATTA,2019,3.7,3.52,1.91,0.01,0.974,6,3,93.9,0.88,NIL,0,APPROVED,0
KAG-LR-104250,POWER_OF_ATTORNEY,2014,1.54,1.54,1.28,0.003,0.989,96,1,88.9,1.02,NIL,0,APPROVED,0
KAG-LR-104251,GIFT_DEED,2022,0.85,0.92,8.66,0.416,0.497,-730,3,95.1,0.49,ACTIVE_MORTGAGE,0,REJECTED,1
KAG-LR-104252,PATTA,2018,8.39,7.95,3.29,0.001,0.944,40,3,99.5,0.94,NIL,0,APPROVED,0
KAG-LR-104253,POWER_OF_ATTORNEY,1979,2.07,1.99,1.73,0.005,0.973,35,1,90.3,1.1,NIL,0,APPROVED,0
KAG-LR-104254,GIFT_DEED,2021,0.51,0.49,1.83,0.015,0.919,25,2,85.1,1.05,ACTIVE_MORTGAGE,0,PENDING,0
KAG-LR-104255,SALE_DEED,1971,2.75,2.74,6.5,0.001,0.978,38,2,99.5,1.04,NIL,0,APPROVED,0
KAG-LR-104256,SALE_DEED,1968,6.73,6.66,1.13,0.0,0.988,22,2,87.5,0.99,NIL,0,APPROVED,0
KAG-LR-104257,SALE_DEED,2009,2.27,2.7,19.16,0.365,0.467,2442,1,70.9,0.35,DISPUTED,1,REJECTED,1
KAG-LR-104258,PATTA,1969,4.62,4.65,0.68,0.013,0.966,17,1,90.3,0.96,NIL,0,APPROVED,0
KAG-LR-104259,PATTA,2008,6.36,5.94,6.66,0.085,0.6,76,2,58.5,0.64,ACTIVE_MORTGAGE,1,REJECTED,1
KAG-LR-104260,PATTA,2017,2.26,2.13,1.59,0.019,0.957,7,1,92.1,1.03,NIL,0,APPROVED,0
KAG-LR-104261,PATTA,2018,0.3,0.28,8.14,0.295,0.459,1299,3,62.1,0.57,DISPUTED,0,REJECTED,1
KAG-LR-104262,PATTA,2026,7.24,7.4,5.09,0.001,0.938,27,3,87.0,1.14,NIL,0,REJECTED,0
KAG-LR-104263,PATTA,2010,6.19,5.94,1.53,0.01,0.955,45,4,89.6,1.01,NIL,0,APPROVED,0
KAG-LR-104264,SETTLEMENT,1987,1.43,1.7,19.05,0.339,0.648,-666,3,86.3,0.43,ACTIVE_MORTGAGE,0,APPROVED,1
KAG-LR-104265,SETTLEMENT,1988,3.21,3.64,13.33,0.207,0.499,1260,2,67.9,0.3,ACTIVE_MORTGAGE,0,PENDING,1
KAG-LR-104266,PATTA,1984,0.62,0.67,7.8,0.471,0.723,740,1,79.3,0.57,NIL,0,REJECTED,1
KAG-LR-104267,POWER_OF_ATTORNEY,2013,2.41,2.53,3.8,0.017,0.962,25,3,94.7,1.04,NIL,0,APPROVED,0
KAG-LR-104268,PATTA,1981,3.34,3.2,0.62,0.0,0.891,15,2,84.9,0.97,NIL,0,APPROVED,0
KAG-LR-104269,PATTA,1965,0.69,0.72,4.82,0.005,0.992,63,1,88.4,0.91,NIL,0,PENDING,0
KAG-LR-104270,PATTA,2012,4.8,4.7,3.95,0.009,0.966,44,1,90.0,0.96,NIL,0,PENDING,0
KAG-LR-104271,POWER_OF_ATTORNEY,1966,2.64,2.62,6.5,0.006,0.932,15,2,96.1,1.04,ACTIVE_MORTGAGE,0,APPROVED,0
KAG-LR-104272,SALE_DEED,1975,5.53,7.21,30.47,0.469,0.42,-79,4,85.4,0.4,NIL,0,REJECTED,1
KAG-LR-104273,SALE_DEED,1969,0.73,0.69,3.37,0.012,0.991,69,1,96.3,0.97,NIL,0,APPROVED,0
KAG-LR-104274,PATTA,2012,1.46,1.55,0.85,0.005,0.986,21,2,99.5,1.0,NIL,0,APPROVED,0
KAG-LR-104275,SETTLEMENT,1973,1.66,1.67,1.96,0.001,0.979,27,1,91.0,0.95,NIL,0,PENDING,0
KAG-LR-104276,PATTA,2017,0.34,0.35,5.37,0.009,0.98,96,1,93.7,0.97,NIL,0,APPROVED,0
KAG-LR-104277,PATTA,1978,1.37,1.4,2.96,0.003,0.971,36,2,97.3,0.98,ACTIVE_MORTGAGE,0,APPROVED,0
KAG-LR-104278,PATTA,2009,3.61,3.7,2.02,0.002,0.983,16,4,92.0,1.16,ACTIVE_MORTGAGE,0,APPROVED,0
KAG-LR-104279,PATTA,1986,0.56,0.56,1.27,0.006,0.989,30,4,95.2,1.03,NIL,0,APPROVED,0
KAG-LR-104280,SALE_DEED,2022,2.5,2.5,1.37,0.006,0.967,39,1,97.3,1.01,NIL,0,APPROVED,0
KAG-LR-104281,PATTA,1986,8.39,8.75,1.26,0.001,0.97,42,1,95.9,1.06,NIL,0,APPROVED,0
KAG-LR-104282,PATTA,1994,4.53,4.65,1.36,0.032,0.924,95,1,89.9,0.92,NIL,0,PENDING,0
KAG-LR-104283,SALE_DEED,1990,1.13,0.98,13.62,0.203,0.682,-682,4,60.1,0.28,NIL,0,PENDING,1
KAG-LR-104284,GIFT_DEED,1965,1.31,1.26,5.03,0.002,0.977,18,1,99.5,1.07,NIL,0,APPROVED,0
KAG-LR-104285,SETTLEMENT,2024,6.75,6.84,1.82,0.024,0.972,73,4,90.9,0.89,ACTIVE_MORTGAGE,0,APPROVED,0
KAG-LR-104286,SALE_DEED,2006,2.58,2.52,6.5,0.003,0.953,10,1,99.5,0.98,NIL,0,APPROVED,0
KAG-LR-104287,PATTA,1990,2.94,2.77,5.81,0.577,0.66,696,1,74.3,0.71,DISPUTED,1,PENDING,1
KAG-LR-104288,GIFT_DEED,1971,1.32,1.4,1.49,0.001,0.999,30,1,92.6,1.01,NIL,0,APPROVED,0
KAG-LR-104289,PATTA,2021,1.47,1.18,19.81,0.263,0.465,2436,1,81.1,0.37,DISPUTED,1,REJECTED,1
KAG-LR-104290,PATTA,1987,1.05,1.06,1.51,0.01,0.934,24,2,92.4,0.95,NIL,0,APPROVED,0
KAG-LR-104291,PATTA,1973,2.04,2.13,2.1,0.002,0.954,19,3,92.5,1.05,ACTIVE_MORTGAGE,0,APPROVED,0
KAG-LR-104292,PATTA,1965,2.79,2.81,1.78,0.001,0.958,80,1,96.3,0.92,NIL,0,APPROVED,0
KAG-LR-104293,PATTA,2009,5.42,5.5,1.22,0.009,0.958,59,3,84.9,1.06,NIL,0,PENDING,0
KAG-LR-104294,GIFT_DEED,1995,4.94,5.03,0.62,0.004,0.996,35,1,93.4,1.02,NIL,0,APPROVED,0
KAG-LR-104295,PATTA,1989,7.73,7.66,4.44,0.008,0.956,40,2,96.0,1.07,COURT_STAY,0,APPROVED,0
KAG-LR-104296,SALE_DEED,1975,2.26,2.39,1.27,0.006,0.936,34,1,88.0,1.03,ACTIVE_MORTGAGE,0,APPROVED,0
KAG-LR-104297,PATTA,2012,4.31,4.42,3.26,0.002,0.968,16,2,94.0,1.03,NIL,0,APPROVED,0
KAG-LR-104298,SETTLEMENT,2008,3.03,3.1,6.5,0.0,0.956,26,3,97.0,0.94,ACTIVE_MORTGAGE,0,APPROVED,0
KAG-LR-104299,SALE_DEED,1987,15.77,16.21,1.21,0.013,0.997,51,2,94.4,0.95,ACTIVE_MORTGAGE,0,APPROVED,0
KAG-LR-104300,PATTA,2000,8.57,8.85,4.3,0.004,0.972,38,1,98.6,0.98,ACTIVE_MORTGAGE,0,REJECTED,0
KAG-LR-104301,GIFT_DEED,1971,1.67,1.64,2.63,0.009,0.981,39,1,93.6,1.1,NIL,0,APPROVED,0
KAG-LR-104302,SALE_DEED,2026,1.54,1.49,1.07,0.01,0.954,47,2,90.3,1.06,NIL,0,APPROVED,0
KAG-LR-104303,SALE_DEED,1988,7.29,7.19,1.58,0.01,0.953,59,2,95.1,0.9,NIL,1,PENDING,0
KAG-LR-104304,SALE_DEED,1992,2.25,2.98,32.33,0.536,0.627,1243,1,62.1,0.72,ACTIVE_MORTGAGE,1,PENDING,1
KAG-LR-104305,SETTLEMENT,2017,3.28,4.11,25.33,0.332,0.459,114,2,93.5,0.7,NIL,1,APPROVED,1
KAG-LR-104306,SALE_DEED,1993,2.32,2.3,3.35,0.003,0.943,75,4,91.9,0.83,NIL,0,APPROVED,0
KAG-LR-104307,PATTA,2016,1.03,1.0,4.37,0.002,0.982,37,2,93.0,1.01,NIL,0,APPROVED,0
KAG-LR-104308,SALE_DEED,2000,4.87,3.74,23.15,0.177,0.689,-262,2,80.5,0.73,NIL,0,REJECTED,1
KAG-LR-104309,PATTA,1983,2.58,2.92,13.04,0.201,0.46,1934,2,75.9,0.57,NIL,1,PENDING,1
KAG-LR-104310,SALE_DEED,2011,2.46,2.43,2.56,0.001,0.986,16,3,89.0,1.04,NIL,0,APPROVED,0
KAG-LR-104311,SETTLEMENT,1987,1.55,1.53,1.95,0.002,0.978,48,1,95.7,0.98,ACTIVE_MORTGAGE,0,APPROVED,0
KAG-LR-104312,SETTLEMENT,1999,6.05,6.06,1.49,0.004,0.955,58,1,95.2,1.18,NIL,0,REJECTED,0
KAG-LR-104313,PATTA,2011,1.98,1.9,4.81,0.008,0.945,174,1,85.9,1.03,NIL,0,PENDING,0
KAG-LR-104314,PATTA,1972,5.4,5.3,1.58,0.017,0.989,25,1,99.5,0.97,ACTIVE_MORTGAGE,0,APPROVED,0
KAG-LR-104315,SALE_DEED,2004,1.98,1.94,6.5,0.002,0.948,67,1,91.8,0.95,NIL,0,APPROVED,0
KAG-LR-104316,SALE_DEED,2015,1.81,1.74,1.5,0.01,0.984,28,2,93.0,0.92,NIL,0,APPROVED,0
KAG-LR-104317,SALE_DEED,2002,1.17,1.23,5.04,0.287,0.504,1396,1,78.1,0.69,NIL,0,REJECTED,1
KAG-LR-104318,PATTA,1997,2.43,2.47,2.27,0.002,0.991,57,1,98.0,0.91,NIL,0,APPROVED,0
KAG-LR-104319,SALE_DEED,2005,8.68,8.92,2.12,0.004,0.928,23,4,93.4,0.97,NIL,0,APPROVED,0
KAG-LR-104320,SALE_DEED,1989,2.05,1.89,7.77,0.236,0.498,685,3,78.1,0.58,NIL,1,APPROVED,1
KAG-LR-104321,POWER_OF_ATTORNEY,1978,4.16,4.26,1.45,0.006,0.971,39,4,97.7,1.06,NIL,0,APPROVED,0
KAG-LR-104322,SALE_DEED,2023,2.55,2.51,5.06,0.015,0.984,25,1,91.0,0.94,NIL,0,APPROVED,0
KAG-LR-104323,SALE_DEED,1969,0.87,0.87,3.67,0.016,0.947,24,1,91.2,1.0,NIL,0,APPROVED,0
KAG-LR-104324,PATTA,2019,3.19,3.38,2.04,0.0,0.923,49,1,97.4,0.96,NIL,0,APPROVED,0
KAG-LR-104325,PATTA,1996,3.76,3.82,1.26,0.012,0.986,19,3,87.2,1.11,NIL,0,APPROVED,0
KAG-LR-104326,SALE_DEED,1972,0.9,0.9,2.88,0.003,0.94,15,3,90.3,0.92,NIL,0,APPROVED,0
KAG-LR-104327,SALE_DEED,1974,3.9,3.83,0.15,0.0,0.964,27,1,82.8,0.9,NIL,0,APPROVED,0
KAG-LR-104328,SALE_DEED,2008,0.58,0.55,2.56,0.011,0.971,24,2,91.6,0.99,NIL,0,APPROVED,0
KAG-LR-104329,SALE_DEED,1985,3.19,2.06,35.53,0.499,0.542,1960,2,46.5,0.64,ACTIVE_MORTGAGE,1,PENDING,1
KAG-LR-104330,SALE_DEED,1977,3.2,3.1,1.63,0.035,0.972,21,1,93.4,1.01,NIL,0,APPROVED,0
KAG-LR-104331,SALE_DEED,2001,9.85,10.39,1.56,0.001,0.928,33,3,88.5,1.05,NIL,0,APPROVED,0
KAG-LR-104332,SALE_DEED,1967,1.0,0.97,1.15,0.001,0.947,22,3,90.5,1.05,NIL,0,APPROVED,0
KAG-LR-104333,PATTA,2023,1.36,1.39,6.5,0.0,0.975,56,2,93.9,0.97,NIL,0,APPROVED,0
KAG-LR-104334,SALE_DEED,2011,0.47,0.48,1.06,0.006,0.939,29,1,94.6,1.0,NIL,0,APPROVED,0
KAG-LR-104335,PATTA,1988,1.01,1.04,1.3,0.006,0.993,35,4,89.8,0.95,ACTIVE_MORTGAGE,0,APPROVED,0
KAG-LR-104336,POWER_OF_ATTORNEY,2024,1.61,1.6,1.29,0.024,0.944,54,3,91.2,1.0,NIL,0,APPROVED,0
KAG-LR-104337,PATTA,2013,3.65,3.5,0.9,0.004,0.961,10,3,94.5,1.09,NIL,0,APPROVED,0
KAG-LR-104338,PATTA,1971,3.7,3.68,1.72,0.002,0.974,36,3,96.5,1.07,ACTIVE_MORTGAGE,0,PENDING,0
KAG-LR-104339,PATTA,1976,3.04,2.92,6.5,0.017,0.976,45,3,88.4,0.98,NIL,0,REJECTED,0
KAG-LR-104340,PATTA,1981,4.66,4.51,1.39,0.005,0.989,14,1,89.0,0.91,NIL,0,APPROVED,0
KAG-LR-104341,SETTLEMENT,2007,2.63,2.49,3.02,0.003,0.968,28,4,99.0,0.97,NIL,0,APPROVED,0
KAG-LR-104342,SALE_DEED,1986,3.01,3.13,0.31,0.009,0.991,8,3,95.9,0.97,NIL,0,APPROVED,0
KAG-LR-104343,SALE_DEED,2008,1.93,2.02,2.44,0.0,0.919,12,1,91.6,1.06,NIL,0,APPROVED,0
KAG-LR-104344,SETTLEMENT,2006,0.78,0.74,5.23,0.021,0.952,51,2,90.5,0.91,NIL,0,APPROVED,0
KAG-LR-104345,PATTA,1991,1.38,1.31,1.85,0.003,0.988,47,1,87.0,0.88,NIL,1,APPROVED,0
KAG-LR-104346,SALE_DEED,2012,3.82,3.63,1.9,0.001,0.986,45,3,95.5,1.04,NIL,0,APPROVED,0
KAG-LR-104347,PATTA,1989,0.99,1.0,1.87,0.008,0.966,41,1,87.9,1.03,ACTIVE_MORTGAGE,0,APPROVED,0
KAG-LR-104348,SALE_DEED,2001,0.63,0.64,1.72,0.0,0.899,43,1,90.8,0.94,NIL,0,APPROVED,0
KAG-LR-104349,PATTA,2023,4.76,5.55,16.62,0.343,0.554,934,2,97.0,0.78,NIL,0,REJECTED,1
KAG-LR-104350,SALE_DEED,1972,10.4,9.79,3.89,0.008,0.927,26,3,95.3,0.93,NIL,0,PENDING,0
KAG-LR-104351,PATTA,1992,2.85,2.99,2.1,0.002,0.978,42,1,90.1,1.07,NIL,0,PENDING,0
KAG-LR-104352,SALE_DEED,2022,4.18,4.24,1.61,0.003,0.957,20,1,92.9,0.99,ACTIVE_MORTGAGE,0,APPROVED,0
KAG-LR-104353,PATTA,1981,10.92,10.53,6.5,0.003,0.976,20,2,92.6,1.1,NIL,0,APPROVED,0
KAG-LR-104354,PATTA,2020,1.93,2.31,19.51,0.589,0.598,1999,1,46.2,0.73,DISPUTED,1,APPROVED,1
KAG-LR-104355,PATTA,1970,0.47,0.49,3.76,0.009,0.934,43,3,91.3,0.97,ACTIVE_MORTGAGE,0,APPROVED,0
KAG-LR-104356,PATTA,1986,1.1,1.13,4.41,0.006,0.965,11,1,88.3,1.05,NIL,0,APPROVED,0
KAG-LR-104357,SETTLEMENT,1981,3.2,3.24,2.54,0.018,0.982,31,2,96.5,1.03,NIL,0,APPROVED,0
KAG-LR-104358,GIFT_DEED,1982,1.07,1.08,3.76,0.003,0.931,27,1,89.7,0.99,NIL,0,APPROVED,0
KAG-LR-104359,PATTA,2005,0.74,0.66,11.12,0.302,0.583,-304,1,71.4,0.32,DISPUTED,1,APPROVED,1
KAG-LR-104360,SALE_DEED,2003,1.89,1.96,1.36,0.004,0.971,38,3,88.2,1.04,NIL,0,APPROVED,0
KAG-LR-104361,PATTA,1990,0.54,0.26,52.21,0.46,0.558,-175,1,59.4,0.38,NIL,1,APPROVED,1
KAG-LR-104362,SETTLEMENT,2019,13.89,14.62,6.25,0.0,0.907,44,4,89.6,0.92,NIL,0,APPROVED,0
KAG-LR-104363,GIFT_DEED,1980,1.98,1.56,21.18,0.478,0.562,2472,1,53.9,0.59,ACTIVE_MORTGAGE,0,PENDING,1
KAG-LR-104364,PATTA,2023,1.84,1.88,1.6,0.01,0.902,19,2,98.2,0.92,ACTIVE_MORTGAGE,0,APPROVED,0
KAG-LR-104365,PATTA,1975,2.33,2.42,0.96,0.017,0.994,15,3,93.9,1.0,NIL,0,APPROVED,0
KAG-LR-104366,SALE_DEED,2004,2.01,1.91,0.51,0.004,0.946,22,1,98.6,1.01,NIL,0,APPROVED,0
KAG-LR-104367,PATTA,1989,2.02,2.14,6.07,0.209,0.723,1564,5,60.4,0.77,ACTIVE_MORTGAGE,0,PENDING,1
KAG-LR-104368,PATTA,1967,1.47,1.41,1.99,0.034,0.964,49,1,93.2,1.0,NIL,0,PENDING,0
KAG-LR-104369,POWER_OF_ATTORNEY,2006,1.85,1.35,27.19,0.117,0.594,970,1,69.9,0.51,DISPUTED,1,REJECTED,1
KAG-LR-104370,PATTA,1995,4.78,4.6,5.84,0.017,0.965,68,4,93.7,1.05,NIL,0,APPROVED,0
KAG-LR-104371,POWER_OF_ATTORNEY,2012,2.83,2.94,3.08,0.003,0.972,22,2,83.6,1.03,NIL,0,APPROVED,0
KAG-LR-104372,PATTA,1989,5.17,5.45,1.7,0.042,0.884,42,1,85.7,1.02,NIL,0,APPROVED,0
KAG-LR-104373,PATTA,2018,0.76,0.73,1.64,0.004,0.99,49,3,99.0,0.91,ACTIVE_MORTGAGE,0,PENDING,0
KAG-LR-104374,POWER_OF_ATTORNEY,1969,4.43,4.49,4.22,0.001,0.973,22,1,96.6,0.99,NIL,0,APPROVED,0
KAG-LR-104375,SALE_DEED,2005,1.85,1.75,2.24,0.017,0.986,52,2,88.8,1.05,NIL,0,PENDING,0
KAG-LR-104376,PATTA,2014,1.53,1.53,1.37,0.009,0.89,25,1,91.3,1.08,NIL,0,APPROVED,0
KAG-LR-104377,SALE_DEED,2007,0.31,0.3,0.53,0.014,0.978,49,2,94.0,0.99,NIL,0,APPROVED,0
KAG-LR-104378,SALE_DEED,2011,1.71,1.72,1.87,0.012,0.915,38,1,92.5,0.98,NIL,0,APPROVED,0
KAG-LR-104379,SETTLEMENT,1986,9.88,10.25,4.38,0.007,0.966,17,1,97.0,0.95,NIL,0,APPROVED,0
KAG-LR-104380,GIFT_DEED,2011,1.44,1.38,2.45,0.005,0.988,27,1,94.2,1.01,NIL,0,APPROVED,0
KAG-LR-104381,SALE_DEED,1979,1.11,1.16,0.99,0.005,0.957,10,3,95.2,0.94,NIL,0,APPROVED,0
KAG-LR-104382,POWER_OF_ATTORNEY,2018,1.26,1.29,1.39,0.004,0.918,15,4,91.2,0.99,NIL,0,PENDING,0
KAG-LR-104383,PATTA,1984,3.09,3.01,2.27,0.011,0.993,23,3,87.2,1.05,NIL,0,APPROVED,0
KAG-LR-104384,POWER_OF_ATTORNEY,1977,12.97,13.58,4.71,0.014,0.953,29,1,88.3,0.9,ACTIVE_MORTGAGE,0,APPROVED,0
KAG-LR-104385,PATTA,2001,2.86,2.73,4.67,0.231,0.585,177,3,73.1,0.37,NIL,0,PENDING,1
KAG-LR-104386,POWER_OF_ATTORNEY,2022,5.48,6.22,13.54,0.435,0.692,86,4,60.3,0.7,ACTIVE_MORTGAGE,0,PENDING,1
KAG-LR-104387,PATTA,2021,1.8,1.92,6.93,0.34,0.613,-491,3,68.1,0.68,ACTIVE_MORTGAGE,1,PENDING,1
KAG-LR-104388,SALE_DEED,1976,1.7,1.59,6.28,0.407,0.497,546,1,74.2,0.36,DISPUTED,1,PENDING,1
KAG-LR-104389,SETTLEMENT,1991,0.4,0.39,3.9,0.0,0.965,14,1,94.3,1.09,ACTIVE_MORTGAGE,0,PENDING,0
KAG-LR-104390,PATTA,1999,0.87,0.89,0.99,0.007,0.963,28,2,95.3,1.05,ACTIVE_MORTGAGE,0,APPROVED,0
KAG-LR-104391,SETTLEMENT,1995,5.36,5.18,1.91,0.01,0.978,64,2,96.8,0.97,NIL,0,APPROVED,0
KAG-LR-104392,PATTA,2001,0.47,0.47,1.22,0.006,0.952,84,1,90.0,1.08,NIL,1,PENDING,0
KAG-LR-104393,PATTA,2008,2.19,2.11,3.39,0.001,0.916,20,2,92.2,1.03,NIL,0,APPROVED,0
KAG-LR-104394,SETTLEMENT,2008,0.39,0.39,3.57,0.004,0.973,60,4,96.1,0.95,NIL,1,APPROVED,0
KAG-LR-104395,PATTA,2000,1.04,1.08,2.69,0.001,0.936,45,1,89.5,1.02,NIL,0,APPROVED,0
KAG-LR-104396,SETTLEMENT,2011,5.71,5.79,3.08,0.005,0.912,12,4,89.5,1.14,NIL,0,APPROVED,0
KAG-LR-104397,PATTA,2026,0.53,0.53,1.99,0.004,0.978,26,1,91.6,1.06,NIL,0,APPROVED,0
KAG-LR-104398,SALE_DEED,2007,4.96,5.05,4.95,0.003,0.95,28,1,99.4,1.03,COURT_STAY,0,APPROVED,0
KAG-LR-104399,PATTA,1987,0.58,0.66,14.52,0.659,0.471,814,1,67.3,0.45,DISPUTED,1,REJECTED,1
KAG-LR-104400,PATTA,2006,2.45,1.92,21.76,0.345,0.591,344,1,86.6,0.28,NIL,1,APPROVED,1
KAG-LR-104401,SALE_DEED,2006,0.69,0.65,1.43,0.001,0.995,45,2,92.6,1.02,NIL,0,APPROVED,0
KAG-LR-104402,SALE_DEED,1977,3.4,3.34,1.98,0.038,0.994,55,4,93.4,1.05,NIL,0,APPROVED,0
KAG-LR-104403,SETTLEMENT,2001,3.89,3.8,6.23,0.012,0.982,18,2,86.2,1.11,ACTIVE_MORTGAGE,0,APPROVED,0
KAG-LR-104404,PATTA,1982,1.16,1.26,8.91,0.295,0.565,1898,1,65.4,0.68,ACTIVE_MORTGAGE,1,REJECTED,1
KAG-LR-104405,PATTA,1974,1.46,1.45,2.16,0.015,0.971,24,1,96.9,0.99,ACTIVE_MORTGAGE,0,PENDING,0
KAG-LR-104406,PATTA,2003,2.95,3.11,1.87,0.004,0.96,21,1,94.2,0.93,NIL,0,APPROVED,0
KAG-LR-104407,SETTLEMENT,2013,0.81,0.81,1.17,0.018,0.986,34,1,99.5,1.03,NIL,0,APPROVED,0
KAG-LR-104408,POWER_OF_ATTORNEY,1987,5.89,6.22,1.4,0.003,0.96,35,2,92.2,0.92,NIL,0,APPROVED,0
KAG-LR-104409,SALE_DEED,1969,2.0,1.89,6.5,0.014,0.971,37,1,89.9,1.09,NIL,0,PENDING,0
KAG-LR-104410,POWER_OF_ATTORNEY,2024,0.92,0.91,2.67,0.008,0.96,21,1,89.6,0.96,NIL,0,APPROVED,0
KAG-LR-104411,SALE_DEED,2019,5.71,6.03,1.42,0.005,0.978,25,2,93.9,1.04,ACTIVE_MORTGAGE,0,APPROVED,0
KAG-LR-104412,PATTA,2019,1.04,1.06,3.15,0.007,0.928,28,1,96.2,1.03,NIL,0,APPROVED,0
KAG-LR-104413,POWER_OF_ATTORNEY,2024,1.49,1.41,5.06,0.323,0.587,-201,3,63.3,0.38,NIL,1,PENDING,1
KAG-LR-104414,PATTA,1984,10.22,10.72,0.9,0.004,0.985,25,2,90.3,0.92,NIL,0,APPROVED,0
KAG-LR-104415,PATTA,2017,4.82,4.56,0.72,0.003,0.986,31,3,89.4,0.96,NIL,0,APPROVED,0
KAG-LR-104416,SALE_DEED,1967,1.32,1.29,4.66,0.001,0.981,21,3,90.5,0.94,DISPUTED,0,APPROVED,0
KAG-LR-104417,SALE_DEED,1990,1.69,1.68,1.33,0.003,0.969,36,1,91.2,1.02,NIL,1,PENDING,0
KAG-LR-104418,SETTLEMENT,2024,3.45,3.4,0.89,0.0,0.996,23,1,90.6,0.94,NIL,0,PENDING,0
KAG-LR-104419,PATTA,1974,2.09,2.17,3.4,0.01,0.983,46,1,99.5,1.0,NIL,0,APPROVED,0
KAG-LR-104420,PATTA,2008,0.67,0.7,1.17,0.028,0.986,28,1,94.5,1.11,ACTIVE_MORTGAGE,0,APPROVED,0
KAG-LR-104421,GIFT_DEED,1994,2.79,2.91,4.69,0.009,0.906,35,1,94.8,0.99,NIL,0,APPROVED,0
KAG-LR-104422,PATTA,1988,3.58,2.13,40.49,0.625,0.576,536,3,86.1,0.61,ACTIVE_MORTGAGE,1,APPROVED,1
KAG-LR-104423,SALE_DEED,2012,0.99,0.95,2.19,0.001,0.984,9,3,92.5,0.97,NIL,0,APPROVED,0
KAG-LR-104424,SALE_DEED,2003,0.98,1.09,11.35,0.126,0.556,78,1,77.0,0.46,NIL,1,APPROVED,1
KAG-LR-104425,SALE_DEED,1983,5.3,6.27,18.23,0.288,0.617,956,1,86.3,0.68,DISPUTED,1,PENDING,1
KAG-LR-104426,SALE_DEED,1994,3.55,3.44,6.5,0.003,0.953,40,2,92.9,0.98,NIL,0,APPROVED,0
KAG-LR-104427,SALE_DEED,2001,2.35,2.3,1.15,0.0,0.948,20,1,91.2,1.01,ACTIVE_MORTGAGE,0,APPROVED,0
KAG-LR-104428,PATTA,1980,7.62,7.47,3.23,0.004,0.973,28,1,94.9,1.06,NIL,0,APPROVED,0
KAG-LR-104429,SETTLEMENT,2004,3.4,3.31,1.61,0.01,0.964,35,4,95.0,0.96,NIL,0,APPROVED,0
KAG-LR-104430,SALE_DEED,2007,2.47,2.46,2.44,0.004,0.939,70,2,96.2,1.07,NIL,1,APPROVED,0
KAG-LR-104431,PATTA,1996,4.27,3.94,7.73,0.456,0.66,680,4,76.1,0.77,DISPUTED,0,REJECTED,1
KAG-LR-104432,SALE_DEED,2019,2.89,2.94,4.61,0.003,0.976,100,2,94.1,1.01,NIL,0,APPROVED,0
KAG-LR-104433,POWER_OF_ATTORNEY,1979,8.17,8.14,4.02,0.001,0.941,35,1,92.7,1.05,ACTIVE_MORTGAGE,0,APPROVED,0
KAG-LR-104434,PATTA,1990,2.94,2.79,3.37,0.008,0.99,58,1,90.6,0.9,ACTIVE_MORTGAGE,0,APPROVED,0
KAG-LR-104435,GIFT_DEED,1981,5.26,5.0,4.97,0.042,0.979,51,4,97.4,1.06,NIL,1,APPROVED,0
KAG-LR-104436,PATTA,1976,4.62,4.64,0.96,0.0,0.961,24,1,94.5,1.04,NIL,0,REJECTED,0
KAG-LR-104437,PATTA,2013,3.65,4.07,11.52,0.46,0.5,1259,4,65.5,0.75,NIL,0,REJECTED,1
KAG-LR-104438,SALE_DEED,1980,2.03,2.06,2.0,0.0,0.986,32,1,89.3,0.9,DISPUTED,0,APPROVED,0
KAG-LR-104439,PATTA,2000,3.65,3.75,2.73,0.014,0.966,44,1,91.6,1.0,NIL,0,APPROVED,0
KAG-LR-104440,SALE_DEED,2014,4.79,4.57,1.32,0.0,0.956,40,1,95.3,0.93,NIL,0,APPROVED,0
KAG-LR-104441,PATTA,2009,13.22,13.31,2.51,0.002,0.986,26,1,99.5,0.97,NIL,0,APPROVED,0
KAG-LR-104442,POWER_OF_ATTORNEY,2003,1.68,1.75,3.79,0.008,0.998,45,2,96.8,1.0,ACTIVE_MORTGAGE,0,APPROVED,0
KAG-LR-104443,GIFT_DEED,1975,2.16,2.25,1.15,0.001,0.984,20,1,90.7,0.91,NIL,0,APPROVED,0
KAG-LR-104444,SALE_DEED,1995,4.09,4.21,3.63,0.007,0.921,34,3,92.3,1.01,NIL,0,APPROVED,0
KAG-LR-104445,PATTA,2026,1.4,1.34,2.76,0.006,0.992,33,4,96.6,0.89,NIL,0,APPROVED,0
KAG-LR-104446,PATTA,1983,0.87,0.83,1.83,0.005,0.974,28,1,90.0,0.94,NIL,0,APPROVED,0
KAG-LR-104447,SALE_DEED,1995,0.98,0.97,2.93,0.003,0.985,26,2,90.8,0.95,NIL,1,APPROVED,0
KAG-LR-104448,SETTLEMENT,1975,0.81,0.92,13.37,0.437,0.673,-82,2,53.8,0.56,ACTIVE_MORTGAGE,0,REJECTED,1
KAG-LR-104449,PATTA,1967,2.27,2.28,1.65,0.002,0.994,57,2,84.5,1.09,NIL,0,APPROVED,0
KAG-LR-104450,PATTA,2021,3.07,2.96,2.59,0.012,0.953,35,4,90.3,0.93,NIL,0,PENDING,0
KAG-LR-104451,PATTA,2020,3.58,3.75,2.72,0.0,0.972,41,1,94.9,1.06,DISPUTED,0,APPROVED,0
KAG-LR-104452,GIFT_DEED,1999,3.37,3.47,3.5,0.005,0.947,23,2,92.7,0.98,NIL,0,APPROVED,0
KAG-LR-104453,POWER_OF_ATTORNEY,2010,4.94,4.99,3.06,0.0,0.976,12,1,99.5,1.04,ACTIVE_MORTGAGE,0,APPROVED,0
KAG-LR-104454,PATTA,1981,4.62,4.81,1.5,0.004,0.995,48,1,90.8,0.98,NIL,0,APPROVED,0
KAG-LR-104455,PATTA,1998,5.46,5.61,2.32,0.0,0.992,38,1,91.8,1.0,DISPUTED,0,APPROVED,0
KAG-LR-104456,PATTA,2003,4.34,4.16,3.6,0.002,0.969,38,2,86.0,1.02,NIL,0,APPROVED,0
KAG-LR-104457,PATTA,1989,1.64,1.57,6.5,0.005,0.921,13,2,91.6,0.92,NIL,1,APPROVED,0
KAG-LR-104458,SALE_DEED,2015,4.83,4.79,6.5,0.005,0.948,35,2,93.9,1.04,ACTIVE_MORTGAGE,0,APPROVED,0
KAG-LR-104459,SALE_DEED,1999,0.52,0.51,0.83,0.005,0.929,13,3,82.9,1.16,NIL,0,APPROVED,0
KAG-LR-104460,SALE_DEED,2013,0.5,0.51,2.99,0.015,0.991,32,2,92.9,0.94,NIL,0,APPROVED,0
KAG-LR-104461,PATTA,2025,1.02,0.96,2.57,0.028,0.963,77,2,85.0,1.04,NIL,0,APPROVED,0
KAG-LR-104462,PATTA,2026,1.01,1.0,2.99,0.005,0.928,22,1,94.9,1.02,NIL,0,APPROVED,0
KAG-LR-104463,PATTA,1985,3.73,3.8,3.57,0.011,0.969,86,1,93.5,0.95,NIL,0,APPROVED,0
KAG-LR-104464,PATTA,2021,15.6,16.19,3.68,0.029,0.937,18,2,88.9,0.9,NIL,0,APPROVED,0
KAG-LR-104465,SALE_DEED,2018,0.42,0.44,3.76,0.0,0.945,52,2,92.2,0.96,NIL,0,APPROVED,0
KAG-LR-104466,SALE_DEED,2011,2.3,2.18,4.18,0.005,0.965,15,1,93.6,0.96,NIL,0,PENDING,0
KAG-LR-104467,PATTA,2007,2.15,2.26,1.66,0.015,0.992,9,2,88.0,1.07,NIL,0,APPROVED,0
KAG-LR-104468,SALE_DEED,2025,2.5,2.51,2.22,0.015,0.943,48,1,92.4,1.0,ACTIVE_MORTGAGE,0,APPROVED,0
KAG-LR-104469,SALE_DEED,2007,0.85,0.87,0.81,0.004,0.981,47,1,83.0,0.96,NIL,0,APPROVED,0
KAG-LR-104470,SETTLEMENT,2007,0.69,0.72,1.49,0.006,0.97,45,2,93.3,1.05,NIL,0,APPROVED,0
KAG-LR-104471,POWER_OF_ATTORNEY,2023,2.53,2.47,0.96,0.001,0.958,13,1,95.8,1.0,NIL,0,APPROVED,0
KAG-LR-104472,GIFT_DEED,1973,1.71,1.76,4.28,0.003,0.983,34,3,99.5,1.09,DISPUTED,0,APPROVED,0
KAG-LR-104473,PATTA,2012,1.09,1.13,3.12,0.01,0.918,22,1,94.4,0.96,NIL,0,APPROVED,0
KAG-LR-104474,PATTA,1969,1.16,1.22,2.31,0.007,0.993,34,2,93.4,0.94,NIL,0,APPROVED,0
KAG-LR-104475,SETTLEMENT,2003,8.49,7.49,11.74,0.376,0.522,59,2,84.2,0.7,ACTIVE_MORTGAGE,0,PENDING,1
KAG-LR-104476,PATTA,2016,2.01,0.98,51.43,0.248,0.695,2476,1,63.7,0.67,DISPUTED,0,REJECTED,1
KAG-LR-104477,SETTLEMENT,2007,0.68,0.68,1.1,0.001,0.961,43,1,89.8,0.88,NIL,1,APPROVED,0
KAG-LR-104478,SALE_DEED,2005,2.24,1.82,18.71,0.21,0.525,2066,2,65.9,0.77,NIL,1,REJECTED,1
KAG-LR-104479,SALE_DEED,1990,1.99,2.04,1.07,0.007,0.951,50,1,93.4,1.16,NIL,0,APPROVED,0
KAG-LR-104480,PATTA,1975,13.5,22.5,66.65,0.297,0.652,1672,1,81.3,0.54,ACTIVE_MORTGAGE,0,REJECTED,1
KAG-LR-104481,PATTA,2001,2.4,2.46,4.07,0.012,0.952,43,1,95.4,0.97,NIL,0,APPROVED,0
KAG-LR-104482,POWER_OF_ATTORNEY,2005,0.58,0.75,29.33,0.135,0.574,145,2,76.7,0.76,ACTIVE_MORTGAGE,0,REJECTED,1
KAG-LR-104483,POWER_OF_ATTORNEY,1979,5.16,4.95,2.86,0.038,0.973,27,1,97.9,0.96,NIL,0,APPROVED,0
KAG-LR-104484,SALE_DEED,1991,5.98,6.18,1.73,0.011,0.95,56,2,93.9,1.12,NIL,0,APPROVED,0
KAG-LR-104485,PATTA,2011,2.46,2.97,20.9,0.232,0.546,-480,2,81.6,0.56,COURT_STAY,0,PENDING,1
KAG-LR-104486,SALE_DEED,2022,0.38,0.38,1.68,0.031,0.977,29,3,95.0,0.96,NIL,0,APPROVED,0
KAG-LR-104487,SETTLEMENT,2022,2.58,2.68,0.77,0.003,0.96,25,4,87.4,1.01,NIL,0,APPROVED,0
KAG-LR-104488,GIFT_DEED,2003,0.77,0.73,1.64,0.02,0.963,73,4,88.4,1.13,NIL,0,APPROVED,0
KAG-LR-104489,GIFT_DEED,1993,2.71,2.69,1.94,0.021,0.961,48,2,91.2,1.12,NIL,0,REJECTED,0
KAG-LR-104490,SALE_DEED,2015,1.01,1.06,4.38,0.004,0.972,25,1,92.8,1.01,NIL,0,APPROVED,0
KAG-LR-104491,GIFT_DEED,2015,0.42,0.52,22.86,0.365,0.643,103,2,84.0,0.45,DISPUTED,1,APPROVED,1
KAG-LR-104492,PATTA,1996,4.91,4.67,3.61,0.01,0.983,30,3,89.0,1.01,NIL,0,APPROVED,0
KAG-LR-104493,SETTLEMENT,1973,4.61,4.82,4.66,0.542,0.684,-708,1,64.2,0.75,DISPUTED,0,PENDING,1
KAG-LR-104494,PATTA,1995,2.01,2.13,6.14,0.446,0.664,319,1,86.5,0.64,NIL,0,REJECTED,1
KAG-LR-104495,PATTA,1974,5.56,5.76,0.48,0.014,0.997,12,1,94.5,0.98,NIL,0,APPROVED,0
KAG-LR-104496,POWER_OF_ATTORNEY,2021,1.61,1.6,4.16,0.039,0.987,69,1,94.0,1.14,NIL,0,APPROVED,0
KAG-LR-104497,SALE_DEED,1969,1.07,1.08,3.18,0.008,0.982,28,1,91.5,0.93,NIL,0,APPROVED,0
KAG-LR-104498,SALE_DEED,1965,1.53,1.55,2.45,0.004,0.934,21,2,89.8,0.95,NIL,0,APPROVED,0
KAG-LR-104499,SALE_DEED,1974,0.57,0.6,2.47,0.012,0.957,60,1,89.9,0.94,NIL,0,APPROVED,0
KAG-LR-104500,PATTA,2004,5.53,5.86,1.12,0.0,0.981,36,2,91.7,1.06,NIL,0,PENDING,0
KAG-LR-104501,POWER_OF_ATTORNEY,1977,4.37,4.38,3.01,0.0,0.989,49,2,97.2,0.98,NIL,0,APPROVED,0
KAG-LR-104502,SALE_DEED,1998,0.85,0.84,2.98,0.003,0.986,15,1,89.3,0.92,NIL,0,APPROVED,0
KAG-LR-104503,PATTA,1975,1.79,2.02,12.97,0.155,0.536,1801,2,97.0,0.48,NIL,1,REJECTED,1
KAG-LR-104504,SETTLEMENT,1993,1.35,1.29,2.43,0.007,0.993,32,2,92.1,0.99,NIL,1,PENDING,0
KAG-LR-104505,SALE_DEED,1995,4.33,4.33,1.06,0.009,0.987,56,1,88.3,0.95,ACTIVE_MORTGAGE,0,APPROVED,0
KAG-LR-104506,PATTA,1993,4.45,4.2,1.5,0.011,0.975,13,2,96.4,1.12,NIL,0,APPROVED,0
KAG-LR-104507,PATTA,2001,1.64,1.72,6.5,0.013,0.953,12,3,92.7,0.98,NIL,0,APPROVED,0
KAG-LR-104508,PATTA,1995,5.76,5.91,0.86,0.03,0.995,8,2,95.9,1.01,NIL,0,APPROVED,0
KAG-LR-104509,PATTA,2019,1.7,1.72,2.32,0.017,0.988,17,4,92.0,0.96,NIL,0,APPROVED,0
KAG-LR-104510,PATTA,2026,5.16,4.94,1.61,0.001,0.982,63,5,95.9,1.05,NIL,0,APPROVED,0
KAG-LR-104511,SETTLEMENT,2004,3.7,3.74,1.34,0.013,0.972,13,2,97.3,0.99,NIL,0,APPROVED,0
KAG-LR-104512,PATTA,2014,8.13,8.38,1.2,0.013,0.938,48,2,95.5,0.97,NIL,0,APPROVED,0
KAG-LR-104513,SALE_DEED,2012,4.37,5.39,23.36,0.576,0.5,114,1,76.6,0.46,NIL,0,REJECTED,1
KAG-LR-104514,PATTA,2015,3.85,4.08,1.77,0.018,0.966,9,4,89.5,1.0,NIL,0,APPROVED,0
KAG-LR-104515,SALE_DEED,1988,0.57,0.57,0.83,0.001,0.958,62,3,92.8,1.09,NIL,0,APPROVED,0
KAG-LR-104516,SETTLEMENT,2019,2.6,2.73,1.44,0.001,0.96,10,3,91.9,1.06,NIL,0,APPROVED,0
KAG-LR-104517,SETTLEMENT,1987,0.6,0.69,14.63,0.371,0.603,-454,3,56.7,0.27,ACTIVE_MORTGAGE,1,PENDING,1
KAG-LR-104518,SALE_DEED,1970,4.38,4.56,1.04,0.004,0.975,23,3,90.2,0.97,NIL,0,APPROVED,0
KAG-LR-104519,PATTA,2014,3.46,3.48,1.0,0.006,0.98,80,1,94.1,1.01,ACTIVE_MORTGAGE,0,APPROVED,0
KAG-LR-104520,POWER_OF_ATTORNEY,2020,3.08,3.11,2.03,0.009,0.979,29,1,98.8,1.1,NIL,0,APPROVED,0
KAG-LR-104521,PATTA,2024,0.54,0.54,2.6,0.027,0.963,47,4,99.5,1.0,NIL,0,APPROVED,0
KAG-LR-104522,PATTA,1974,3.27,3.1,4.13,0.008,0.993,21,1,99.5,0.93,NIL,0,APPROVED,0
KAG-LR-104523,SETTLEMENT,1978,3.35,3.37,0.52,0.01,0.901,18,3,93.3,0.92,NIL,0,APPROVED,0
KAG-LR-104524,PATTA,1978,0.59,0.61,1.44,0.027,0.995,36,3,96.3,0.98,NIL,1,APPROVED,0
KAG-LR-104525,SALE_DEED,1979,2.91,3.08,1.36,0.013,0.971,11,2,94.8,1.0,NIL,0,APPROVED,0
KAG-LR-104526,POWER_OF_ATTORNEY,1995,3.38,3.36,3.86,0.002,0.968,45,2,93.9,0.93,NIL,0,APPROVED,0
KAG-LR-104527,SALE_DEED,1993,3.6,3.46,1.54,0.007,0.988,19,1,96.0,1.01,NIL,0,APPROVED,0
KAG-LR-104528,SETTLEMENT,2008,10.01,10.48,4.22,0.006,0.974,34,2,99.5,1.03,NIL,0,APPROVED,0
KAG-LR-104529,SETTLEMENT,1969,2.92,2.89,1.16,0.023,0.941,53,3,92.2,0.98,NIL,0,APPROVED,0
KAG-LR-104530,PATTA,2000,1.01,0.97,0.33,0.008,0.907,30,1,94.9,0.95,ACTIVE_MORTGAGE,0,APPROVED,0
KAG-LR-104531,PATTA,1999,1.64,1.67,0.66,0.003,0.946,28,2,99.5,1.1,NIL,0,APPROVED,0
KAG-LR-104532,SETTLEMENT,1965,0.33,0.34,0.64,0.003,0.976,75,2,90.9,1.03,NIL,0,APPROVED,0
KAG-LR-104533,PATTA,1968,1.57,1.59,2.54,0.002,0.976,12,1,93.3,0.92,NIL,0,APPROVED,0
KAG-LR-104534,SALE_DEED,2009,4.38,4.22,1.94,0.012,0.965,22,1,95.5,0.96,NIL,0,APPROVED,0
KAG-LR-104535,PATTA,1970,1.79,1.76,1.78,0.009,0.936,37,1,88.3,1.04,NIL,1,APPROVED,0
KAG-LR-104536,SALE_DEED,1983,1.68,1.76,5.12,0.001,0.964,30,2,98.3,0.98,NIL,0,APPROVED,0
KAG-LR-104537,PATTA,1969,0.44,0.47,6.54,0.493,0.433,2325,1,79.1,0.6,COURT_STAY,1,APPROVED,1
KAG-LR-104538,SALE_DEED,1966,1.31,1.31,4.55,0.009,0.975,43,3,90.8,1.05,ACTIVE_MORTGAGE,0,APPROVED,0
KAG-LR-104539,SETTLEMENT,1973,4.82,4.77,6.5,0.018,0.93,20,3,93.2,1.09,NIL,0,APPROVED,0
KAG-LR-104540,SETTLEMENT,1968,1.86,1.83,1.57,0.017,0.966,22,1,90.7,1.0,NIL,0,PENDING,0
KAG-LR-104541,POWER_OF_ATTORNEY,1984,2.97,3.03,4.0,0.003,0.995,17,3,88.0,0.95,NIL,0,APPROVED,0
KAG-LR-104542,PATTA,2009,0.99,1.0,3.55,0.004,0.968,11,2,84.7,1.09,NIL,0,APPROVED,0
KAG-LR-104543,SALE_DEED,2017,5.43,5.75,1.56,0.011,0.997,27,3,90.8,1.14,NIL,0,APPROVED,0
KAG-LR-104544,PATTA,2002,1.92,1.9,3.66,0.009,0.989,23,1,89.2,1.02,NIL,0,APPROVED,0
KAG-LR-104545,POWER_OF_ATTORNEY,1968,0.36,0.35,6.5,0.009,0.968,9,2,93.2,0.98,NIL,0,REJECTED,0
KAG-LR-104546,SALE_DEED,1983,9.75,10.24,5.55,0.026,0.993,49,1,92.7,0.98,NIL,0,APPROVED,0
KAG-LR-104547,PATTA,1965,0.58,0.6,1.98,0.003,0.966,85,2,94.3,1.04,NIL,0,APPROVED,0
KAG-LR-104548,SETTLEMENT,2014,1.11,1.06,1.1,0.026,0.997,12,3,96.3,1.0,NIL,0,REJECTED,0
KAG-LR-104549,SALE_DEED,1999,1.21,1.15,6.5,0.002,0.929,16,1,87.9,1.02,NIL,0,APPROVED,0
KAG-LR-104550,SALE_DEED,2019,4.03,2.98,26.16,0.372,0.636,1588,3,85.4,0.61,NIL,0,REJECTED,1
KAG-LR-104551,SALE_DEED,2019,5.55,5.26,4.12,0.012,0.935,29,2,93.1,0.99,ACTIVE_MORTGAGE,0,APPROVED,0
KAG-LR-104552,POWER_OF_ATTORNEY,2006,5.53,5.27,5.59,0.032,0.947,35,2,87.1,0.94,NIL,0,APPROVED,0
KAG-LR-104553,PATTA,1998,3.92,3.9,3.07,0.044,0.933,54,2,95.1,1.05,NIL,0,APPROVED,0
KAG-LR-104554,SALE_DEED,2025,4.17,4.36,3.28,0.003,0.994,33,1,94.7,1.04,NIL,0,APPROVED,0
KAG-LR-104555,PATTA,1974,0.37,0.45,22.44,0.32,0.541,174,1,82.8,0.64,NIL,1,PENDING,1
KAG-LR-104556,POWER_OF_ATTORNEY,2000,0.33,0.34,4.99,0.008,0.997,24,5,99.5,1.04,NIL,0,APPROVED,0
KAG-LR-104557,PATTA,2012,4.13,4.24,5.53,0.008,0.967,50,1,94.9,0.88,NIL,0,APPROVED,0
KAG-LR-104558,PATTA,1981,1.09,1.03,3.1,0.041,0.965,25,1,89.3,0.87,NIL,0,PENDING,0
KAG-LR-104559,SETTLEMENT,2009,9.85,9.6,1.57,0.008,0.997,18,1,91.1,1.09,NIL,0,APPROVED,0
KAG-LR-104560,PATTA,1993,2.3,2.19,1.25,0.004,0.979,30,1,95.2,0.89,NIL,0,APPROVED,0
KAG-LR-104561,POWER_OF_ATTORNEY,2008,7.48,7.46,0.7,0.005,0.983,39,1,93.3,0.96,ACTIVE_MORTGAGE,0,PENDING,0
KAG-LR-104562,SALE_DEED,1996,3.59,3.47,2.9,0.001,0.979,12,3,97.1,1.04,DISPUTED,0,APPROVED,0
KAG-LR-104563,SALE_DEED,2004,7.06,9.4,33.11,0.298,0.503,2004,1,57.5,0.35,ACTIVE_MORTGAGE,1,APPROVED,1
KAG-LR-104564,SALE_DEED,1982,1.67,1.57,2.62,0.019,0.945,29,1,95.2,0.97,NIL,0,APPROVED,0
KAG-LR-104565,POWER_OF_ATTORNEY,2011,0.6,0.57,2.88,0.002,0.95,31,2,87.8,0.93,NIL,0,PENDING,0
KAG-LR-104566,SALE_DEED,1968,1.96,2.12,8.39,0.264,0.553,-447,1,81.9,0.59,ACTIVE_MORTGAGE,1,PENDING,1
KAG-LR-104567,POWER_OF_ATTORNEY,1985,5.0,4.89,2.13,0.007,0.982,47,1,89.2,1.01,NIL,0,APPROVED,0
KAG-LR-104568,SALE_DEED,1986,1.88,2.15,14.52,0.379,0.424,155,1,50.6,0.66,ACTIVE_MORTGAGE,1,PENDING,1
KAG-LR-104569,SETTLEMENT,2003,10.21,9.37,8.22,0.406,0.521,-585,2,93.4,0.74,COURT_STAY,0,PENDING,1
KAG-LR-104570,SETTLEMENT,1980,2.1,2.09,2.64,0.001,0.953,29,2,87.9,1.04,DISPUTED,0,APPROVED,0
KAG-LR-104571,PATTA,1966,10.27,10.85,1.96,0.004,0.949,18,2,92.4,0.95,NIL,0,APPROVED,0
KAG-LR-104572,POWER_OF_ATTORNEY,2003,1.79,2.18,22.0,0.259,0.677,-383,1,59.9,0.61,ACTIVE_MORTGAGE,0,REJECTED,1
KAG-LR-104573,PATTA,1978,1.63,1.72,2.65,0.0,0.984,29,4,90.1,1.02,NIL,0,APPROVED,0
KAG-LR-104574,SALE_DEED,1988,1.25,1.26,2.27,0.0,0.974,82,2,87.6,1.01,NIL,1,PENDING,0
KAG-LR-104575,POWER_OF_ATTORNEY,1968,0.57,0.53,7.16,0.478,0.691,1813,3,72.5,0.63,DISPUTED,0,APPROVED,1
KAG-LR-104576,SALE_DEED,1967,1.83,1.83,2.74,0.005,0.993,7,1,99.5,1.04,NIL,0,APPROVED,0
KAG-LR-104577,SALE_DEED,2014,3.36,3.47,1.45,0.022,0.988,44,3,91.6,0.9,NIL,0,APPROVED,0
KAG-LR-104578,SALE_DEED,2019,7.09,7.34,1.07,0.001,0.974,87,2,96.3,1.03,ACTIVE_MORTGAGE,0,APPROVED,0
KAG-LR-104579,PATTA,2004,2.1,2.22,4.0,0.003,0.969,32,1,94.0,0.93,NIL,0,APPROVED,0
KAG-LR-104580,PATTA,2008,1.22,1.25,6.08,0.016,0.995,41,4,96.4,0.96,ACTIVE_MORTGAGE,0,APPROVED,0
KAG-LR-104581,PATTA,2006,11.05,11.71,5.95,0.006,0.987,32,3,88.4,0.99,ACTIVE_MORTGAGE,0,APPROVED,0
KAG-LR-104582,PATTA,1965,2.18,2.2,0.24,0.002,0.902,49,1,99.5,1.0,NIL,0,PENDING,0
KAG-LR-104583,POWER_OF_ATTORNEY,2006,6.95,7.35,2.85,0.014,0.966,12,4,88.4,1.11,COURT_STAY,1,APPROVED,0
KAG-LR-104584,PATTA,1994,2.18,2.06,5.61,0.425,0.594,1706,2,71.8,0.71,ACTIVE_MORTGAGE,1,PENDING,1
KAG-LR-104585,PATTA,2008,6.48,6.78,0.53,0.007,0.956,67,4,92.8,0.93,NIL,0,APPROVED,0
KAG-LR-104586,PATTA,1980,1.05,1.06,1.75,0.004,0.951,12,1,87.1,1.02,NIL,0,APPROVED,0
KAG-LR-104587,SETTLEMENT,1983,9.88,9.64,0.22,0.009,0.988,21,1,93.4,1.03,NIL,0,APPROVED,0
KAG-LR-104588,SALE_DEED,1971,1.39,1.74,25.48,0.189,0.563,128,4,56.6,0.74,NIL,1,APPROVED,1
KAG-LR-104589,SALE_DEED,2011,3.93,3.99,1.34,0.0,0.957,11,1,91.8,0.91,NIL,0,APPROVED,0
KAG-LR-104590,SETTLEMENT,1973,2.92,2.78,4.4,0.005,0.994,18,3,89.0,1.02,NIL,0,APPROVED,0
KAG-LR-104591,PATTA,2003,2.53,2.41,1.45,0.002,0.958,21,3,96.4,0.98,NIL,0,APPROVED,0
KAG-LR-104592,PATTA,1987,0.46,0.31,33.38,0.205,0.388,277,4,53.0,0.49,ACTIVE_MORTGAGE,0,PENDING,1
KAG-LR-104593,PATTA,2022,8.69,9.12,1.46,0.006,0.965,9,3,85.5,1.09,NIL,0,APPROVED,0
KAG-LR-104594,PATTA,1967,0.82,0.87,1.89,0.002,0.952,44,1,90.7,1.12,NIL,0,APPROVED,0
KAG-LR-104595,SALE_DEED,2011,2.52,2.53,2.48,0.001,0.992,31,2,91.7,1.04,NIL,0,APPROVED,0
KAG-LR-104596,SALE_DEED,1995,6.28,5.95,2.03,0.01,0.999,48,1,90.8,1.03,NIL,0,APPROVED,0
KAG-LR-104597,SALE_DEED,1987,0.57,0.6,2.54,0.002,0.926,28,5,95.1,1.09,NIL,0,APPROVED,0
KAG-LR-104598,PATTA,1993,1.87,1.92,2.36,0.0,0.945,28,1,91.0,0.92,NIL,0,APPROVED,0
KAG-LR-104599,SETTLEMENT,2022,4.94,4.78,6.13,0.001,0.946,35,1,90.8,1.06,NIL,0,APPROVED,0
KAG-LR-104600,PATTA,2011,2.98,2.87,1.54,0.014,0.955,27,3,92.3,1.15,NIL,0,APPROVED,0
KAG-LR-104601,SALE_DEED,2009,4.92,3.76,23.64,0.312,0.622,-137,2,97.0,0.38,NIL,1,PENDING,1
KAG-LR-104602,SALE_DEED,1968,2.9,2.84,3.3,0.002,0.879,77,5,93.7,0.87,NIL,0,APPROVED,0
KAG-LR-104603,PATTA,1980,5.49,5.51,2.88,0.001,0.988,34,3,99.5,1.0,NIL,0,PENDING,0
KAG-LR-104604,GIFT_DEED,2001,0.39,0.37,1.56,0.005,0.961,15,3,89.3,1.04,NIL,0,APPROVED,0
KAG-LR-104605,PATTA,1976,0.98,0.98,1.21,0.028,0.984,10,1,91.6,1.08,NIL,0,APPROVED,0
KAG-LR-104606,POWER_OF_ATTORNEY,2014,2.54,2.65,2.59,0.0,0.968,56,3,92.7,1.0,NIL,0,APPROVED,0
KAG-LR-104607,POWER_OF_ATTORNEY,2026,2.52,2.59,2.45,0.002,0.976,54,2,97.7,0.91,ACTIVE_MORTGAGE,0,PENDING,0
KAG-LR-104608,POWER_OF_ATTORNEY,1987,1.18,1.18,3.13,0.013,0.911,31,3,88.5,0.96,NIL,0,APPROVED,0
KAG-LR-104609,SALE_DEED,1991,3.18,3.55,11.73,0.149,0.522,299,4,68.8,0.35,NIL,0,REJECTED,1
KAG-LR-104610,SETTLEMENT,1993,6.98,6.68,2.17,0.002,0.989,26,2,97.3,1.07,NIL,0,APPROVED,0
KAG-LR-104611,PATTA,1965,0.52,0.51,6.5,0.006,0.929,44,1,95.3,0.94,NIL,0,APPROVED,0
KAG-LR-104612,POWER_OF_ATTORNEY,1984,1.08,1.03,4.33,0.023,0.976,58,1,91.0,0.98,NIL,0,APPROVED,0
KAG-LR-104613,SALE_DEED,2020,3.79,3.3,13.05,0.313,0.607,-227,3,69.3,0.29,NIL,1,PENDING,1
KAG-LR-104614,SALE_DEED,1977,0.78,0.81,2.9,0.011,0.94,18,3,98.7,1.0,NIL,1,APPROVED,0
KAG-LR-104615,GIFT_DEED,2026,0.77,0.78,1.13,0.009,0.937,25,5,96.0,0.99,ACTIVE_MORTGAGE,0,APPROVED,0
KAG-LR-104616,SETTLEMENT,2010,2.51,2.64,5.01,0.011,0.998,48,5,89.2,1.01,NIL,0,APPROVED,0
KAG-LR-104617,GIFT_DEED,2019,2.07,2.18,1.17,0.01,0.951,11,1,99.5,1.02,NIL,0,APPROVED,0
KAG-LR-104618,PATTA,1966,3.2,3.18,2.83,0.012,0.948,13,3,94.2,1.0,NIL,0,APPROVED,0
KAG-LR-104619,SALE_DEED,1968,4.67,4.51,3.37,0.001,0.931,78,1,93.4,1.12,NIL,0,APPROVED,0
KAG-LR-104620,GIFT_DEED,2017,1.08,1.11,3.45,0.021,0.897,48,1,93.8,1.07,NIL,0,PENDING,0
KAG-LR-104621,PATTA,1978,8.33,8.07,1.22,0.035,0.973,35,1,94.2,1.02,ACTIVE_MORTGAGE,0,APPROVED,0
KAG-LR-104622,PATTA,1966,7.85,8.07,1.66,0.004,0.989,5,1,97.6,1.12,NIL,0,APPROVED,0
KAG-LR-104623,PATTA,1976,5.9,6.01,2.43,0.008,0.919,21,2,94.4,0.95,NIL,0,APPROVED,0
KAG-LR-104624,SALE_DEED,2024,0.92,0.89,2.38,0.002,0.985,78,5,90.0,1.01,NIL,0,APPROVED,0
KAG-LR-104625,SALE_DEED,2002,1.7,1.72,1.24,0.007,0.973,21,1,97.1,1.09,NIL,0,APPROVED,0
KAG-LR-104626,SALE_DEED,1977,2.23,2.26,2.22,0.017,0.965,29,1,98.3,1.05,NIL,0,PENDING,0
KAG-LR-104627,SALE_DEED,1978,7.49,7.3,1.37,0.0,0.969,32,1,89.3,0.88,ACTIVE_MORTGAGE,0,APPROVED,0
KAG-LR-104628,PATTA,1966,1.95,2.06,1.09,0.007,0.96,63,1,84.9,1.0,NIL,0,APPROVED,0
KAG-LR-104629,PATTA,2008,0.55,0.52,2.56,0.006,0.981,88,1,95.4,0.95,NIL,0,APPROVED,0
KAG-LR-104630,SETTLEMENT,1977,1.58,1.52,6.5,0.016,0.959,58,2,85.6,1.01,NIL,0,APPROVED,0
KAG-LR-104631,POWER_OF_ATTORNEY,1971,1.13,1.19,2.56,0.01,0.936,11,5,93.4,0.93,NIL,0,PENDING,0
KAG-LR-104632,PATTA,2007,5.35,5.05,1.56,0.014,0.993,117,3,94.7,1.0,ACTIVE_MORTGAGE,0,APPROVED,0
KAG-LR-104633,PATTA,1997,0.47,0.44,1.01,0.006,0.962,25,1,92.2,1.06,NIL,0,APPROVED,0
KAG-LR-104634,PATTA,1992,1.24,1.03,17.28,0.44,0.623,2050,2,91.5,0.32,NIL,1,REJECTED,1
KAG-LR-104635,PATTA,1990,2.06,2.13,6.12,0.002,0.934,16,3,93.2,0.95,NIL,0,APPROVED,0
KAG-LR-104636,SETTLEMENT,2010,0.33,0.34,2.64,0.001,0.993,21,4,89.1,1.08,ACTIVE_MORTGAGE,0,APPROVED,0
KAG-LR-104637,SALE_DEED,1967,7.03,7.06,0.95,0.004,0.934,54,2,91.9,1.04,NIL,0,APPROVED,0
KAG-LR-104638,PATTA,1987,0.84,0.89,1.62,0.002,0.928,21,3,91.2,0.98,NIL,0,PENDING,0
KAG-LR-104639,PATTA,1999,0.55,0.52,2.56,0.016,0.993,40,1,91.6,0.92,NIL,0,APPROVED,0
KAG-LR-104640,PATTA,1997,3.92,4.09,2.53,0.001,0.972,21,1,95.8,0.96,NIL,0,APPROVED,0
KAG-LR-104641,POWER_OF_ATTORNEY,1985,1.52,1.55,2.5,0.001,0.996,48,4,92.8,1.06,NIL,0,APPROVED,0
KAG-LR-104642,PATTA,2015,6.01,5.6,6.74,0.502,0.691,2459,1,80.2,0.52,COURT_STAY,1,PENDING,1
KAG-LR-104643,SALE_DEED,2006,4.08,4.24,4.85,0.004,0.901,50,1,96.1,1.02,ACTIVE_MORTGAGE,0,APPROVED,0
KAG-LR-104644,SALE_DEED,2016,2.68,2.14,20.12,0.328,0.761,2328,1,69.8,0.32,ACTIVE_MORTGAGE,1,PENDING,1
KAG-LR-104645,PATTA,2019,3.96,3.75,3.43,0.013,0.995,11,4,96.2,1.14,ACTIVE_MORTGAGE,0,APPROVED,0
KAG-LR-104646,PATTA,1983,1.02,1.07,0.92,0.011,0.969,29,1,93.5,1.0,NIL,0,APPROVED,0
KAG-LR-104647,PATTA,2009,3.26,3.67,12.54,0.309,0.546,791,4,77.8,0.59,ACTIVE_MORTGAGE,0,REJECTED,1
KAG-LR-104648,PATTA,2001,5.16,4.92,4.3,0.005,0.975,16,3,88.3,1.05,NIL,0,APPROVED,0
KAG-LR-104649,PATTA,1981,3.13,3.24,1.45,0.002,0.943,68,2,97.7,1.05,NIL,0,APPROVED,0
KAG-LR-104650,SETTLEMENT,2026,0.49,0.49,1.38,0.005,0.988,46,4,95.3,1.03,NIL,0,APPROVED,0
KAG-LR-104651,PATTA,2024,4.8,5.04,2.61,0.005,0.99,37,2,90.2,1.03,NIL,0,APPROVED,0
KAG-LR-104652,PATTA,2001,0.42,0.44,1.25,0.004,0.965,28,2,84.9,1.13,NIL,0,APPROVED,0
KAG-LR-104653,SALE_DEED,1985,3.88,3.91,1.1,0.003,0.927,13,3,90.3,0.9,NIL,0,APPROVED,0
KAG-LR-104654,PATTA,2009,17.49,17.77,0.63,0.008,0.982,29,4,93.9,0.95,NIL,0,APPROVED,0
KAG-LR-104655,SALE_DEED,2002,3.62,3.61,6.4,0.007,0.952,54,1,88.5,1.0,NIL,0,APPROVED,0
KAG-LR-104656,GIFT_DEED,2023,9.29,9.35,1.59,0.009,0.936,19,4,92.4,1.01,NIL,0,APPROVED,0
KAG-LR-104657,PATTA,1993,3.43,3.61,5.25,0.214,0.481,1709,1,59.3,0.5,NIL,1,REJECTED,1
KAG-LR-104658,POWER_OF_ATTORNEY,2020,6.15,5.21,15.24,0.262,0.571,50,1,57.7,0.4,NIL,1,PENDING,1
KAG-LR-104659,SALE_DEED,1971,2.31,1.69,27.03,0.126,0.42,500,1,58.6,0.38,DISPUTED,1,REJECTED,1
KAG-LR-104660,SETTLEMENT,2005,0.31,0.33,3.17,0.007,0.996,44,2,96.3,0.91,ACTIVE_MORTGAGE,0,APPROVED,0
KAG-LR-104661,PATTA,1968,2.43,3.15,29.8,0.361,0.355,714,2,82.0,0.68,NIL,1,REJECTED,1
KAG-LR-104662,PATTA,1990,3.0,3.03,1.6,0.001,0.964,20,1,95.0,1.04,NIL,0,APPROVED,0
KAG-LR-104663,SALE_DEED,1993,0.98,0.94,1.59,0.002,0.957,27,1,87.6,1.06,NIL,0,APPROVED,0
KAG-LR-104664,SETTLEMENT,2020,2.19,1.55,29.29,0.108,0.744,46,1,87.1,0.74,ACTIVE_MORTGAGE,1,PENDING,1
KAG-LR-104665,SALE_DEED,1984,9.49,8.31,12.42,0.124,0.667,1925,2,74.2,0.63,DISPUTED,1,PENDING,1
KAG-LR-104666,SALE_DEED,1968,1.06,1.03,3.33,0.004,0.982,66,2,99.5,1.02,NIL,0,PENDING,0
KAG-LR-104667,PATTA,2011,6.67,6.85,3.48,0.002,0.974,37,3,94.3,0.96,NIL,0,APPROVED,0
KAG-LR-104668,SALE_DEED,1994,1.18,1.22,5.56,0.015,0.948,23,2,95.6,0.94,NIL,0,APPROVED,0
KAG-LR-104669,POWER_OF_ATTORNEY,2023,5.11,5.09,1.47,0.001,0.974,70,1,93.7,0.93,NIL,0,APPROVED,0
KAG-LR-104670,SETTLEMENT,1987,5.87,5.94,6.26,0.008,0.949,48,1,95.6,1.0,NIL,0,REJECTED,0
KAG-LR-104671,POWER_OF_ATTORNEY,1973,1.84,1.8,1.12,0.005,0.985,56,1,98.5,1.03,ACTIVE_MORTGAGE,0,APPROVED,0
KAG-LR-104672,PATTA,2012,0.71,0.72,0.87,0.003,0.984,38,1,96.9,0.99,NIL,0,APPROVED,0
KAG-LR-104673,GIFT_DEED,1996,0.4,0.42,5.88,0.006,0.951,36,4,92.2,0.94,NIL,0,REJECTED,0
KAG-LR-104674,SALE_DEED,2021,2.81,2.76,5.61,0.011,0.929,24,2,95.9,0.96,ACTIVE_MORTGAGE,0,APPROVED,0
KAG-LR-104675,PATTA,2026,0.31,0.31,2.05,0.014,0.948,38,1,92.9,1.03,NIL,0,APPROVED,0
KAG-LR-104676,PATTA,1985,1.79,1.9,0.48,0.007,0.97,52,3,85.6,1.03,NIL,0,APPROVED,0
KAG-LR-104677,SALE_DEED,1995,2.94,2.62,10.72,0.274,0.604,1995,2,64.5,0.51,NIL,0,REJECTED,1
KAG-LR-104678,PATTA,1986,1.93,1.93,0.43,0.005,0.974,26,3,93.7,1.08,NIL,0,PENDING,0
KAG-LR-104679,PATTA,1965,4.76,4.8,3.53,0.008,0.977,13,1,97.8,1.06,NIL,0,APPROVED,0
KAG-LR-104680,SETTLEMENT,1998,3.91,3.97,4.78,0.018,0.97,17,1,97.5,0.92,DISPUTED,0,APPROVED,0
KAG-LR-104681,PATTA,1978,7.54,7.9,1.42,0.004,0.984,38,1,96.7,1.09,DISPUTED,0,APPROVED,0
KAG-LR-104682,SALE_DEED,1986,2.25,1.92,14.72,0.324,0.474,75,1,69.4,0.61,ACTIVE_MORTGAGE,1,PENDING,1
KAG-LR-104683,SETTLEMENT,1968,2.28,2.26,2.45,0.001,0.996,33,4,88.7,1.2,NIL,0,PENDING,0
KAG-LR-104684,SALE_DEED,2009,1.56,1.21,22.48,0.524,0.558,-128,2,65.5,0.44,ACTIVE_MORTGAGE,0,APPROVED,1
KAG-LR-104685,PATTA,2024,1.1,1.08,2.44,0.001,0.996,78,1,91.0,0.99,NIL,0,APPROVED,0
KAG-LR-104686,PATTA,2000,0.34,0.38,10.82,0.371,0.656,1929,4,77.7,0.41,NIL,0,PENDING,1
KAG-LR-104687,PATTA,1999,1.06,1.03,2.29,0.0,0.929,87,2,94.5,1.08,NIL,0,APPROVED,0
KAG-LR-104688,SETTLEMENT,1986,2.36,2.22,6.05,0.432,0.571,191,1,72.8,0.73,COURT_STAY,1,APPROVED,1
KAG-LR-104689,GIFT_DEED,1971,1.28,1.35,5.6,0.229,0.513,2402,1,91.7,0.56,NIL,1,REJECTED,1
KAG-LR-104690,PATTA,1983,4.54,4.8,5.79,0.297,0.544,573,1,61.9,0.77,NIL,0,APPROVED,1
KAG-LR-104691,PATTA,1977,2.1,2.04,6.5,0.002,0.949,31,2,87.2,1.03,NIL,0,REJECTED,0
KAG-LR-104692,SALE_DEED,2014,1.46,1.46,0.69,0.005,0.977,17,3,96.3,0.97,NIL,0,APPROVED,0
KAG-LR-104693,POWER_OF_ATTORNEY,2016,1.93,2.1,9.01,0.326,0.575,2097,1,71.7,0.61,NIL,1,PENDING,1
KAG-LR-104694,SETTLEMENT,1993,2.95,2.84,2.19,0.029,0.957,73,2,91.6,1.01,NIL,0,APPROVED,0
KAG-LR-104695,SALE_DEED,2011,5.2,5.47,1.98,0.004,0.983,143,3,96.2,0.94,NIL,0,APPROVED,0
KAG-LR-104696,SALE_DEED,1993,0.84,0.75,10.33,0.332,0.52,2492,2,77.4,0.37,COURT_STAY,1,APPROVED,1
KAG-LR-104697,POWER_OF_ATTORNEY,2016,0.99,1.02,4.03,0.005,0.988,6,1,95.0,0.98,NIL,0,APPROVED,0
KAG-LR-104698,PATTA,2013,2.2,2.28,6.5,0.006,0.979,12,3,87.6,1.05,ACTIVE_MORTGAGE,0,APPROVED,0
KAG-LR-104699,PATTA,1995,9.71,8.81,9.29,0.429,0.63,254,1,64.4,0.3,ACTIVE_MORTGAGE,0,APPROVED,1
KAG-LR-104700,SETTLEMENT,2018,8.49,9.27,9.13,0.093,0.479,2109,2,97.0,0.42,NIL,0,APPROVED,1
KAG-LR-104701,GIFT_DEED,1991,8.68,9.01,3.3,0.006,0.985,27,4,88.9,0.97,NIL,0,APPROVED,0
KAG-LR-104702,SETTLEMENT,2019,3.77,3.67,1.65,0.023,0.908,41,1,93.7,1.04,DISPUTED,0,APPROVED,0
KAG-LR-104703,PATTA,1994,2.16,1.8,16.63,0.359,0.581,855,3,77.1,0.78,DISPUTED,1,PENDING,1
KAG-LR-104704,GIFT_DEED,2025,3.1,3.03,1.35,0.004,0.977,21,3,93.9,1.09,NIL,0,APPROVED,0
KAG-LR-104705,POWER_OF_ATTORNEY,1968,1.34,1.33,1.41,0.01,0.934,36,1,89.7,1.04,NIL,0,APPROVED,0
KAG-LR-104706,PATTA,1996,1.18,1.16,2.24,0.006,0.952,13,1,96.0,0.94,ACTIVE_MORTGAGE,0,APPROVED,0
KAG-LR-104707,PATTA,2015,1.06,1.09,3.01,0.019,0.977,42,2,86.9,1.04,NIL,0,REJECTED,0
KAG-LR-104708,SALE_DEED,2013,1.57,1.53,5.1,0.002,0.99,26,2,96.5,1.02,NIL,0,APPROVED,0
KAG-LR-104709,SALE_DEED,2018,3.4,3.23,1.41,0.004,0.939,39,2,90.4,1.04,NIL,0,APPROVED,0
KAG-LR-104710,PATTA,1995,1.3,1.25,4.7,0.038,0.959,14,1,92.2,1.03,ACTIVE_MORTGAGE,0,APPROVED,0
KAG-LR-104711,SALE_DEED,1997,1.04,1.08,0.37,0.004,0.959,28,2,94.4,0.97,NIL,0,APPROVED,0
KAG-LR-104712,PATTA,1968,3.45,3.33,2.87,0.002,0.974,27,3,90.6,1.0,NIL,0,APPROVED,0
KAG-LR-104713,SALE_DEED,1966,0.42,0.54,29.1,0.168,0.619,-200,2,74.0,0.72,DISPUTED,0,APPROVED,1
KAG-LR-104714,PATTA,2015,1.47,1.39,2.07,0.003,0.998,53,2,91.7,1.09,NIL,0,APPROVED,0
KAG-LR-104715,SALE_DEED,1986,2.4,2.27,5.52,0.27,0.442,-713,2,50.4,0.34,NIL,1,PENDING,1
KAG-LR-104716,GIFT_DEED,1992,0.45,0.45,1.55,0.002,0.973,16,2,89.2,0.93,NIL,0,APPROVED,0
KAG-LR-104717,PATTA,2013,1.41,1.47,0.42,0.005,0.985,43,2,99.5,1.05,ACTIVE_MORTGAGE,0,APPROVED,0
KAG-LR-104718,PATTA,1985,6.14,6.05,1.98,0.013,0.967,19,2,94.8,1.05,NIL,0,APPROVED,0
KAG-LR-104719,POWER_OF_ATTORNEY,2024,3.34,3.36,5.89,0.006,0.964,12,3,92.3,1.07,NIL,0,REJECTED,0
KAG-LR-104720,PATTA,1998,3.4,3.44,6.5,0.0,0.971,47,1,95.7,0.96,NIL,0,APPROVED,0
KAG-LR-104721,SALE_DEED,1995,2.69,2.53,5.92,0.179,0.622,2021,2,80.3,0.69,ACTIVE_MORTGAGE,1,REJECTED,1
KAG-LR-104722,SALE_DEED,1993,2.6,2.66,1.58,0.011,0.96,21,4,88.6,0.99,NIL,0,APPROVED,0
KAG-LR-104723,SALE_DEED,2003,9.41,9.55,4.4,0.007,0.963,20,1,91.1,1.01,NIL,0,APPROVED,0
KAG-LR-104724,GIFT_DEED,1992,0.77,0.75,4.26,0.008,0.91,71,1,92.7,0.93,NIL,0,APPROVED,0
KAG-LR-104725,PATTA,1974,1.42,1.48,6.07,0.011,0.982,30,1,96.2,1.04,NIL,0,APPROVED,0
KAG-LR-104726,SALE_DEED,1992,3.37,3.12,7.52,0.159,0.532,203,1,51.6,0.43,NIL,1,REJECTED,1
KAG-LR-104727,SETTLEMENT,1973,2.06,2.15,4.11,0.007,0.968,22,1,91.3,0.97,NIL,1,APPROVED,0
KAG-LR-104728,SALE_DEED,1979,5.74,5.94,0.9,0.01,0.946,69,2,94.5,1.04,ACTIVE_MORTGAGE,0,APPROVED,0
KAG-LR-104729,SETTLEMENT,2016,5.08,5.16,6.5,0.014,0.95,25,1,90.8,1.05,NIL,0,APPROVED,0
KAG-LR-104730,SETTLEMENT,1997,0.58,0.59,1.16,0.019,0.975,52,2,96.4,0.97,NIL,0,APPROVED,0
KAG-LR-104731,SALE_DEED,2023,0.4,0.4,3.18,0.021,0.996,27,1,91.1,1.01,ACTIVE_MORTGAGE,0,APPROVED,0
KAG-LR-104732,SALE_DEED,1973,7.28,7.53,1.2,0.003,0.985,38,1,96.3,0.96,NIL,0,APPROVED,0
KAG-LR-104733,SETTLEMENT,1988,0.83,0.79,3.3,0.011,0.947,13,1,85.3,1.01,NIL,0,APPROVED,0
KAG-LR-104734,PATTA,1989,0.77,0.78,3.14,0.002,0.947,30,3,90.6,0.96,NIL,0,PENDING,0
KAG-LR-104735,SETTLEMENT,2000,2.58,2.53,3.23,0.001,0.958,35,2,88.9,1.07,NIL,0,APPROVED,0
KAG-LR-104736,SALE_DEED,1990,5.67,5.91,1.73,0.002,0.964,93,1,91.5,1.0,NIL,0,REJECTED,0
KAG-LR-104737,SALE_DEED,2024,1.14,1.53,33.83,0.232,0.658,147,2,73.2,0.48,DISPUTED,1,APPROVED,1
KAG-LR-104738,SALE_DEED,2007,4.08,4.25,6.5,0.03,0.932,30,2,97.5,1.02,NIL,0,APPROVED,0
KAG-LR-104739,SALE_DEED,1976,2.43,2.39,0.73,0.012,0.962,51,1,87.1,1.01,ACTIVE_MORTGAGE,0,APPROVED,0
KAG-LR-104740,SALE_DEED,2017,0.93,0.78,16.18,0.421,0.527,332,3,53.5,0.75,COURT_STAY,1,APPROVED,1
KAG-LR-104741,PATTA,1970,1.43,1.33,6.86,0.289,0.604,-476,1,83.3,0.36,COURT_STAY,1,APPROVED,1
KAG-LR-104742,PATTA,1985,1.73,1.72,5.61,0.005,0.981,75,2,91.8,1.01,NIL,0,APPROVED,0
KAG-LR-104743,PATTA,1984,0.54,0.56,6.5,0.018,0.94,26,2,98.5,1.07,NIL,0,APPROVED,0
KAG-LR-104744,PATTA,1984,8.69,8.26,1.07,0.004,0.989,67,2,88.9,0.97,NIL,0,APPROVED,0
KAG-LR-104745,SETTLEMENT,1991,1.44,1.38,2.51,0.007,0.916,34,1,93.5,0.89,ACTIVE_MORTGAGE,0,APPROVED,0
KAG-LR-104746,PATTA,1968,12.74,13.06,1.37,0.004,0.974,90,1,93.7,1.01,NIL,0,APPROVED,0
KAG-LR-104747,PATTA,1979,15.25,14.45,3.11,0.012,0.98,28,1,96.1,1.0,NIL,0,APPROVED,0
KAG-LR-104748,PATTA,1991,1.24,1.19,3.98,0.005,0.986,46,1,89.9,1.01,NIL,0,APPROVED,0
KAG-LR-104749,PATTA,2004,2.99,3.08,2.73,0.002,0.947,66,1,89.3,1.09,DISPUTED,0,APPROVED,0
KAG-LR-104750,SALE_DEED,2001,8.96,10.01,11.72,0.447,0.509,-63,3,89.2,0.68,ACTIVE_MORTGAGE,1,PENDING,1
KAG-LR-104751,SALE_DEED,2008,6.07,6.35,1.81,0.014,0.968,19,1,94.4,1.03,NIL,0,APPROVED,0
KAG-LR-104752,SALE_DEED,2022,1.55,1.59,3.72,0.011,0.952,30,2,92.6,0.95,NIL,0,APPROVED,0
KAG-LR-104753,PATTA,1965,1.43,1.42,0.61,0.004,0.982,69,1,91.8,1.03,NIL,0,APPROVED,0
KAG-LR-104754,GIFT_DEED,1978,6.03,8.88,47.24,0.197,0.719,-496,1,88.1,0.46,NIL,1,APPROVED,1
KAG-LR-104755,PATTA,1991,11.34,10.67,0.72,0.002,0.924,22,1,95.3,1.05,NIL,1,APPROVED,0
KAG-LR-104756,SALE_DEED,1966,1.05,0.78,25.94,0.426,0.574,57,2,41.7,0.4,DISPUTED,1,REJECTED,1
KAG-LR-104757,SALE_DEED,2001,1.53,1.6,0.55,0.001,0.915,23,2,89.5,0.96,NIL,0,APPROVED,0
KAG-LR-104758,PATTA,1996,5.96,6.3,0.71,0.002,0.962,56,1,97.0,1.0,NIL,0,APPROVED,0
KAG-LR-104759,SALE_DEED,2015,15.12,14.69,4.6,0.008,0.953,23,1,89.8,1.07,ACTIVE_MORTGAGE,0,PENDING,0
KAG-LR-104760,PATTA,2021,3.04,3.15,1.13,0.015,0.961,21,1,99.5,1.04,NIL,0,APPROVED,0
KAG-LR-104761,SETTLEMENT,1983,3.59,3.51,1.59,0.008,0.996,16,1,91.1,1.03,NIL,0,APPROVED,0
KAG-LR-104762,POWER_OF_ATTORNEY,1976,2.84,2.81,6.5,0.01,0.973,41,1,88.7,1.05,NIL,0,APPROVED,0
KAG-LR-104763,PATTA,1973,5.74,6.35,10.66,0.313,0.547,212,2,91.1,0.61,ACTIVE_MORTGAGE,1,REJECTED,1
KAG-LR-104764,SALE_DEED,1969,2.19,2.17,4.12,0.002,0.976,33,2,94.6,1.12,COURT_STAY,0,APPROVED,0
KAG-LR-104765,SALE_DEED,2023,1.03,1.05,3.3,0.003,0.983,25,1,99.5,0.93,NIL,1,APPROVED,0
KAG-LR-104766,SALE_DEED,2008,1.98,1.95,6.03,0.004,0.992,20,3,93.2,1.05,NIL,0,APPROVED,0
KAG-LR-104767,PATTA,2024,0.56,0.58,3.46,0.012,0.958,24,1,94.3,1.06,ACTIVE_MORTGAGE,0,APPROVED,0
KAG-LR-104768,PATTA,2017,4.07,5.96,46.38,0.303,0.52,1957,1,60.3,0.38,DISPUTED,0,REJECTED,1
KAG-LR-104769,POWER_OF_ATTORNEY,2021,1.78,1.77,1.75,0.003,0.997,13,3,87.8,1.0,NIL,0,APPROVED,0
KAG-LR-104770,POWER_OF_ATTORNEY,2024,6.59,8.11,23.04,0.365,0.602,-287,4,57.8,0.39,COURT_STAY,1,PENDING,1
KAG-LR-104771,GIFT_DEED,2013,10.92,10.8,2.96,0.016,0.973,25,2,94.1,0.94,NIL,0,APPROVED,0
KAG-LR-104772,SETTLEMENT,1993,5.85,5.7,6.5,0.016,0.994,12,1,93.4,1.08,NIL,0,APPROVED,0
KAG-LR-104773,POWER_OF_ATTORNEY,1998,0.83,0.79,2.73,0.004,0.988,35,1,90.2,1.08,ACTIVE_MORTGAGE,0,APPROVED,0
KAG-LR-104774,SETTLEMENT,1987,1.04,1.06,1.23,0.002,0.979,41,1,96.8,0.93,NIL,0,REJECTED,0
KAG-LR-104775,SETTLEMENT,1994,2.31,2.17,2.23,0.005,0.961,26,2,99.1,1.03,NIL,0,APPROVED,0
KAG-LR-104776,SALE_DEED,2004,1.31,1.31,1.78,0.001,0.985,55,2,89.6,1.04,ACTIVE_MORTGAGE,0,APPROVED,0
KAG-LR-104777,PATTA,1979,1.51,1.57,1.55,0.003,0.996,23,1,89.1,0.99,ACTIVE_MORTGAGE,0,PENDING,0
KAG-LR-104778,GIFT_DEED,2013,7.83,7.36,3.26,0.0,0.995,35,1,92.3,1.08,NIL,0,PENDING,0
KAG-LR-104779,SALE_DEED,1971,1.39,1.31,1.32,0.006,0.963,17,4,85.5,0.97,NIL,0,PENDING,0
KAG-LR-104780,PATTA,2004,0.79,0.78,2.98,0.003,0.959,19,1,94.6,1.03,NIL,0,APPROVED,0
KAG-LR-104781,PATTA,1969,9.56,9.27,1.02,0.002,0.977,7,3,93.4,1.01,NIL,0,PENDING,0
KAG-LR-104782,SALE_DEED,2002,2.59,2.52,1.96,0.015,0.938,28,1,89.1,0.98,NIL,0,REJECTED,0
KAG-LR-104783,SALE_DEED,2013,8.09,7.91,2.35,0.016,0.974,48,2,92.2,0.93,NIL,0,APPROVED,0
KAG-LR-104784,SETTLEMENT,1971,0.85,0.88,2.75,0.019,0.985,41,2,98.8,1.0,NIL,0,APPROVED,0
KAG-LR-104785,POWER_OF_ATTORNEY,1970,5.72,5.41,6.5,0.005,0.985,41,3,95.5,0.99,ACTIVE_MORTGAGE,0,APPROVED,0
KAG-LR-104786,SALE_DEED,2001,5.98,5.98,2.37,0.004,0.921,50,1,91.5,1.06,NIL,0,APPROVED,0
KAG-LR-104787,PATTA,2026,1.14,1.11,3.53,0.001,0.919,70,2,96.2,0.97,NIL,0,APPROVED,0
KAG-LR-104788,SALE_DEED,1972,4.95,4.68,3.8,0.002,0.96,24,1,99.1,0.95,ACTIVE_MORTGAGE,0,APPROVED,0
KAG-LR-104789,PATTA,1977,1.86,1.77,0.96,0.005,0.984,55,1,82.6,1.01,NIL,0,APPROVED,0
KAG-LR-104790,SALE_DEED,1968,7.44,7.84,1.8,0.008,0.977,39,1,89.8,1.02,NIL,0,REJECTED,0
KAG-LR-104791,SETTLEMENT,1966,1.34,1.33,2.82,0.001,0.97,23,1,97.8,0.95,NIL,0,APPROVED,0
KAG-LR-104792,POWER_OF_ATTORNEY,2008,1.08,1.14,0.16,0.005,0.981,24,2,96.1,0.99,NIL,0,APPROVED,0
KAG-LR-104793,SALE_DEED,1987,4.11,3.96,2.0,0.018,0.948,20,2,93.1,1.01,NIL,0,APPROVED,0
KAG-LR-104794,SALE_DEED,2015,6.49,7.92,22.0,0.196,0.619,673,1,88.5,0.53,ACTIVE_MORTGAGE,0,REJECTED,1
KAG-LR-104795,SALE_DEED,1993,11.37,8.49,25.3,0.284,0.512,974,1,76.7,0.39,NIL,1,PENDING,1
KAG-LR-104796,SALE_DEED,1983,1.34,1.39,6.5,0.008,0.974,56,1,91.0,1.01,NIL,0,APPROVED,0
KAG-LR-104797,PATTA,1999,3.5,3.43,1.75,0.011,0.942,26,1,99.0,0.98,NIL,0,APPROVED,0
KAG-LR-104798,GIFT_DEED,2015,0.77,0.81,6.5,0.0,0.998,28,1,92.7,1.0,ACTIVE_MORTGAGE,0,APPROVED,0
KAG-LR-104799,SALE_DEED,1966,2.84,2.52,11.3,0.349,0.686,1492,1,92.0,0.32,COURT_STAY,1,REJECTED,1
KAG-LR-104800,PATTA,2026,0.95,0.92,6.5,0.004,0.949,52,2,93.0,0.93,NIL,0,PENDING,0
KAG-LR-104801,PATTA,1978,1.68,1.6,1.88,0.004,0.926,47,1,96.3,0.96,NIL,0,APPROVED,0
KAG-LR-104802,SALE_DEED,1980,0.98,0.92,1.68,0.009,0.981,56,2,99.1,1.06,DISPUTED,0,APPROVED,0
KAG-LR-104803,PATTA,2010,4.31,4.51,0.7,0.005,0.874,48,1,96.3,0.95,NIL,0,PENDING,0
KAG-LR-104804,SALE_DEED,2003,1.83,2.09,14.14,0.21,0.56,2225,5,85.2,0.29,COURT_STAY,1,REJECTED,1
KAG-LR-104805,PATTA,1996,6.77,6.97,5.47,0.005,0.97,39,1,91.8,0.84,NIL,0,APPROVED,0
KAG-LR-104806,PATTA,1983,3.91,4.12,3.9,0.001,0.957,42,1,88.5,0.96,NIL,0,APPROVED,0
KAG-LR-104807,SALE_DEED,1976,10.98,11.38,1.5,0.004,0.99,35,1,97.0,1.03,NIL,0,APPROVED,0
KAG-LR-104808,PATTA,1967,2.98,2.95,0.69,0.014,0.982,18,2,93.5,0.95,NIL,0,APPROVED,0
KAG-LR-104809,PATTA,2010,0.86,0.84,0.45,0.009,0.998,22,3,94.2,1.0,NIL,0,APPROVED,0
KAG-LR-104810,POWER_OF_ATTORNEY,2008,3.96,3.84,6.18,0.009,0.99,14,2,90.5,0.99,NIL,0,APPROVED,0
KAG-LR-104811,SALE_DEED,1987,1.13,1.15,5.84,0.009,0.966,20,1,92.4,0.95,NIL,0,REJECTED,0
KAG-LR-104812,POWER_OF_ATTORNEY,2012,14.69,12.7,13.54,0.247,0.41,502,1,78.6,0.32,ACTIVE_MORTGAGE,1,PENDING,1
KAG-LR-104813,PATTA,2015,2.99,3.11,2.34,0.007,0.925,29,2,86.0,1.1,NIL,0,APPROVED,0
KAG-LR-104814,SALE_DEED,1971,1.56,1.47,4.14,0.0,0.938,39,1,90.8,0.96,NIL,0,APPROVED,0
KAG-LR-104815,SALE_DEED,1990,0.73,0.75,2.05,0.006,0.969,26,1,94.8,0.9,NIL,1,APPROVED,0
KAG-LR-104816,SALE_DEED,2008,2.21,2.56,15.67,0.369,0.548,-443,2,56.4,0.28,DISPUTED,1,PENDING,1
KAG-LR-104817,GIFT_DEED,2003,0.94,0.91,1.98,0.011,0.96,10,1,92.7,1.05,NIL,0,APPROVED,0
KAG-LR-104818,SETTLEMENT,2011,0.7,0.91,29.94,0.403,0.681,-631,1,82.4,0.41,ACTIVE_MORTGAGE,0,REJECTED,1
KAG-LR-104819,SALE_DEED,1968,0.55,0.55,1.56,0.042,0.981,9,1,88.8,1.04,NIL,0,APPROVED,0
KAG-LR-104820,PATTA,2001,1.19,1.37,14.99,0.302,0.628,2465,1,61.5,0.38,DISPUTED,1,REJECTED,1
KAG-LR-104821,PATTA,1992,0.82,0.85,1.18,0.008,0.945,72,3,95.0,0.99,NIL,0,APPROVED,0
KAG-LR-104822,POWER_OF_ATTORNEY,2000,0.6,0.57,1.41,0.007,0.99,49,1,87.5,1.01,NIL,0,APPROVED,0
KAG-LR-104823,PATTA,1989,1.94,1.9,3.18,0.005,0.985,50,4,97.3,1.08,DISPUTED,1,APPROVED,0
KAG-LR-104824,POWER_OF_ATTORNEY,2015,2.6,2.52,0.71,0.014,0.951,51,4,88.0,1.12,NIL,0,APPROVED,0
KAG-LR-104825,PATTA,1991,1.16,1.14,0.89,0.0,0.989,27,2,91.1,1.05,NIL,0,APPROVED,0
KAG-LR-104826,PATTA,1975,3.06,3.08,2.43,0.0,0.977,31,2,90.7,0.95,NIL,0,PENDING,0
KAG-LR-104827,PATTA,1986,4.37,4.13,2.28,0.0,0.94,36,3,93.5,0.98,NIL,0,APPROVED,0
KAG-LR-104828,SALE_DEED,1984,0.4,0.38,3.48,0.002,0.937,24,1,85.5,1.03,NIL,0,APPROVED,0
KAG-LR-104829,PATTA,2006,4.21,4.19,6.5,0.014,0.959,36,2,99.3,0.93,NIL,0,APPROVED,0
KAG-LR-104830,POWER_OF_ATTORNEY,2012,7.04,5.95,15.51,0.322,0.565,627,1,93.6,0.57,NIL,1,APPROVED,1
KAG-LR-104831,PATTA,1966,0.42,0.4,6.5,0.002,0.976,39,5,96.2,0.97,ACTIVE_MORTGAGE,0,APPROVED,0
KAG-LR-104832,SALE_DEED,1981,1.13,2.09,85.02,0.24,0.664,2259,1,57.5,0.32,ACTIVE_MORTGAGE,1,REJECTED,1
KAG-LR-104833,PATTA,1991,2.61,2.83,8.36,0.304,0.596,-336,2,61.4,0.32,DISPUTED,1,PENDING,1
KAG-LR-104834,SALE_DEED,1974,4.98,4.97,1.95,0.001,0.968,15,2,96.4,0.86,COURT_STAY,0,APPROVED,0
KAG-LR-104835,GIFT_DEED,2019,2.91,2.77,6.4,0.016,0.937,61,3,95.4,0.96,NIL,0,APPROVED,0
KAG-LR-104836,POWER_OF_ATTORNEY,2001,4.48,4.33,1.16,0.019,0.958,17,4,89.6,1.02,NIL,0,APPROVED,0
KAG-LR-104837,PATTA,1965,3.56,3.56,0.77,0.002,0.967,10,1,92.9,0.99,NIL,0,PENDING,0
KAG-LR-104838,POWER_OF_ATTORNEY,1969,2.5,2.89,15.75,0.249,0.638,-408,1,97.0,0.36,ACTIVE_MORTGAGE,0,PENDING,1
KAG-LR-104839,PATTA,2014,8.45,8.06,1.78,0.0,0.984,23,3,94.7,1.0,NIL,0,APPROVED,0
KAG-LR-104840,SALE_DEED,2018,0.5,0.49,4.45,0.007,0.998,28,3,90.2,1.07,NIL,0,APPROVED,0
KAG-LR-104841,PATTA,1987,9.71,9.88,1.69,0.003,0.949,19,1,96.2,0.99,NIL,0,APPROVED,0
KAG-LR-104842,SALE_DEED,1988,0.82,0.86,3.35,0.004,0.964,45,4,82.5,0.95,NIL,0,APPROVED,0
KAG-LR-104843,GIFT_DEED,2025,1.6,1.27,20.65,0.152,0.584,1887,1,80.0,0.56,NIL,1,PENDING,1
KAG-LR-104844,SALE_DEED,1984,0.72,0.7,2.35,0.003,0.982,32,4,92.8,1.0,ACTIVE_MORTGAGE,0,APPROVED,0
KAG-LR-104845,PATTA,1997,4.42,4.27,1.36,0.005,0.976,29,1,95.1,1.0,NIL,0,APPROVED,0
KAG-LR-104846,PATTA,2007,0.68,0.71,1.64,0.006,0.935,17,1,87.0,0.97,NIL,0,APPROVED,0
KAG-LR-104847,SALE_DEED,2026,4.78,4.53,1.75,0.017,0.993,19,2,97.3,1.03,NIL,0,APPROVED,0
KAG-LR-104848,SETTLEMENT,1988,3.94,4.1,2.19,0.009,0.977,20,1,92.2,0.97,ACTIVE_MORTGAGE,0,APPROVED,0
KAG-LR-104849,SALE_DEED,2024,2.03,1.72,15.29,0.261,0.488,998,3,73.6,0.3,NIL,1,PENDING,1
KAG-LR-104850,PATTA,1974,6.27,7.03,12.08,0.283,0.692,2154,1,85.9,0.25,ACTIVE_MORTGAGE,1,PENDING,1
KAG-LR-104851,SALE_DEED,2013,3.07,3.07,2.15,0.001,0.942,27,4,99.5,0.94,NIL,0,APPROVED,0
KAG-LR-104852,SALE_DEED,1986,7.49,9.0,20.13,0.41,0.75,994,2,72.7,0.34,NIL,0,REJECTED,1
KAG-LR-104853,PATTA,1972,5.91,5.72,4.17,0.003,0.963,44,3,99.5,1.05,NIL,0,APPROVED,0
KAG-LR-104854,PATTA,1990,1.46,1.51,0.95,0.003,0.962,28,1,99.5,1.09,NIL,0,APPROVED,0
KAG-LR-104855,SETTLEMENT,2003,0.44,0.42,6.5,0.002,0.994,8,1,90.2,1.06,NIL,0,APPROVED,0
KAG-LR-104856,POWER_OF_ATTORNEY,2020,1.38,1.41,1.5,0.002,0.964,30,1,89.0,1.05,NIL,0,APPROVED,0
KAG-LR-104857,SALE_DEED,2003,3.68,3.58,1.66,0.016,0.96,77,2,92.5,1.04,ACTIVE_MORTGAGE,0,APPROVED,0
KAG-LR-104858,PATTA,1986,1.67,1.75,4.52,0.234,0.554,2095,1,82.9,0.53,DISPUTED,1,REJECTED,1
KAG-LR-104859,SALE_DEED,2002,4.0,3.81,1.88,0.004,0.971,63,1,84.8,1.05,ACTIVE_MORTGAGE,1,APPROVED,0
KAG-LR-104860,SETTLEMENT,1974,1.84,1.77,4.62,0.004,0.953,26,2,92.7,1.06,NIL,0,APPROVED,0
KAG-LR-104861,PATTA,2009,2.61,2.5,2.72,0.002,0.988,47,2,91.2,1.15,NIL,0,APPROVED,0
KAG-LR-104862,PATTA,2005,1.05,1.08,2.04,0.0,0.966,31,2,96.6,0.93,ACTIVE_MORTGAGE,0,APPROVED,0
KAG-LR-104863,PATTA,1966,0.5,0.52,3.57,0.023,0.905,39,1,99.5,0.95,NIL,0,APPROVED,0
KAG-LR-104864,PATTA,1971,1.06,1.02,1.35,0.009,0.998,23,2,93.7,0.96,NIL,0,APPROVED,0
KAG-LR-104865,PATTA,1971,0.53,0.5,2.12,0.002,0.992,23,2,99.5,1.06,ACTIVE_MORTGAGE,1,APPROVED,0
KAG-LR-104866,SETTLEMENT,2019,5.68,4.89,13.87,0.276,0.666,-271,1,96.1,0.56,ACTIVE_MORTGAGE,0,REJECTED,1
KAG-LR-104867,PATTA,1993,5.13,5.01,2.47,0.004,0.892,48,4,96.0,0.95,NIL,0,APPROVED,0
KAG-LR-104868,SALE_DEED,1977,0.56,0.57,1.49,0.005,0.983,85,1,87.7,1.0,NIL,0,APPROVED,0
KAG-LR-104869,SALE_DEED,2015,2.74,2.8,1.11,0.002,0.979,49,1,87.8,1.01,COURT_STAY,0,APPROVED,0
KAG-LR-104870,SETTLEMENT,2026,1.49,1.5,2.66,0.016,0.969,15,2,96.0,1.06,NIL,0,APPROVED,0
KAG-LR-104871,PATTA,2024,4.14,3.9,6.5,0.015,0.937,11,2,99.5,1.03,ACTIVE_MORTGAGE,0,PENDING,0
KAG-LR-104872,POWER_OF_ATTORNEY,2021,4.94,4.71,4.59,0.298,0.399,173,5,79.1,0.59,ACTIVE_MORTGAGE,1,REJECTED,1
KAG-LR-104873,SETTLEMENT,2022,7.45,7.07,1.18,0.002,0.984,43,1,93.0,1.02,NIL,0,APPROVED,0
KAG-LR-104874,PATTA,1987,0.95,0.94,2.02,0.009,0.939,17,2,99.5,1.01,NIL,0,APPROVED,0
KAG-LR-104875,PATTA,1971,0.59,0.61,2.29,0.009,0.984,43,1,91.9,1.01,NIL,0,APPROVED,0
KAG-LR-104876,SALE_DEED,2002,2.95,1.92,34.88,0.427,0.762,-290,1,64.4,0.44,NIL,1,REJECTED,1
KAG-LR-104877,PATTA,1969,1.33,1.33,1.52,0.028,0.954,9,1,84.2,1.06,NIL,0,APPROVED,0
KAG-LR-104878,PATTA,1968,6.51,6.64,2.99,0.0,0.985,37,5,89.9,1.0,NIL,0,APPROVED,0
KAG-LR-104879,PATTA,2014,0.99,0.95,5.03,0.008,0.977,42,1,84.5,1.02,NIL,1,APPROVED,0
KAG-LR-104880,PATTA,2018,3.39,3.26,4.21,0.002,0.962,15,1,88.1,0.94,NIL,0,PENDING,0
KAG-LR-104881,POWER_OF_ATTORNEY,2025,3.17,3.25,4.23,0.013,0.956,9,5,93.1,1.11,NIL,0,APPROVED,0
KAG-LR-104882,PATTA,1993,2.04,1.92,0.72,0.002,0.944,55,2,93.6,1.12,NIL,0,APPROVED,0
KAG-LR-104883,POWER_OF_ATTORNEY,1966,1.41,1.63,15.85,0.52,0.538,-347,1,58.4,0.54,NIL,1,APPROVED,1
KAG-LR-104884,PATTA,1971,0.89,0.93,4.13,0.004,0.979,11,1,88.9,0.96,NIL,0,APPROVED,0
KAG-LR-104885,GIFT_DEED,1969,3.33,3.21,1.65,0.004,0.976,11,3,91.4,1.0,NIL,0,APPROVED,0
KAG-LR-104886,PATTA,2026,7.88,7.44,5.62,0.321,0.607,263,1,38.0,0.63,ACTIVE_MORTGAGE,1,PENDING,1
KAG-LR-104887,PATTA,1985,4.29,4.53,2.84,0.001,0.916,95,1,92.3,1.01,NIL,0,PENDING,0
KAG-LR-104888,PATTA,2019,2.52,2.45,6.5,0.004,0.976,61,2,93.7,1.13,NIL,0,APPROVED,0
KAG-LR-104889,PATTA,1980,1.72,1.76,2.42,0.012,0.955,32,1,92.7,0.98,NIL,0,APPROVED,0
KAG-LR-104890,SALE_DEED,2009,4.09,3.95,3.16,0.005,0.98,24,2,92.6,0.97,NIL,0,APPROVED,0
KAG-LR-104891,PATTA,1965,1.99,2.3,15.49,0.178,0.721,418,1,67.6,0.4,COURT_STAY,1,APPROVED,1
KAG-LR-104892,POWER_OF_ATTORNEY,1998,9.83,10.02,6.0,0.001,0.886,25,4,97.9,1.05,ACTIVE_MORTGAGE,0,REJECTED,0
KAG-LR-104893,PATTA,1972,7.66,7.42,1.86,0.005,0.907,26,1,91.5,1.06,NIL,0,APPROVED,0
KAG-LR-104894,PATTA,2001,4.85,5.14,4.42,0.017,0.985,20,2,96.1,0.98,NIL,0,APPROVED,0
KAG-LR-104895,GIFT_DEED,2018,3.66,3.76,0.52,0.009,0.995,30,3,93.1,0.86,ACTIVE_MORTGAGE,0,APPROVED,0
KAG-LR-104896,PATTA,1984,3.24,3.32,1.08,0.022,0.939,22,4,96.5,0.91,ACTIVE_MORTGAGE,0,APPROVED,0
KAG-LR-104897,SALE_DEED,2016,4.33,5.07,17.17,0.436,0.55,-108,1,72.5,0.31,NIL,0,PENDING,1
KAG-LR-104898,POWER_OF_ATTORNEY,2016,4.94,4.71,0.49,0.019,0.967,28,1,90.7,0.98,NIL,0,APPROVED,0
KAG-LR-104899,GIFT_DEED,1982,2.9,2.73,0.51,0.004,0.964,16,3,98.2,1.11,NIL,0,APPROVED,0
KAG-LR-104900,SALE_DEED,2005,4.32,4.03,6.73,0.414,0.559,1387,3,58.2,0.36,ACTIVE_MORTGAGE,1,PENDING,1
KAG-LR-104901,PATTA,1997,1.66,1.73,0.79,0.008,0.981,11,1,91.2,1.08,NIL,0,APPROVED,0
KAG-LR-104902,POWER_OF_ATTORNEY,2023,1.28,1.3,4.17,0.01,0.952,27,2,85.2,1.03,ACTIVE_MORTGAGE,0,APPROVED,0
KAG-LR-104903,SETTLEMENT,2001,6.16,5.89,1.32,0.018,0.977,27,3,93.9,1.02,NIL,1,APPROVED,0
KAG-LR-104904,PATTA,1969,3.12,2.98,4.88,0.017,0.96,40,2,89.4,0.97,NIL,0,APPROVED,0
KAG-LR-104905,POWER_OF_ATTORNEY,1968,3.49,3.31,2.6,0.015,0.986,13,1,99.5,0.91,NIL,0,APPROVED,0
KAG-LR-104906,GIFT_DEED,1984,10.48,10.27,2.23,0.011,0.966,40,3,93.0,1.04,NIL,0,APPROVED,0
KAG-LR-104907,SALE_DEED,1979,5.91,5.76,1.79,0.001,0.969,31,2,90.7,1.01,NIL,0,APPROVED,0
KAG-LR-104908,SALE_DEED,1971,5.81,5.8,3.55,0.0,0.911,44,1,90.0,0.98,NIL,0,APPROVED,0
KAG-LR-104909,PATTA,1981,7.63,8.06,1.74,0.001,0.988,21,1,86.8,1.06,DISPUTED,0,PENDING,0
KAG-LR-104910,PATTA,1977,1.34,1.33,5.01,0.023,0.986,23,3,95.1,0.99,NIL,0,APPROVED,0
KAG-LR-104911,PATTA,1996,0.38,0.38,3.37,0.003,0.956,19,1,98.9,0.87,NIL,0,APPROVED,0
KAG-LR-104912,PATTA,1966,2.45,1.81,26.05,0.24,0.642,-526,1,79.0,0.69,ACTIVE_MORTGAGE,0,REJECTED,1
KAG-LR-104913,PATTA,1968,2.3,2.22,2.18,0.0,0.974,68,1,93.0,0.99,NIL,0,APPROVED,0
KAG-LR-104914,SALE_DEED,2003,3.37,3.31,2.06,0.002,0.987,47,1,97.2,1.0,NIL,0,APPROVED,0
KAG-LR-104915,PATTA,1971,0.76,0.77,6.5,0.0,0.98,54,2,91.5,1.07,NIL,0,APPROVED,0
KAG-LR-104916,POWER_OF_ATTORNEY,1986,1.98,1.91,3.87,0.006,0.924,35,3,93.4,0.86,NIL,0,APPROVED,0
KAG-LR-104917,SALE_DEED,1968,0.99,1.0,2.79,0.012,0.971,26,2,89.4,1.06,NIL,1,APPROVED,0
KAG-LR-104918,SALE_DEED,1997,2.7,2.74,1.37,0.007,0.987,35,2,90.9,0.99,NIL,0,APPROVED,0
KAG-LR-104919,PATTA,1985,4.97,5.16,3.92,0.014,0.976,48,1,93.6,1.04,NIL,0,APPROVED,0
KAG-LR-104920,PATTA,2022,10.68,11.23,5.9,0.023,0.932,41,1,90.7,0.97,NIL,0,APPROVED,0
KAG-LR-104921,SALE_DEED,2025,1.19,1.22,6.5,0.0,0.969,31,3,90.5,1.0,NIL,0,APPROVED,0
KAG-LR-104922,SALE_DEED,2006,2.59,2.63,1.96,0.002,0.994,12,4,94.7,1.0,NIL,0,APPROVED,0
KAG-LR-104923,POWER_OF_ATTORNEY,2016,0.91,0.92,2.96,0.016,0.928,53,1,94.6,0.96,NIL,0,APPROVED,0
KAG-LR-104924,SALE_DEED,1970,0.73,0.76,1.98,0.004,0.976,57,2,91.3,0.87,NIL,0,APPROVED,0
KAG-LR-104925,PATTA,1986,0.82,0.83,5.42,0.001,0.976,21,1,93.7,0.97,NIL,0,APPROVED,0
KAG-LR-104926,PATTA,1987,4.38,4.45,1.38,0.016,0.953,20,2,92.9,1.05,NIL,0,PENDING,0
KAG-LR-104927,POWER_OF_ATTORNEY,1996,2.78,2.88,2.52,0.0,0.917,44,1,89.4,0.93,NIL,0,APPROVED,0
KAG-LR-104928,PATTA,1985,1.89,1.95,0.52,0.018,0.945,9,1,99.5,0.98,NIL,0,APPROVED,0
KAG-LR-104929,PATTA,1989,1.81,1.71,1.95,0.028,0.972,65,3,91.2,1.09,NIL,0,APPROVED,0
KAG-LR-104930,PATTA,1966,3.78,3.84,1.97,0.01,0.961,47,1,95.4,1.0,NIL,0,APPROVED,0
KAG-LR-104931,PATTA,2000,10.87,10.88,2.01,0.006,0.961,19,5,96.4,1.06,NIL,0,APPROVED,0
KAG-LR-104932,POWER_OF_ATTORNEY,2020,3.73,3.92,6.02,0.012,0.974,26,5,93.4,1.0,NIL,0,PENDING,0
KAG-LR-104933,SALE_DEED,1988,3.9,4.21,8.0,0.17,0.569,171,1,68.9,0.6,ACTIVE_MORTGAGE,0,PENDING,1
KAG-LR-104934,PATTA,1969,0.52,0.55,6.07,0.304,0.601,1574,5,50.9,0.4,COURT_STAY,0,REJECTED,1
KAG-LR-104935,PATTA,1969,2.17,2.13,1.49,0.004,0.958,31,2,93.7,1.05,NIL,0,APPROVED,0
KAG-LR-104936,PATTA,1991,4.97,5.27,2.4,0.019,0.915,17,2,96.4,1.01,NIL,0,APPROVED,0
KAG-LR-104937,POWER_OF_ATTORNEY,1966,8.4,8.04,0.82,0.045,0.993,46,3,91.8,0.98,NIL,0,APPROVED,0
KAG-LR-104938,GIFT_DEED,1968,3.61,3.58,4.76,0.005,0.942,49,2,93.4,1.05,NIL,0,APPROVED,0
KAG-LR-104939,SALE_DEED,2018,4.98,4.78,1.41,0.003,0.992,59,1,90.6,0.9,NIL,0,PENDING,0
KAG-LR-104940,PATTA,2022,3.37,3.47,2.23,0.001,0.996,25,5,94.6,0.91,NIL,0,APPROVED,0
KAG-LR-104941,SALE_DEED,2021,4.44,4.41,2.04,0.004,0.954,54,3,89.2,1.02,NIL,0,APPROVED,0
KAG-LR-104942,SETTLEMENT,1997,3.72,3.59,3.74,0.001,1.0,12,1,88.2,0.98,NIL,0,APPROVED,0
KAG-LR-104943,SALE_DEED,2016,0.5,0.52,1.13,0.01,0.97,21,2,92.9,0.99,NIL,0,APPROVED,0
KAG-LR-104944,PATTA,1966,1.02,1.07,2.19,0.03,0.942,26,4,85.3,1.04,NIL,1,APPROVED,0
KAG-LR-104945,SALE_DEED,2004,0.62,0.6,4.14,0.002,0.989,10,1,90.1,0.95,NIL,0,APPROVED,0
KAG-LR-104946,SALE_DEED,1985,0.89,0.78,12.3,0.395,0.674,2469,1,67.5,0.4,ACTIVE_MORTGAGE,1,APPROVED,1
KAG-LR-104947,SALE_DEED,1979,2.25,2.22,2.44,0.007,0.998,32,1,98.4,0.94,NIL,0,APPROVED,0
KAG-LR-104948,POWER_OF_ATTORNEY,2014,2.18,2.29,4.95,0.001,0.989,47,4,89.0,1.02,ACTIVE_MORTGAGE,0,APPROVED,0
KAG-LR-104949,SETTLEMENT,1979,2.29,2.19,2.98,0.013,0.976,32,1,92.1,1.01,NIL,0,APPROVED,0
KAG-LR-104950,POWER_OF_ATTORNEY,2009,3.22,3.14,3.18,0.015,0.992,38,2,99.5,1.11,ACTIVE_MORTGAGE,0,PENDING,0
KAG-LR-104951,PATTA,2016,7.21,7.46,2.03,0.044,0.93,52,2,93.2,0.88,NIL,0,APPROVED,0
KAG-LR-104952,PATTA,1986,3.93,4.15,1.28,0.003,0.99,49,5,96.2,0.92,NIL,0,APPROVED,0
KAG-LR-104953,PATTA,1966,0.75,0.72,1.7,0.003,0.965,25,1,99.5,0.98,NIL,0,APPROVED,0
KAG-LR-104954,SALE_DEED,1988,2.67,2.53,1.78,0.009,0.935,13,1,87.9,1.02,NIL,0,APPROVED,0
KAG-LR-104955,PATTA,2025,0.64,0.65,2.22,0.019,0.928,37,3,89.4,0.97,NIL,1,APPROVED,0
KAG-LR-104956,PATTA,1995,11.33,11.25,1.5,0.005,0.969,14,1,93.6,1.04,NIL,0,APPROVED,0
KAG-LR-104957,SALE_DEED,2016,1.8,1.8,2.69,0.004,0.913,32,1,97.7,0.89,NIL,0,APPROVED,0
KAG-LR-104958,POWER_OF_ATTORNEY,1982,2.96,2.98,3.3,0.002,0.996,23,1,99.4,0.97,NIL,1,APPROVED,0
KAG-LR-104959,PATTA,2009,2.49,2.53,2.16,0.001,0.978,33,1,93.1,1.05,NIL,0,APPROVED,0
KAG-LR-104960,PATTA,1980,1.69,1.6,1.01,0.003,0.956,45,4,94.7,0.95,NIL,0,APPROVED,0
KAG-LR-104961,POWER_OF_ATTORNEY,2017,2.33,2.19,1.56,0.02,0.922,18,1,94.1,1.1,NIL,0,APPROVED,0
KAG-LR-104962,PATTA,1977,0.39,0.41,2.3,0.008,0.985,36,3,96.0,1.04,NIL,0,APPROVED,0
KAG-LR-104963,SETTLEMENT,1979,1.8,1.72,0.71,0.008,0.947,66,1,93.6,1.02,NIL,0,APPROVED,0
KAG-LR-104964,PATTA,2000,1.43,1.36,1.63,0.014,0.966,63,2,97.5,0.98,NIL,0,APPROVED,0
KAG-LR-104965,SETTLEMENT,1996,2.33,2.87,23.03,0.468,0.637,575,3,43.5,0.72,ACTIVE_MORTGAGE,0,REJECTED,1
KAG-LR-104966,PATTA,2000,6.79,6.93,0.94,0.01,0.937,58,2,99.5,0.94,NIL,0,APPROVED,0
KAG-LR-104967,PATTA,2019,4.13,5.15,24.67,0.308,0.597,2191,2,64.1,0.58,COURT_STAY,0,APPROVED,1
KAG-LR-104968,SETTLEMENT,2019,2.63,3.27,24.32,0.202,0.62,520,4,88.1,0.43,NIL,0,APPROVED,1
KAG-LR-104969,POWER_OF_ATTORNEY,1994,0.38,0.44,17.07,0.546,0.742,259,1,97.0,0.48,DISPUTED,1,REJECTED,1
KAG-LR-104970,PATTA,1980,2.44,2.5,3.95,0.003,0.978,27,1,90.5,0.88,NIL,0,APPROVED,0
KAG-LR-104971,SALE_DEED,1966,0.73,0.74,0.97,0.003,0.893,26,1,97.5,0.99,NIL,0,APPROVED,0
KAG-LR-104972,SALE_DEED,1987,0.54,0.51,5.92,0.001,0.959,10,3,89.8,0.95,NIL,0,APPROVED,0
KAG-LR-104973,SALE_DEED,1978,1.04,0.62,40.76,0.6,0.673,-214,4,73.1,0.49,ACTIVE_MORTGAGE,0,APPROVED,1
KAG-LR-104974,PATTA,2017,6.35,6.21,2.6,0.011,0.949,24,4,91.4,1.11,NIL,0,APPROVED,0
KAG-LR-104975,SALE_DEED,2022,1.57,1.54,5.05,0.005,0.935,23,3,95.1,1.0,NIL,0,APPROVED,0
KAG-LR-104976,PATTA,1975,1.2,1.18,2.17,0.002,0.924,66,2,92.6,1.1,ACTIVE_MORTGAGE,0,PENDING,0
KAG-LR-104977,PATTA,1970,5.61,4.19,25.38,0.34,0.692,1381,1,56.2,0.36,COURT_STAY,1,PENDING,1
KAG-LR-104978,POWER_OF_ATTORNEY,1987,5.9,5.63,3.34,0.007,0.953,10,1,99.5,1.0,NIL,0,APPROVED,0
KAG-LR-104979,POWER_OF_ATTORNEY,1997,0.44,0.53,21.45,0.214,0.636,1360,1,65.4,0.42,ACTIVE_MORTGAGE,0,APPROVED,1
KAG-LR-104980,SETTLEMENT,2019,7.36,6.27,14.81,0.196,0.434,-297,4,57.6,0.52,DISPUTED,1,PENDING,1
KAG-LR-104981,POWER_OF_ATTORNEY,2016,0.47,0.28,40.04,0.393,0.648,1559,4,82.9,0.71,NIL,1,PENDING,1
KAG-LR-104982,PATTA,2007,4.43,4.14,6.45,0.617,0.403,2001,1,41.8,0.67,COURT_STAY,1,REJECTED,1
KAG-LR-104983,POWER_OF_ATTORNEY,1978,0.6,0.63,1.08,0.002,0.973,14,4,83.7,1.07,NIL,0,APPROVED,0
KAG-LR-104984,PATTA,1968,0.39,0.39,2.27,0.003,0.984,25,2,95.4,1.0,NIL,0,APPROVED,0
KAG-LR-104985,PATTA,1992,2.15,2.19,0.9,0.007,0.928,48,2,83.7,1.02,DISPUTED,0,APPROVED,0
KAG-LR-104986,PATTA,1970,3.35,3.21,3.92,0.003,0.97,39,3,93.9,0.99,NIL,1,APPROVED,0
KAG-LR-104987,PATTA,1983,3.76,3.94,1.94,0.041,0.964,59,4,89.4,0.93,NIL,0,APPROVED,0
KAG-LR-104988,SETTLEMENT,1986,1.13,1.07,5.11,0.427,0.602,-210,2,65.8,0.3,NIL,1,PENDING,1
KAG-LR-104989,PATTA,2015,1.32,1.4,1.57,0.0,0.961,45,3,93.1,1.02,NIL,0,APPROVED,0
KAG-LR-104990,PATTA,2019,0.95,0.97,3.65,0.005,0.946,87,1,88.3,0.98,NIL,0,APPROVED,0
KAG-LR-104991,PATTA,1977,4.65,4.51,0.46,0.004,0.987,21,1,87.6,0.9,NIL,0,APPROVED,0
KAG-LR-104992,SALE_DEED,2004,2.74,2.87,1.01,0.001,0.93,42,1,89.2,0.88,NIL,0,APPROVED,0
KAG-LR-104993,SALE_DEED,1996,2.96,2.94,0.46,0.008,0.968,18,4,99.4,0.93,NIL,0,APPROVED,0
KAG-LR-104994,PATTA,2000,2.17,2.05,5.57,0.502,0.603,799,1,72.3,0.31,DISPUTED,1,PENDING,1
KAG-LR-104995,PATTA,1975,1.09,1.07,0.88,0.006,0.928,43,2,97.8,1.05,NIL,0,APPROVED,0
KAG-LR-104996,SALE_DEED,2017,1.3,1.24,0.51,0.005,0.977,52,3,95.4,0.97,NIL,0,APPROVED,0
KAG-LR-104997,SALE_DEED,2010,4.35,4.13,6.5,0.008,0.925,10,3,92.0,1.04,NIL,0,APPROVED,0
KAG-LR-104998,SALE_DEED,1983,0.66,0.63,1.7,0.016,0.992,41,1,94.9,0.88,NIL,0,APPROVED,0
KAG-LR-104999,SALE_DEED,2013,1.76,1.83,6.5,0.004,0.989,28,3,93.5,1.04,NIL,0,APPROVED,0
